map,id,register_no,name,date_iso,date_display,date_confidence,lat,lng,coord_precision,type,layer,summary,result,native_groups,sources,notes
bay-coastal-defense,presidio-sf-spanish,,El Presidio Real de San Francisco,1776,founded 1776,year,37.79861,-122.45722,area,presidio,spanish,"Founded 17 Sep 1776 by José Joaquín Moraga. A 1792 inventory found just one 3-pounder brass cannon; guns were concentrated at the Castillo, not the quadrangle.",Preserved — NPS/Presidio Trust Main Post,,"Bancroft, History of California, vol. I; NPS Golden Gate NRA",Vancouver (1792) saw a brass 3-pdr lashed to a log at Fort Point and one on a rotten carriage here.
bay-coastal-defense,cantil-blanco-earthwork,,"Provisional earthwork, Punta del Cantil Blanco",1793,1793,year,37.81056,-122.47722,area,battery,spanish,"Six mounted guns on a barbette platform Vancouver saw natives erecting in 1793, on Anza's 1776 cross site — superseded that August by the permanent Castillo.",Superseded; nothing survives,,"Bancroft, History of California, vol. I",
bay-coastal-defense,castillo-san-joaquin,,Castillo de San Joaquín,1794,dedicated 8 Dec 1794,exact,37.81056,-122.47722,place,castillo,spanish,"The flagship Spanish work, on the Fort Point bluff. Armed 1794 with eleven brass 9-pounders landed from the Aránzazu; rebuilt to a horseshoe c.1815; embrasures for 16 guns. Built by mission Native laborers. ⭐ The SF presidio company's monthly artillery relaciones give the post-rebuild armament: by 1 Apr 1816 the battery mounted 3 iron 24-pdrs, 1 iron 12-pdr (+1 burst), and 8 bronze half-culverins (8-pdr), with 2 bronze pedreros at the presidio; three iron 8-pdrs were added by May 1817 (a dozen+ serviceable guns at its Spanish-era peak). A standing 2-man 'vigía en la costa' coastal watch appears by Jan 1820 (post-Bouchard); the fort guard was 1 corporal + 4 soldiers. ⭐ The 1 Feb 1820 estado records a major post-Bouchard reconfiguration: a new iron 32-pounder, the bronze half-culverins cut from 8 to 6, three iron 4-pounders redistributed to Mission Santa Clara, and a second (new) royal flag. Into the Mexican era, the 7 Jan 1837 San Francisco artillery-park inventory (Comandante General M. G. Vallejo handing the parque to Capt. Francisco Sánchez) lists iron cannon of 24/12/8/4-lb and bronze of 10/8/2½-lb with garrison gun-carriages; by 1839 the SF, Sonoma, Monterey and Santa Bárbara detachments each held only small ordnance stocks and chronically short cartridges.",Demolished 1853 — cliff cut down for Fort Point,,"Bancroft, History of California, vol. I; Thompson, Seacoast Fortifications SF Harbor (HRS 1979) | Vallejo Documentos, BANC MSS C-B 15 (SF presidio artillery relación, 1 Apr 1816); C-B 16 (monthly relaciones 1817; estado 1 Feb 1820, the 32-pdr reconfiguration); C-B 24 (SF artillery-park inventory, 7 Jan 1837, Vallejo→Sánchez); C-B 25 (1839 presidio detachment ordnance states)","Six 17th-c. Peruvian bronze cannon survive on the Presidio. Bancroft V: Frémont spiked four guns, 1 July 1846 (not five, per some sources)."
bay-coastal-defense,bateria-san-jose,,Batería de San José / de Yerba Buena,1797,Apr–Jun 1797,range,37.80778,-122.42972,area,battery,spanish,"Built under Gov. Borica on Point San José (Black Point) to cover the Yerba Buena anchorage — brushwood fascines, eight embrasures, five bronze 8-pounders sent over from the Castillo. No permanent garrison.",Gone; site became Fort Mason,,"Bancroft, History of California, vol. I (Prov. St. Pap. xvi.55, xvii.148–9)",Second-oldest Spanish battery on the bay; derelict by 1806.
bay-coastal-defense,castillo-mexican,,Castillo de San Joaquín (Mexican era),1822,1822–1846,range,37.81056,-122.47722,place,castillo,mexican,Inherited and left to decay by Mexico. An 1843 sketch shows a horseshoe adobe of 16 embrasures with only three obsolete guns and two good bronze pieces; by 1835 essentially one artilleryman.,Deserted; taken by Frémont 1846,,"Bancroft, History of California, vol. V",
bay-coastal-defense,presidio-mexican,,Presidio of San Francisco (Mexican era),1822,1822–1846,range,37.79861,-122.45722,area,presidio,mexican,"Garrison shrank to 15–20 men (1824–25) and was largely relocated to El Cuartel de Sonoma (1835, Vallejo); by the 1840s the presidio was 'entirely dismantled.'",Preserved as the Main Post,,"Bancroft, History of California; NPS",
bay-coastal-defense,bateria-mexican,,Batería de Yerba Buena (Mexican era),1822,1822–1846,range,37.80778,-122.42972,area,battery,mexican,Already ruinous 'Black Point' under Mexico; no documented refurbishment.,Ruined; site became Fort Mason,,"Bancroft, History of California, vol. I",
bay-coastal-defense,fort-point,,Fort Point (Fort Winfield Scott),1853,1853–1861,range,37.81056,-122.47722,exact,fort,thirdsystem,"Brick-and-granite casemated fort, four tiers, designed for 126 guns — the only Third System fort west of the Mississippi. Held 40 ten-inch Rodmans in its casemates by 1867.",Preserved — Fort Point National Historic Site (NPS),,"NPS Fort Point NHS; Martini, Fort Point (2016); Thompson HRS 1979",Never fired a shot in anger; the Golden Gate Bridge arch was redesigned to span it.
bay-coastal-defense,fort-alcatraz,,Fort Alcatraz,1853,1853–1859,range,37.8267,-122.4222,exact,fort,thirdsystem,"Barbette fortress with a three-story citadel — by 1863 eight batteries (South, North, West, Three-Gun, and officer-named emplacements Halleck, Rosecrans, Mansfield, Tower, McPherson, Prime) ringing the island with ~100 guns.",GGNRA/NPS — works buried under the later prison,,"Martini, Fortress Alcatraz (1991); Thompson HRS 1979",The most heavily armed post in the harbor; became a military prison from 1907.
bay-coastal-defense,black-point-battery,,Black Point Battery (Point San José / Fort Mason),1864,1864,year,37.80783,-122.4281,place,battery,thirdsystem,"Civil War emergency battery on the old Spanish site: West Battery six 10-inch Rodmans, East Battery six 42-pounder banded rifles.",West Battery restored 1982 (NPS),,NPS Golden Gate NRA; Calif. State Military Museum,Built amid fear of Confederate raiders (CSS Shenandoah).
bay-coastal-defense,angel-pt-stuart-cw,,"Point Stuart Battery (Angel Island, Civil War)",1863,1863–1864,range,37.86107,-122.4462,area,battery,thirdsystem,Earthwork: one 10-inch Columbiad and three 32-pounders.,Demolished — no trace,,Calif. State Military Museum (militarymuseum.org),
bay-coastal-defense,angel-pt-knox-cw,,"Point Knox Battery (Angel Island, Civil War)",1863,1863–1864,range,37.8565,-122.4416,area,battery,thirdsystem,"Earthwork: seven 32-pounders, one 8-inch and two 10-inch Rodmans. Site later reused by Endicott Battery Ledyard.",Demolished — no trace,,Calif. State Military Museum (militarymuseum.org),
bay-coastal-defense,angel-pt-blunt-cw,,"Point Blunt Battery (Angel Island, Civil War)",1863,1863–1865,range,37.85323,-122.41924,area,battery,thirdsystem,Earthwork of about seven smoothbores; abandoned 1866. Site later the Nike SF-91 launch area.,Demolished — no trace,,Calif. State Military Museum (militarymuseum.org),⚠ Exact calibers unverified — HRS pp. 57–59 to firm.
bay-coastal-defense,angel-water-battery-cw,,"Water Battery (Angel Island, Civil War)",1864,1864,year,37.8605,-122.446,conjectural,battery,thirdsystem,Planned shoreline battery near Camp Reynolds — never completed.,Never finished,,Calif. State Military Museum (militarymuseum.org),
bay-coastal-defense,lime-point-ridge,,Ridge Battery (Lime Point),1870,1870 (armed 1893),year,37.8281,-122.4817,place,battery,thirdsystem,Four 15-inch Rodman smoothbores on the Lime Point ridge. Battery Spencer was later built into it.,Emplacements extant (GGNRA),,FortWiki; NPS Lime Point,
bay-coastal-defense,lime-point-cliff,,Cliff Battery (Lime Point),1870,1870,year,37.826,-122.48,conjectural,battery,thirdsystem,Two smoothbores planned; never armed; demolished 1898 to build Battery Spencer.,Demolished,,Calif. State Military Museum; NPS,
bay-coastal-defense,gravelly-beach-1870,,Gravelly Beach Battery (1870s),1870,1870–1876,range,37.826,-122.483,conjectural,battery,thirdsystem,Water battery west of Lime Point; one 15-inch Rodman on a wooden platform — the only gun ever mounted in the 1870s Lime Point complex.,One magazine remains,,Calif. State Military Museum; NPS,
bay-coastal-defense,battery-cavallo,,Battery Cavallo,1872,1872–1876,range,37.835332,-122.473076,place,battery,thirdsystem,"Point Cavallo earthwork; planned as a 13-gun water battery (including giant 20-inch Rodmans, never emplaced); as armed c.1900, three 8-inch converted-Rodman rifles.",Earthwork remnants (GGNRA),,FortWiki; Calif. State Military Museum,
bay-coastal-defense,battery-east-presidio,,Battery East (Presidio),1870,1870–1873,range,37.808,-122.474,area,battery,thirdsystem,"Post-Civil War Rodman line: twelve 15-inch Rodman guns, built because rifled artillery had made masonry Fort Point obsolete.",Earthworks and brick magazines extant (NPS),,NPS Presidio; Thompson HRS 1979,
bay-coastal-defense,battery-west-presidio,,Battery West (Presidio),1870,1870–1873,range,37.8075,-122.4755,conjectural,battery,thirdsystem,Twelve 15-inch Rodman guns on the Presidio bluff. Its earthwork was later cut down to build Endicott Batteries Marcus Miller and Cranston.,Earthen wall and a magazine survive (NPS),,NPS Presidio; Thompson HRS 1979,
bay-coastal-defense,lime-point-casemate-unbuilt,,"Lime Point casemate fort (endorsed, never built)",1860,1860s (planned),circa,37.8256,-122.4787,conjectural,unbuilt,thirdsystem,"The intended Marin-shore twin to Fort Point, for a crossfire across the Gate. Cliffs were blasted for a sea-level shelf in 1868–69, then abandoned when masonry was judged obsolete.",Never constructed,,NPS Lime Point; Calif. State Military Museum,
bay-coastal-defense,battery-spencer,,Battery Spencer,1893,1893–1897,range,37.827894,-122.481913,place,battery,endicott,"Three 12-inch M1888 guns on barbette carriages, on the Lime Point ridge above the Gate — one of the most famous surviving Endicott batteries.",Extant (GGNRA) — iconic Gate viewpoint,,FortWiki; Thompson HRS 1979,
bay-coastal-defense,battery-duncan,,Battery Duncan,1898,1898–1899,range,37.837204,-122.474492,place,battery,endicott,"Two 8-inch M1888 guns on barbette carriages, Fort Baker; guns pulled in the 1917 WWI drawdown.",Extant concrete (GGNRA),,FortWiki,
bay-coastal-defense,battery-kirby,,Battery Kirby,1899,1899–1900,range,37.827316,-122.490256,place,battery,endicott,"Two 12-inch M1895 guns on disappearing carriages, above Kirby Cove, Fort Baker.","Extant (GGNRA), near Kirby Cove campground",,FortWiki,
bay-coastal-defense,battery-wagner-baker,,Battery Orlando Wagner (Fort Baker),1899,1899–1901,range,37.827408,-122.485968,place,battery,endicott,"Two 5-inch M1897 rapid-fire guns on balanced-pillar carriages, Fort Baker; disarmed 1917.",Extant concrete (GGNRA),,FortWiki,Distinct from Fort Scott's Battery Arthur Wagner (a 12-inch mortar battery).
bay-coastal-defense,battery-yates,,Battery Yates,1903,1903 (guns 1905),year,37.833623,-122.47317,place,battery,endicott,"Six 3-inch M1902 rapid-fire guns guarding the minefield, Fort Baker; several guns later moved to WWII beach positions.",Extant concrete (GGNRA),,FortWiki,
bay-coastal-defense,battery-mendell,,Battery Mendell,1901,1901–1905,range,37.82202,-122.531395,place,battery,endicott,"Two 12-inch M1895 guns on disappearing carriages, Fort Barry, in the Point Bonita area.",Extant concrete (GGNRA),,FortWiki,
bay-coastal-defense,battery-alexander,,Battery Alexander,1901,1901–1903,range,37.825997,-122.529533,place,mortar-battery,endicott,"Eight 12-inch mortars (four per pit), Fort Barry; reduced to four in 1918.",Large mortar battery extant (GGNRA),,FortWiki,
bay-coastal-defense,battery-guthrie,,Battery Guthrie,1903,1903–1905,range,37.827311,-122.532127,place,battery,endicott,"Four 6-inch M1900 guns protecting the minefields, Fort Barry; left half redesignated Battery Smith in 1922.",Extant concrete (GGNRA),,FortWiki,
bay-coastal-defense,battery-smith,,Battery Smith,1922,"1905 guns, split 1922",year,37.82697,-122.53182,area,battery,endicott,"Two 6-inch M1900 guns — the left half of Battery Guthrie, together the 'Smith-Guthrie' battery.",Extant (part of Guthrie),,FortWiki,
bay-coastal-defense,battery-rathbone,,Battery Rathbone,1904,1904–1905,range,37.82666,-122.51833,place,battery,endicott,"Four 6-inch M1900 guns, Fort Barry; east half redesignated Battery McIndoe in 1922.",Extant concrete (GGNRA),,FortWiki; Thompson HRS 1979,"Rathbone-McIndoe sits east on the Conzelman Road ridge (verified FortWiki), distinct from Guthrie-Smith to the west."
bay-coastal-defense,battery-mcindoe,,Battery McIndoe,1922,"1905 guns, split 1922",year,37.82676,-122.51782,place,battery,endicott,"Two 6-inch M1900 guns — the east half of Battery Rathbone, together the 'Rathbone-McIndoe' battery.",Extant (part of Rathbone),,FortWiki,
bay-coastal-defense,battery-ororke,,Battery O'Rorke,1903,1903–1905,range,37.828202,-122.532461,place,battery,endicott,"Four 3-inch M1903 rapid-fire guns for the main channel and northern minefields, Fort Barry.",Extant concrete (GGNRA),,FortWiki,
bay-coastal-defense,battery-godfrey,,Battery Godfrey,1892,1892–1896,range,37.803611,-122.477222,place,battery,endicott,Three 12-inch M1888 guns on barbette carriages — the first Endicott battery completed in the San Francisco defenses.,Extant concrete (GGNRA),,FortWiki; Thompson HRS 1979,
bay-coastal-defense,battery-saffold,,Battery Saffold,1897,1897,year,37.799756,-122.477498,place,battery,endicott,"Two 12-inch guns on barbette carriages, Fort Scott — built so it could fire seaward and into the bay itself.",Extant concrete (U.S. Army),,FortWiki; Thompson HRS 1979 p. 426,
bay-coastal-defense,battery-lancaster,,Battery Lancaster,1896,1896–1900,range,37.808072,-122.476163,place,battery,endicott,"Three 12-inch guns on disappearing carriages, Fort Scott; impaired by construction of the Golden Gate Bridge.",Partly destroyed; emplacement 1 in the toll-plaza walkway,,FortWiki,
bay-coastal-defense,battery-cranston,,Battery Cranston,1897,1897–1898,range,37.807171,-122.476635,place,battery,endicott,"Two 10-inch guns on disappearing carriages, practically identical to adjacent Battery Marcus Miller (whose emplacements were built first).",Extant — GG Bridge District workshops (not public),,FortWiki; Thompson HRS 1979 p. 427,
bay-coastal-defense,battery-marcus-miller,,Battery Marcus Miller,1891,begun 1891,year,37.805833,-122.476667,place,battery,endicott,"Three 10-inch guns on disappearing carriages, built over the demolished Fort Point West Battery — NPS calls it the first Endicott battery begun in the SF defenses.",Extant concrete (GGNRA),,FortWiki; NPS Presidio,
bay-coastal-defense,battery-crosby,,Battery Crosby,1899,1899–1900,range,37.798412,-122.48032,place,battery,endicott,"Two 6-inch M1897 guns on disappearing carriages, on the bluff above Baker Beach, to protect the Golden Gate minefields.",Extant concrete (GGNRA),,FortWiki; NPS,
bay-coastal-defense,battery-howe-scott,,Battery Howe (Fort Scott),1893,1893–1895,range,37.802222,-122.471944,place,mortar-battery,endicott,"Eight 12-inch mortars — the eastern half of a 16-mortar work, its western pits being Battery Arthur Wagner ('Battery Howe-Wagner').",Partly buried (pit A visible),,FortWiki,Distinct from Fort Funston's Battery Howe.
bay-coastal-defense,battery-wagner-scott,,Battery Arthur Wagner (Fort Scott),1893,1893–1895,range,37.802222,-122.471944,area,mortar-battery,endicott,"Eight 12-inch mortars — the western half of the Howe-Wagner mortar work, Fort Scott.",Buried (GGNRA),,FortWiki,
bay-coastal-defense,battery-stotsenburg,,Battery Stotsenburg,1897,1897–1900,range,37.795292,-122.473789,place,mortar-battery,endicott,"Eight 12-inch mortars — originally one 16-mortar battery with McKinnon, divided in two.",Extant concrete (GGNRA),,FortWiki; Thompson HRS 1979 p. 427,
bay-coastal-defense,battery-mckinnon,,Battery William McKinnon,1898,1898 (renamed 1906),year,37.795012,-122.474953,place,mortar-battery,endicott,Eight 12-inch mortars — the other half of the 'McKinnon-Stotsenburg' work.,Extant concrete (GGNRA),,FortWiki; Thompson HRS 1979,
bay-coastal-defense,battery-boutelle,,Battery Boutelle,1898,1898–1901,range,37.804444,-122.476944,place,battery,endicott,"Three 5-inch M1897 guns on balanced-pillar carriages, Fort Scott; disarmed 1917.",Extant concrete (GGNRA),,FortWiki,
bay-coastal-defense,battery-sherwood,,Battery Sherwood,1900,1900,year,37.802222,-122.464167,place,battery,endicott,"Two 5-inch M1900 guns on pedestal mounts in the national-cemetery area, Fort Scott — the only battery of its type in the SF Endicott defenses.",Extant concrete (GGNRA),,FortWiki; Thompson HRS 1979 p. 427,
bay-coastal-defense,battery-slaughter,,Battery Slaughter,1899,1899–1900,range,37.801944,-122.463056,area,battery,endicott,"Three 8-inch M1888 guns on disappearing carriages, Fort Scott; disarmed 1917.",Mostly buried under Highway 101,,FortWiki,
bay-coastal-defense,battery-baldwin,,Battery Baldwin,1901,1901–1903,range,37.802435,-122.465166,place,battery,endicott,"Two 3-inch (15-pounder) M1898 guns on masking-parapet carriages, Fort Scott.","Buried (top exposed), GGNRA",,FortWiki; Thompson HRS 1979,The often-cited 'Battery Baker' of the Endicott era does not exist — likely a conflation with Baldwin.
bay-coastal-defense,battery-blaney,,Battery Blaney,1901,1901–1903,range,37.802016,-122.461755,place,battery,endicott,"Four 3-inch M1898 guns on masking-parapet carriages, Fort Scott; dismounted 1920.",Extant (GGNRA),,FortWiki; Thompson HRS 1979 p. 428,
bay-coastal-defense,battery-dynamite,,Dynamite Battery,1889,1889–1904,range,37.8045,-122.4775,conjectural,battery,endicott,"Three 15-inch pneumatic dynamite guns — unique on the Pacific Coast (only one other in the U.S., at Sandy Hook). Reused in WWII as the Harbor Defense Command Post.","Structure intact (U.S. Army, storage)",,Calif. State Military Museum; Thompson HRS 1979 p. 426,
bay-coastal-defense,battery-chamberlin,,Battery Chamberlin,1903,1903–1948,range,37.794017,-122.482608,place,battery,endicott,"Six-inch guns on disappearing carriages at Baker Beach — the last coast battery deactivated at Fort Scott, with the only operating disappearing-gun display on the West Coast (Smithsonian gun installed 1977).",Extant (GGNRA) — NPS tours,,FortWiki; NPS Presidio,
bay-coastal-defense,battery-livingston,,Battery Livingston,1899,1899–1902,range,37.783104,-122.501609,place,mortar-battery,endicott,"Eight 12-inch mortars (originally 16, split 1906), Fort Miley.",Extant concrete (GGNRA),,FortWiki,
bay-coastal-defense,battery-springer,,Battery Springer,1906,"1899, split 1906",year,37.783104,-122.501609,area,mortar-battery,endicott,"Eight 12-inch mortars — the other half of the Livingston mortar block, Fort Miley.","Extant concrete (GGNRA, storage)",,FortWiki,
bay-coastal-defense,battery-chester,,Battery Chester,1899,1899–1903,range,37.782443,-122.508861,place,battery,endicott,"Three 12-inch guns (two on disappearing carriages, one barbette), Fort Miley.",Extant concrete (GGNRA),,FortWiki,
bay-coastal-defense,battery-call,,Battery Call,1914,1914–1916,range,37.781862,-122.507043,place,battery,endicott,"Two 5-inch M1900 guns (from Battery Ledyard, Angel Island), Fort Miley.",DEMOLISHED — destroyed by VA Hospital expansion,,FortWiki,
bay-coastal-defense,battery-burnham,,Battery Burnham (Fort Mason),1899,1899–1900,range,37.807445,-122.428,place,battery,endicott,"One 8-inch gun on a disappearing carriage atop Point San José, above the Civil War Batteries East and West; short-lived — field of fire blocked by the city.",Two-story emplacement extant (GGNRA),,FortWiki,
bay-coastal-defense,battery-drew,,Battery Drew (Angel Island),1898,1898–1900,range,37.855212,-122.43443,place,battery,endicott,"One 8-inch gun on a barbette carriage on Martar Hill — Angel Island's first Endicott battery, twin of Battery Duncan.",Extant emplacement (State Park),,FortWiki; Thompson HRS 1979 p. 428,
bay-coastal-defense,battery-ledyard,,Battery Ledyard (Angel Island),1900,1900,year,37.856478,-122.4416,place,battery,endicott,"Two 5-inch M1900 guns on pedestal mounts, on the old Point Knox site; twin of Battery Sherwood. Guns went to Battery Call in 1915.",Extant emplacement (State Park),,FortWiki; Thompson HRS 1979 p. 429,⚠ Disarm date 1915 (FortWiki) vs 1920 (militarymuseum).
bay-coastal-defense,battery-wallace-angel,,Battery Wallace (Angel Island),1899,1899–1900,range,37.85752,-122.440586,place,battery,endicott,"One 8-inch gun on a disappearing carriage — the only disappearing gun on the island; similar to Battery Burnham, Fort Mason.",Extant emplacement (State Park),,FortWiki; Thompson HRS 1979 p. 428,Distinct from the larger Battery Wallace at Fort Barry.
bay-coastal-defense,battery-wallace-barry,,Battery Wallace (Fort Barry),1917,"built 1917–21, casemated WWII",range,37.824608,-122.528262,place,battery,wwii,"Two 12-inch M1895 guns on long-range barbette carriages (360°), casemated in 1942–43 — Fort Barry's heaviest surviving long-range battery.",Massive casemate/tunnel complex extant (GGNRA),,FortWiki; Thompson HRS 1979,
bay-coastal-defense,battery-129,,Battery Construction No. 129 (Fort Barry),1942,1942–1944 (never armed),range,37.82711,-122.50024,place,battery,wwii,"Designed for two 16-inch navy guns on Diablo Ridge, over 800 ft — 'one of the highest seacoast batteries in the world.' Tubes arrived but carriages were never delivered; never armed. Would have been the harbor's third 16-inch battery.",Twin casemates and tunnels extant (GGNRA),,Thompson HRS 1979 p. 445,"On Hawk Hill / Diablo Ridge (~820 ft), Fort Barry — verified via FortWiki (the earlier 'inland error' flag was itself wrong; Hawk Hill really is here). The Nike SF-87 control area later sat on this hill."
bay-coastal-defense,battery-townsley,,Battery Townsley,1938,1938–1948,range,37.836225,-122.544057,place,battery,wwii,"Two 16-inch guns on casemated carriages on Wolf Ridge, Fort Cronkhite — the largest guns ever emplaced at the Golden Gate; first fired 1 July 1940, the first 16-inch round on the U.S. Pacific coast.","Extant casemated battery, partly restored — display 16-inch gun since 2012",,"FortWiki; Thompson HRS 1979; Chin, Artillery at the Golden Gate (1994)",
bay-coastal-defense,aa-battery-1-cronkhite,,Anti-Aircraft Battery No. 1 (Wolf Ridge),1940,1940–1946,range,37.835,-122.543,conjectural,AA-battery,wwii,"Three-inch anti-aircraft guns protecting Battery Townsley, with its own powerhouse and magazine.",Concrete emplacements survive on Wolf Ridge,,Calif. State Military Museum,"⚠ Gun count: militarymuseum 3, FortWiki 2."
bay-coastal-defense,battery-kirby-beach,,Battery Kirby Beach (Gravelly Beach 3-inch),1942,1942–1944,range,37.827055,-122.489662,place,battery,wwii,"Two 3-inch guns (from Battery Yates), Fort Baker shoreline; octagonal gun blocks; guns later moved to Fort Point.",Buried; only the site remains,,FortWiki; Thompson HRS 1979 p. 446,
bay-coastal-defense,battery-gravelly-amtb,,"Battery Gravelly (AMTB, Fort Baker)",1943,1943–1946,range,37.827144,-122.489169,place,AMTB,wwii,"Two 90 mm guns on fixed mounts and two on mobile mounts, Gravelly (Kirby) Beach; circular gun blocks — the permanent north-shore anti-motor-torpedo-boat battery.",Partial concrete pads (GGNRA),,FortWiki; Thompson HRS 1979 p. 446,
bay-coastal-defense,battery-bonita,,"Battery Bonita (AMTB, Fort Barry)",1943,1943–1944,range,37.816,-122.529,area,AMTB,wwii,"Two 37 mm automatic weapons (1943) replaced by two 40 mm (1944), at Point Bonita.",Nothing remains,,Thompson HRS 1979 p. 446,
bay-coastal-defense,cavallo-amtb-wwii,,"Cavallo Battery (AMTB, WWII)",1943,1943–1944,range,37.8353,-122.4731,area,AMTB,wwii,"Two 37 mm (1943) then 40 mm (1944) automatic weapons — one at the tip of Point Cavallo, one on the Fort Baker mine wharf.",No remains,,Thompson HRS 1979 p. 446,
bay-coastal-defense,battery-gate,,Battery Gate (Fort Point),1942,WWII,range,37.81056,-122.47722,area,battery,wwii,Two 3-inch guns (from Battery Yates) mounted on the barbette tier of the old masonry fort.,Platforms interpreted at Fort Point (NPS),,Thompson HRS 1979 p. 447,A distinct battery from Battery Point — together they were the four 3-inch guns on the Fort Point barbette tier.
bay-coastal-defense,battery-point,,Battery Point (Fort Point),1942,WWII,range,37.81056,-122.47722,area,battery,wwii,"Two 3-inch guns (from Battery Yates), first at Gravelly Beach, later moved to the Fort Point barbette tier.",Platforms interpreted at Fort Point (NPS),,Thompson HRS 1979 p. 447,
bay-coastal-defense,battery-baker-amtb,,"Battery Baker (AMTB, Bakers Beach)",1943,1943–1946,range,37.792731,-122.482808,place,AMTB,wwii,"Two 90 mm guns on fixed mounts and two on mobile mounts, in front of the mine casemate at Bakers Beach; guarded the minefield and harbor entrance.",Pads not visible (GGNRA),,FortWiki; Thompson HRS 1979 p. 447,A real WWII battery — the 'no Battery Baker' note applies only to the Endicott era.
bay-coastal-defense,battery-scott-amtb,,Battery Scott (AMTB),1944,WWII,range,37.793,-122.48,area,AMTB,wwii,"Two 40 mm guns — one at Fort Point, one at Bakers Beach; retained in the 1945 planning supplement.",Nothing remains,,Thompson HRS 1979 p. 447,
bay-coastal-defense,battery-lobos,,Battery Lobos (Fort Miley),1942,1942–1945,range,37.782765,-122.512407,place,battery,wwii,"Two 6-inch navy guns on pedestal mounts, emplaced on Point Lobos.",Pad 1 partly exposed below the USS San Francisco Memorial,,FortWiki; Thompson HRS 1979 p. 448,
bay-coastal-defense,battery-243,,Battery Construction No. 243 (Fort Miley),1943,1943 (armed 1948),year,37.782604,-122.508245,place,battery,wwii,Two 6-inch guns on shielded barbette carriages — the last gun battery armed at San Francisco (guns finally mounted in 1948).,"Extant concrete, trail-accessible (GGNRA)",,FortWiki; Thompson HRS 1979 p. 448,
bay-coastal-defense,battery-land-amtb,,"Battery Land (AMTB, Lands End)",1943,1943–1948,range,37.787946,-122.505729,place,AMTB,wwii,"Two 90 mm guns on fixed mounts and two on mobile mounts, at Lands End north of Fort Miley.",Pads visible from above (GGNRA),,FortWiki; Thompson HRS 1979 p. 448,
bay-coastal-defense,battery-buck-amtb,,"Battery Buck (AMTB, Fort Miley)",1943,WWII,range,37.786,-122.507,area,AMTB,wwii,"Two 37 mm automatic weapons, later replaced by 40 mm, in the Fort Miley / Lands End vicinity.",No remains,,Thompson HRS 1979 p. 448,
bay-coastal-defense,battery-davis,,Battery Davis (Fort Funston),1936,1936–1948,range,37.71859,-122.50348,place,battery,wwii,Two 16-inch navy guns in earth-covered concrete casemates — the first casemated 16-inch battery in the United States and the engineering prototype for the whole WWII casemated program. Tubes were originally forged for the cancelled battlecruiser USS Saratoga.,"Extant concrete, largely dune-buried (GGNRA)",,FortWiki; Thompson HRS 1979; Chin (1994),
bay-coastal-defense,battery-howe-funston,,Battery Howe (Fort Funston),1917,1917–1918,range,37.726944,-122.506111,place,mortar-battery,wwii,"Four 12-inch mortars (from Stotsenburg-McKinnon), in an unusual straight-line pit layout.",Destroyed/buried under the Great Highway,,FortWiki; Calif. State Military Museum,Distinct from Fort Scott's Battery Howe.
bay-coastal-defense,battery-bruff,,Battery Bruff (Fort Funston),1917,1917–1918,range,37.714058,-122.50082,place,battery,wwii,"Two 5-inch M1900 guns — the shortest-lived battery in the SF defenses, obsolete about six months after transfer.",Demolished — no remains,,FortWiki,"A separate battery from Battery Bluff, not a spelling variant."
bay-coastal-defense,battery-bluff,,Battery Bluff (Fort Funston),1937,1937–1945,range,37.722337,-122.50605,place,battery,wwii,"Four mobile 155 mm guns on Panama mounts — the only Panama mounts in San Francisco. The original clifftop site eroded, forcing a move south; original mounts remain in the surf.",Panama mounts visible at the cliff base (GGNRA),,FortWiki; Thompson HRS 1979 p. 449,"'Bluff' is a descriptive name (the ocean bluff), not an officer namesake."
bay-coastal-defense,battery-aa5-funston,,Battery AA5 (Fort Funston),1920,1920–1945,range,37.722893,-122.503867,place,AA-battery,wwii,Three 3-inch M1917 guns on fixed anti-aircraft mounts — the only named fixed AA battery at Funston.,"Magazine, power room, and three gun blocks extant (GGNRA)",,FortWiki,
bay-coastal-defense,battery-244-milagra,,Battery Construction No. 244 (Milagra Ridge),1943,1943 (armed 1944),year,37.64094,-122.48171,place,battery,wwii,"Two 6-inch guns on shielded barbette carriages atop Milagra Ridge, Pacifica.",Extant concrete (GGNRA / City of Pacifica),,FortWiki,
bay-coastal-defense,battery-130-milagra,,"Battery Construction No. 130 (Milagra, unbuilt)",1943,cancelled,circa,37.641,-122.482,conjectural,unbuilt,wwii,"Planned two 16-inch casemated battery at Milagra Ridge — cancelled during the war, never started.",Never built,,FortWiki (Milagra Ridge Military Reservation),
bay-coastal-defense,angel-amtb-blunt,,Angel Island AMTB batteries (Blunt / Knox / Cove),1942,planned 1942,circa,37.849,-122.421,conjectural,AMTB,wwii,"Programmed anti-motor-torpedo-boat batteries at Points Blunt, Knox, and Ione (Cove) — 90 mm and 40 mm — plus four mobile 90 mm AA guns sited at the Endicott emplacements.",⚠ Programmed but not confirmed built,,Calif. State Military Museum,Point Blunt later overbuilt by the Nike SF-91 site.
bay-coastal-defense,tiburon-net-depot,,"U.S. Navy Net Depot, Tiburon",1940,1940–1958,range,37.89028,-122.44722,area,underwater-defense,wwii,"Assembled and deployed the roughly 7-mile, 6,000-ton anti-submarine steel net strung across the Golden Gate (terminals at Sausalito/Lime Point and Fort Point) — the physical barrier complementing the minefields.",Now SF State's Estuary & Ocean Science Center,,NPS; U.S. Navy Net Depot Tiburon (Wikipedia),
bay-coastal-defense,yerba-buena-mine-building,,Yerba Buena Island Torpedo (Mine) Assembly Building,1891,1891,year,37.81471,-122.35921,area,underwater-defense,wwii,"Stored and assembled the controlled submarine mines for the bay defense. Army gun batteries planned for the island (1861, 1868) were never built.",Island now Navy/Coast Guard and City of SF,,FortWiki (Camp Yerba Buena Island),
bay-coastal-defense,nike-sf0809,,Nike SF-08/09 — San Pablo Ridge (Tilden),1955,1955–1963,range,37.925,-122.26222,place,nike,coldwar,"A double Nike Ajax site (09 launch, 08 control) in the Berkeley hills, the two batteries covering each other's dead zones.",Demolished — now regional parkland (EBRPD),,Ed Thelen Nike database; Calif. State Military Museum,
bay-coastal-defense,nike-sf25,,Nike SF-25 — Rocky Ridge (San Ramon),1956,1956–1959,range,37.8125,-122.0425,place,nike,coldwar,A short-lived Nike Ajax site in the Las Trampas hills — one of the briefest in the Bay Area.,Demolished — Las Trampas Regional Wilderness,,Ed Thelen Nike database; San Ramon Valley Historical Society,
bay-coastal-defense,nike-sf31,,Nike SF-31 — Lake Chabot / Castro Valley,1956,1956–1974,range,37.72153,-122.09894,place,nike,coldwar,Nike Ajax upgraded to nuclear-capable Hercules; one of the last three Bay-area sites deactivated (March 1974).,Demolished — East Bay Regional Park District,,Ed Thelen Nike database,
bay-coastal-defense,nike-sf37,,Nike SF-37 — Coyote Hills (Fremont),1955,1955–1963,range,37.55889,-122.09611,place,nike,coldwar,A Nike Ajax site on the southeast bay shore.,Demolished — Coyote Hills Regional Park,,Ed Thelen Nike database,
bay-coastal-defense,nike-sf51,,Nike SF-51 — Milagra Ridge / Sweeney Ridge,1956,1956–1974,range,37.63944,-122.47889,place,nike,coldwar,"Launch area at Milagra Ridge, control at Sweeney Ridge; Ajax upgraded to Hercules, lasting to the 1974 stand-down.",GGNRA parkland (earthworks visible),,Ed Thelen Nike database,
bay-coastal-defense,nike-sf59,,Nike SF-59 — Fort Funston / Lake Merced,1956,1956–1963,range,37.71472,-122.50167,place,nike,coldwar,"A Nike Ajax site with its launch area at Fort Funston (structure FF-495), the only one of the four GGNRA-area sites south of the Gate.",Demolished — GGNRA parkland,,Ed Thelen Nike database; Thompson HRS 1979 p. 450,
bay-coastal-defense,nike-sf87,,Nike SF-87 — Fort Cronkhite / Wolf Ridge,1955,1955–1971,range,37.835,-122.53083,place,nike,coldwar,Ajax then Hercules; control area (87C) sat on top of the casemates of Battery Construction 129. Paired with SF-88.,Launch area = The Marine Mammal Center; control ruins on trails,,Ed Thelen Nike database; Thompson HRS 1979 p. 450,
bay-coastal-defense,nike-sf88,,Nike SF-88 — Fort Barry,1954,1954–1974,range,37.82667,-122.5275,exact,nike,coldwar,Opened 1954 (Ajax); received the first Nike Hercules battery in the Bay Area (1958); deactivated 1974 — the final SF-area Nike stand-down.,Restored NPS museum — the most complete Nike site in the U.S.,,"Haller & Martini, The Last Missile Site (2010); NPS; Thompson HRS 1979 p. 450",
bay-coastal-defense,nike-sf89,,Nike SF-89 — Fort Winfield Scott (Presidio),1954,1954–1963,range,37.79222,-122.47333,place,nike,coldwar,"One of the earliest Bay-area Nike Ajax activations, in the Presidio.",Demolished — Presidio / GGNRA land,,Ed Thelen Nike database,"SF-89 is Fort Winfield Scott (not Fort Cronkhite, a common mislabel)."
bay-coastal-defense,nike-sf91,,Nike SF-91 — Angel Island,1955,1955–1961,range,37.85639,-122.4225,place,nike,coldwar,A short-lived Nike Ajax site on Angel Island (launch at Point Blunt); its control area sat on Mount Caroline Livermore.,Demolished — Angel Island State Park,,Ed Thelen Nike database; Thompson HRS 1979 p. 449,
bay-coastal-defense,nike-sf93,,Nike SF-93 — San Rafael / Point San Pedro,1956,1956–1971,range,38.02389,-122.52083,place,nike,coldwar,"Ajax upgraded to Hercules; launch near Point San Pedro, control toward Peacock Gap.",Partly built over (Marin wastewater plant) / park,,Ed Thelen Nike database,
bay-coastal-defense,benicia-clock-tower,,Benicia Arsenal — Clock Tower Fortress,1859,1859,year,38.04612,-122.13225,place,fort,thirdsystem,"The fortified sandstone bastion of the Benicia Arsenal on Army Point, built 1859 with gun ports and rifle slits covering the Carquinez Strait and Suisun Bay — called the first stone fortress in the far West. Originally two towers; rebuilt with one after an 1912 powder explosion.",Survives intact — Benicia community/event center,,HMDB (Benicia Clock Tower); Benicia Arsenal Historic District,"The Arsenal (1849–1964) was an ordnance depot, not a coast-defense gun reservation; this bastion is its one true fortification."
bay-coastal-defense,aa-battery-2-barry,,Anti-Aircraft Battery No. 2 (Fort Barry),1942,1942–1945,range,37.8265,-122.53,conjectural,AA-battery,wwii,Three 3-inch M1917 anti-aircraft guns at Fort Barry (shown on the WWII harbor-defense maps). Exact placement not recorded in the sources.,Location approximate,,Calif. State Military Museum; northamericanforts.com,⚠ No authoritative coordinate exists — pin placed approximately among the Fort Barry works.
bay-coastal-defense,mare-island-aa,,Mare Island AA defenses (WWII),1942,1942–1945,range,38.065,-122.253,conjectural,AA-battery,wwii,"Mare Island Navy Yard was defended in WWII by MOBILE 90 mm AA guns and .50-cal machine guns (211th Coast Artillery, on station a week after Pearl Harbor) plus barrage balloons (309th CA Balloon Bn), in positions spread across the south end, Hwy 37, and North Vallejo. The yard never had a FIXED coastal-defense gun battery — San Pablo Bay was screened by the Golden Gate forts ~20 mi downstream.",⚠ Mobile AA only — no fixed seacoast battery; air-raid siren tower & shelter booths survive,,North American Forts (ca-central); Calif. State Military Museum (Mare Island / HDSF),"Civil War: a garrison (soldiers on USS Independence, then Marines), no mounted gun battery. Endicott era: explicitly excluded from the Harbor Defenses of San Francisco. FortWiki lists Mare Island as a Navy yard, not a coast-defense fort. Position approximate (south-end AA site)."
bay-coastal-defense,crockett-carquinez-amtb,,Carquinez AMTB battery (Crockett / Valona Hill),1941,1941–1944,range,38.055,-122.225,conjectural,AMTB,wwii,"Mobile 90 mm and .50-cal guns (211th Coast Artillery) on the hills around Crockett / Valona, guarding the Carquinez Strait crossing.",⚠ Approximate — exact position undetermined,,Calif. State Military Museum; northamericanforts.com,The inner-bay Carquinez defense complementing the Benicia Arsenal.
bay-coastal-defense,nike-t10,,Nike T-10 — Elmira (Travis Defense Area),1958,1958–1974,range,38.3172,-121.8936,place,nike,coldwar,"A Nike Ajax→Hercules battery of the TRAVIS AFB Defense Area (a separate ring from the San Francisco Defense Area), SW of Vacaville — the area's primary fire-control site.",Redeveloped as housing,,Calif. State Military Museum (Travis Defense Area); Ed Thelen Nike database,Travis AFB (Solano Co.) was a SAC base with its own T-## Nike ring — the North Bay sites the SF-## list omits.
bay-coastal-defense,nike-t33,,Nike T-33 — Dixon / Lambie (Travis Defense Area),1957,1957/58–1959,range,38.2219,-121.8572,place,nike,coldwar,A Nike Ajax battery of the Travis AFB Defense Area near Dixon — one of two Travis sites closed early (Jan 1959) as the area consolidated to two Hercules batteries.,Closed early; IFC became a conservation/prison camp,,Calif. State Military Museum (Travis Defense Area); Ed Thelen Nike database,
bay-coastal-defense,nike-t53,,Nike T-53 — Potrero Hills (Travis Defense Area),1958,1958–1959,range,38.2028,-121.9356,place,nike,coldwar,A Nike Ajax battery of the Travis AFB Defense Area in the Potrero Hills SE of Fairfield — closed early (Jan 1959).,Closed early; industrial use,,Calif. State Military Museum (Travis Defense Area); Ed Thelen Nike database,
bay-coastal-defense,nike-t86,,Nike T-86 — Fairfield / Cement Hills (Travis Defense Area),1958,1958–1971,range,38.2761,-122.0022,place,nike,coldwar,"A Nike Ajax→Hercules battery of the Travis AFB Defense Area at Cement Hills, Fairfield — one of the two that carried the Travis defense to the 1971 stand-down.",Mostly intact — county detention center / animal shelter,,Calif. State Military Museum (Travis Defense Area); Ed Thelen Nike database,
bodega-ross-corridor,goycoechea-s-overland-expedition-to-bodega,,Goycoechea's Overland Expedition to Bodega,1793-08-05,"August 5–14, 1793",exact,38.33,-123.05,place,event,spanish,"10 soldiers + sergeant march overland from SF via Bolinas and Tomales Bay to Bodega. Coast Miwok direct them to harder western route — later admitted ""deceived."" Territory 45 miles north of SF is ""tierra incognita.""","""Tierra incognita"" — Spain's own governor admits unknown territory",,Wagner 1931:342–345; C-A 14 p. 113.,
bodega-ross-corridor,eliza-s-activo-at-bodega-spain-s-last-pacific-ex,,Eliza's Activo at Bodega — Spain's Last Pacific Exploration,1793-08-09,"August 9, 1793",exact,38.332,-123.048,place,event,spanish,Eliza arrives in Activo after near-starvation NW Coast voyage. Spain's last Pacific exploration. The exhausted vessel barely makes it to Bodega — the empire's reach is collapsing.,Last Spanish Pacific exploration — barely survived,,Wagner 1931; C-A 14.,
bodega-ross-corridor,golden-gate-crossing-borrowed-launches,,Golden Gate Crossing — Borrowed Launches,1793-08-01,"August 1–2, 1793",exact,37.813,-122.478,place,event,spanish,32 horses ferried across the Golden Gate using launches borrowed from visiting San Blas frigates Princesa and Aranzazu. Spain cannot cross its own bay without foreign ships.,Spain depends on visiting vessels to cross its own frontier,,C-A 14 p. 113. Arrillaga.,
bodega-ross-corridor,viceroy-orders-bodega-whether-or-not-english-are,,"Viceroy Orders Bodega — ""Whether or Not English Are There""",1793,1793,year,37.804,-122.441,place,event,spanish,"Revilla Gigedo orders Bodega occupied. Full fortification plan for Bodega + SF + Monterey + SD. Never executed. Supplies eventually repurposed (June 10, 1794).",Order given — never carried out,,"C-A 22, ii.144–148; bodega-failure-1793.",
bodega-ross-corridor,english-at-bodega-con-los-canones-en-tierra,,"English at Bodega ""con los cañones en tierra""",1793,"March 15, 1793 (reported)",circa,38.328,-123.06,place,event,spanish,"Arrillaga reports an English vessel anchored at Bodega with ""cannons on land."" Identity uncertain — Colnett traces? New vessel? Rumor? Same year as Spanish Bodega failure.",Foreign military presence in territory Spain cannot reach,,C-A 14 pp. 93–94.,
bodega-ross-corridor,zuniga-shows-bodega-plans-to-british-no-concealm,,Zúñiga Shows Bodega Plans to British — No Concealment,1793-11,November 1793,month,32.72,-117.17,place,event,spanish,San Diego commandant Zúñiga freely shows Bodega harbor plans to British officers. No concealment at all — contradicts the tight security at SF. The policy was inconsistent.,Concealment policy fails at San Diego,,Menzies 1924:335.,
bodega-ross-corridor,rac-fur-collecting-begins-at-bodega,,RAC Fur-Collecting Begins at Bodega,1807,1807–1810,range,38.338,-123.042,place,event,russian,130 Aleut hunters aboard Kodiak. First Russian representative: Tarakanov. 40+ Russians + 150 Indians by 1809 (Argüello report). Moraga protests — ignored.,Permanent Russian presence established — Spain protests but cannot act,,Milliken 2009:22–25; C-A 12.,
bodega-ross-corridor,130-bidarkas-in-san-francisco-bay,,130 Bidarkas in San Francisco Bay,1811,1811,year,37.78,-122.44,place,event,russian,130 Aleut bidarkas (kayaks) hunting sea otter inside San Francisco Bay. The Russians are inside Spain's premier port and Spain cannot stop them.,Russian hunting inside the Bay — sovereignty violated,,C-A 12 (Prov. St. Pap. XIX).,
bodega-ross-corridor,farallon-islands-russian-sealing-station,,Farallon Islands — Russian Sealing Station,1812,~1812–1840s,range,37.698,-123.002,place,event,russian,Russian sealing station on the Farallones — 18 miles off the coast of San Francisco. Aleut hunters camped seasonally. Spain/Mexico never contested it.,Russian territory visible from SF — unchallenged,,Bancroft II; Fort Ross sources.,
bodega-ross-corridor,hagemeister-treaty-with-kashaya-pomo,,Hagemeister Treaty with Kashaya Pomo,1817,1817,year,38.514,-123.244,place,event,russian,"Russia negotiates land cession with Kashaya Pomo chiefs — not Spanish authorities. ""Allies of Russia"" medals distributed 1819. Russians treat indigenous peoples as sovereign landowners because, north of the Bay, they are.",Russia treats Pomo as sovereign — Spain does not exist here,,hagemeister-pomo-treaty-1817; AVPRI documents.,
bodega-ross-corridor,kuskov-s-rac-letters-to-the-sf-commandant,,Kuskov's RAC Letters to the SF Commandant,1814-06,June 1814,month,38.514,-123.24,place,event,russian,"Ivan Kuskov, RAC commercial councillor at Ross, writes directly to the SF commandant ""in the name of the Honorable Russian-American Company under special protection of His Majesty the Emperor of all the Russias,"" sending agent Slobodchikov to settle accounts and pressing for the return of captured Kodiak Aleuts.",Ross corresponds with SF as one sovereign to another,,C-A 12 C431 / C433 (Jun 1814).,
bodega-ross-corridor,spanish-missions-supply-kuskov-at-fort-ross,,Spanish Missions Supply Kuskov at Fort Ross,1816,1816,year,38.51,-123.248,place,event,russian,"The Spanish missions supplying Kuskov's Russian colony — Spain's own establishments provisioning the foreign outpost on the ground it claimed. The open coast as routine economic fact, running in Spain's disfavor.",Spain provisions the colony it was ordered to uproot,,C-A 55 Doc 243 (1816).,
bodega-ross-corridor,fort-ross-abandonment-resolved,,Fort Ross Abandonment Resolved,1841,1841,year,38.516,-123.238,place,event,russian,"The RAC Main Board resolves to abandon Ross and ""sell or barter for wheat to the inhabitants of San Francisco."" The otter gone, Ross is liquidated — the economic close of the arc that opened with the resource.","Russia leaves — Ross sold to Sutter, a promoter of the US invasion",,"Fort Ross AVPRI, 1841 abandonment resolution (via Gibson & Istomin).",
bodega-ross-corridor,rac-parlamentario-podushkin-on-the-chirikoff-at,,RAC Parlamentario — Podushkin on the Chirikoff at Monterey,1817,1817,year,36.605,-121.895,place,event,russian,"Baranov, from Novo-Arkhangelsk, protests the ""insults to the Russian Flag and the capture and keeping in cruel bondage of Russians… in the waters and the coasts of California,"" invokes the 1812 treaty, and sends Lt. Podushkin as a parlamentario aboard the Chirikoff to Monterey. Russia negotiating as a commercial sovereign on Spain's claimed coast.",Russia treats with Spain as an equal power on the California coast,,"C-A 13 Docs 263–264 (Podushkin's request, 22 Apr 1817; Baranov's protest, 2 Feb 1817). Formerly cited as survey entry 20.",
bodega-ross-corridor,yanovsky-s-rac-trade-overture,,Yanovsky's RAC Trade Overture,1820,ca. 1820,circa,38.508,-123.244,place,event,russian,"RAC chief manager Semyon Yanovsky proposes a joint, equal-shares otter-hunt and open commerce (via Khlebnikov and the Madrid embassy; the Ilmena to supply Ross). Solá replies he cannot grant otter-hunting — only the Viceroy can. The third volume of one continuous Russo-Spanish negotiation.",Russia again negotiates as a commercial sovereign — Spain defers to Mexico City,,"C-A 55 Docs 323–324 (Yanovsky / Solá, ~1820).",
bodega-ross-corridor,the-suvorov-at-sf-the-rac-proclamation-to-califo,,The Suvorov at SF + the RAC Proclamation to California,1815,August 1815 (proclamation dated 1811),circa,37.796,-122.402,place,event,russian,"The RAC ship Suvorov (Lazarev) calls at San Francisco carrying a formal RAC directors' overture ""to the noble and honoured Spanish inhabitants of California,"" invoking Russo-Spanish friendship, the 1812 treaty, and Rezanov's 1806 visit — the institutional Russian demand for the California provision trade, arriving by ship.","The RAC's formal trade-opening request, delivered to SF",,"C-A 12 C478 + C479 (Suvorov 1815; passport-proclamation St. Petersburg, 12 Jul 1811).",
bodega-ross-corridor,rezanov-arrives-on-juno,,Rezanov Arrives on Juno,1806-04,April 1806,month,37.787,-122.462,place,event,russian,"Nikolai Rezanov — Imperial Chamberlain, RAC shareholder, diplomat. Arrives at SF. Concepción Argüello courtship. Intelligence gathering on Spanish defenses. First Russian official at SF.",Russia assesses Spanish California firsthand,,Bancroft II; Gibson & Istomin 2014.,
bodega-ross-corridor,coast-miwok-intelligence-to-sal,,Coast Miwok Intelligence to Sal,1792-10-08,"October 8, 1792",exact,37.79,-122.457,place,event,indigenous,"Coast Miwok informant tells Commandant Sal two ships at Bodega — soldiers ""dressed like ours turned inside out."" Earliest warning of foreign presence, 3 weeks before diplomatic intelligence through official channels.",Indigenous networks faster than imperial intelligence,,"C-A 55, vi.67–68.",
bodega-ross-corridor,coast-miwok-deceive-goycoechea,,Coast Miwok Deceive Goycoechea,1793-08,August 1793,month,38.1,-122.85,place,event,indigenous,"Coast Miwok tell Goycoechea the eastern shores are ""impassable"" — he takes the harder western route via Marin headlands. Later admitted he was ""deceived."" Information control: indigenous peoples directing Spanish military movements.",Indigenous information warfare — Spain deceived,,Wagner 1931:342–345.,
bodega-ross-corridor,coast-miwok-calibrated-diplomacy-at-bodega,,Coast Miwok Calibrated Diplomacy at Bodega,1793-08,August 1793,month,38.335,-123.05,place,event,indigenous,"Coast Miwok ""prepared to give us battle"" — choose instead to present pinole and fruit. Not submission; calibrated response. They evaluated the Spanish party and chose diplomacy.",Military capability held in reserve — diplomacy chosen,,Wagner 1931:342–345.,
bodega-ross-corridor,coast-miwok-bilingual-intermediaries-at-tomales,,Coast Miwok Bilingual Intermediaries at Tomales,1793-10-20,"October 20, 1793",exact,38.228,-122.933,place,event,indigenous,"Coast Miwok calling ""Amico,"" speaking Spanish, pointing up lagoon repeating ""Spaniard."" Bilingual intermediaries positioning between British and Spanish empires. They know both powers and broker between them.",Trilingual positioning between empires,,Menzies 1924:302.,
bodega-ross-corridor,guirmenes-intel-on-bodega-keep-this-indian-happy,,"Guirmenes Intel on Bodega — ""Keep This Indian Happy""",1796,1796,year,38.34,-123.038,place,event,indigenous,"Indigenous informant (Guirmenes) reports no foreign ship at Bodega for 2 years. Governor orders: ""previene se tenga á ese indio contento"" (keep this Indian happy). Indigenous surveillance network sustained across years — Spain depends on it.",Spain pays for indigenous intelligence,,"C-A 24, n80, pp. 90–3.",
bodega-ross-corridor,chief-valli-ela-requests-russian-flag,,Chief Vallí-éla Requests Russian Flag,1818-09,September 1818,month,38.337,-123.045,place,event,indigenous,"Chief Vallí-éla of Bodega Miwok requests Russian protection and asks Golovnin for a Russian flag. ""Very glad to have Russian neighbors."" Three independent accounts (Golovnin, Matiushkin, Lütke). The indigenous chief chooses his empire.",Indigenous imperial choice — requests Russian protection,,Golovnin 1979:165 via Farris 1998:6; AVPRI deep read lines 176–190.,
bodega-ross-corridor,menzies-lands-at-tomales-bay,,Menzies Lands at Tomales Bay,1793-10-20,"October 20, 1793",exact,38.225,-122.935,place,event,foreign,"Menzies lands from Vancouver's ship. Finds cross made from cask stave, horse tracks from Goycoechea's expedition. Coast Miwok calling ""Amico,"" speaking Spanish, pointing up lagoon repeating ""Spaniard."" British find Spanish traces in territory Spain couldn't hold.",British find evidence of failed Spanish expedition,,Menzies 1924:301–304.,
bodega-ross-corridor,hms-raccoon-at-san-francisco,,HMS Raccoon at San Francisco,1814-03,March 1814,month,37.785,-122.46,place,event,foreign,"British warship from Columbia River. HMS Raccoon had seized Fort Astoria Dec 1813. Needed gunpowder. Crew deserting to Spanish protection as ""Roman Catholics."" Written in English in the archive.",British warship uses SF as supply port — War of 1812 reaches Pacific,,C-A 12; ca12-russian-california-documents.,
bodega-ross-corridor,kotzebue-visits-on-rurik,,Kotzebue Visits on Rurik,1816-10,October 1816,month,37.795,-122.448,place,event,foreign,Otto von Kotzebue arrives at SF on scientific circumnavigation. Spain demands Ross abandonment. Diplomatic failure — Russia ignores the demand.,Spanish diplomatic protest — Russia ignores it,,"Gibson & Istomin, Doc 32.",
bodega-ross-corridor,colnett-s-argonaut-at-bodega,,Colnett's Argonaut at Bodega,1790-07,July 1790,month,38.325,-123.055,place,event,foreign,"British ship takes refuge during storm — cuts spars, makes repairs. Later misidentified by Spanish as active English threat. Ghost presence that haunted Spanish intelligence for years.",,,Wagner 1931:337–338.,
bodega-ross-corridor,sola-to-viceroy-san-rafael-russian-threat,,Solá to Viceroy: San Rafael + Russian Threat,1818-04,April 1818,month,37.975,-122.53,place,event,foreign,Same letter contains Mission San Rafael founding AND Russian threat warning. Dual purpose: health + strategic. Proves mission expansion was explicitly about territorial defense against Russia.,Missions as counter-Russian strategy,,sola-to-viceroy-april-1818.,
bodega-ross-corridor,colony-ross,,Colony Ross (Russian benchmark),,"founded 1812, sold 1841",exact,38.5144,-123.2444,exact,event,russian,"The measuring stick. A single Russian-American Company outpost, founded September 1812 with about 95 Russians and 80 Alaska Native hunters. A 1813 Spanish intelligence report credited it with about 13 mounted cannon; Moraga's 1814 eyewitness reconnaissance counted 8 cannon in two corner towers with embrasures for far more. Either figure matches or exceeds the serviceable artillery of the entire San Francisco defense in the same decade.","One Russian fort ≈ the principal Spanish fort, in guns and in men",,"Presidio garrison & artillery register (vault), section 0","Both the Ross figure (a Spanish estimate) and the SF figure (a Spanish self-inventory) are Spanish-sourced, so the comparison is internally consistent. The defensible claim is order-of-magnitude parity, not a precise gun-for-gun ratio."
bodega-ross-corridor,ref-presidio-of-san-francisco,,Presidio of San Francisco,,,circa,37.7862,-122.4572,exact,presidio,refs,"1776. Northernmost military post. $1,400 total investment by 1793. Garrison: ~35 men.",,,,
bodega-ross-corridor,ref-fort-san-joaquin-castillo-de-sf,,Fort San Joaquín (Castillo de SF),,,circa,37.8107,-122.477,exact,presidio,refs,"1794. Battery guarding the Golden Gate narrows. 1 cannon (burst 1792), 8 by 1793, 6 functional by 1820. Unmanned by 1800.",,,,
bodega-ross-corridor,ref-mission-san-rafael,,Mission San Rafael,,,circa,37.9735,-122.5311,exact,mission,refs,1817. Anti-Russian buffer. 83 days after Hagemeister treaty. Founded without a boat.,,,,
bodega-ross-corridor,bodega-survey-1775,,Bodega y Quadra discovers and charts the port,1775-10,October 1775,month,38.31,-123.045,exact,event,spanish,"The schooner Sonora under Bodega y Quadra and pilot Francisco Mourelle charts the port on the return leg of the 1775 voyage. Their manuscript plano, with keyed points and soundings, is the founding document of the Spanish claim. The chart is in this site's gallery.",The port charted and claimed,,"Plano del Puerto del Capitan Bodega (LOC, gallery item loc-bq05); resurveyed 1793 (Cartas esfericas sheet 8)",
bodega-ross-corridor,matute-attempt-1793,,The 1793 occupation attempt fails,1793,1793,year,38.317,-123.053,place,event,spanish,"The year Spain finally moved to occupy Bodega: Matute's establishment attempt, mounted amid the Nootka crisis, was abandoned. The port Spain had claimed in 1775 stayed empty, and the re-survey of the same year became its monument. The full argument is the subject of the companion article.",Spain never occupied the port it discovered,,"C-A 55 (Matute dossier); the 1793 re-survey, Cartas esfericas sheet 8 (gallery)",Deliberately summary-level here; the article carries the argument and the full citations.
bodega-ross-corridor,aleut-fleet-1811,,The 1811 Aleut otter fleet in San Francisco Bay,1811,1811,year,37.85,-122.4,area,event,russian,"Russian-American Company hunting reaches inside the bay itself: an Aleut baidarka fleet works San Francisco Bay for otter in 1811, the year before Ross was founded. Spain's inner waters were already a Russian hunting ground.",,Unangan/Alutiiq (Aleut) hunters,Prov. St. Pap. (C-A 12),
bodega-ross-corridor,vallejo-informe-1833,,Vallejo's reconnaissance of Ross (informe reservado),1833-05-05,5 May 1833,exact,38.514,-123.244,exact,event,russian,"M. G. Vallejo's confidential report on Ross: about 300 people, a wooden stockade, cannon in the towers, and Russian-American Company intelligence gathered through Wrangel's circle. The fullest Mexican-era picture of the colony, twenty years in.",,,"St. Pap., Missions & Colonization (C-A 53), Doc 45 (n97–n111)",
bodega-ross-corridor,ross-sale-1841,,Ross sold to Sutter; the Russians withdraw,1841-12,December 1841,month,38.514,-123.244,exact,event,russian,"The Russian-American Company sells the Ross establishment to John Sutter and withdraws from California, ending the colony the Spanish had watched for thirty years without ever dislodging.","The Russian era ends by sale, not by force",,Duflot de Mofras (1844) records the post-sale coast; cf. the borderlands map's abandonment-resolved pin,
bodega-ross-corridor,rbodega-1-presidio-of-san-francisco,,Presidio of San Francisco,,,circa,37.7862,-122.4572,area,expedition-leg,overland,"October 3, 1810. Governor orders Moraga to investigate Russian fur-hunting at Bodega Bay. 10-day reconnaissance.",,,"Langelier & Rosen, fn. 52: 'Gabriel Moraga's Diary of his Expedition to the Port of Bodega, Oct. 3, 1810, Prov. St. Pap., XII, 276–79.' Diary survives in the Archives of California.",
bodega-ross-corridor,rbodega-2-bay-crossing-to-marin,,Bay Crossing — to Marin,,,circa,37.81,-122.427,area,crossing,overland,Crossed the bay from the Presidio to the Marin shore. Method uncertain — possibly native balsas or a borrowed vessel.,,,SF Presidio had limited boat access. See boat-problem article.,
bodega-ross-corridor,rbodega-3-san-rafael-area,,San Rafael Area,,,circa,37.9735,-122.5311,area,expedition-leg,overland,"Passed through future site of Mission San Rafael. Bancroft: 'The site was probably selected on the advice of Moraga, who had several times passed it on his way to and from Bodega.'",,,"Bancroft, II, p. 330.",
bodega-ross-corridor,rbodega-4-novato-olompali-area,,Novato / Olompali Area,,,circa,38.1,-122.72,area,expedition-leg,overland,Route north through Marin. Approximate — following the natural corridor through the Novato gap toward Petaluma Creek and the coast.,,,Exact route not specified in diary abstract.,
bodega-ross-corridor,rbodega-5-petaluma-creek-estuary,,Petaluma Creek / Estuary,,,circa,38.23,-122.88,area,expedition-leg,overland,Likely crossed or followed Petaluma Creek toward the coast. Natural route from interior Marin to Bodega Bay.,,,Route reconstruction based on geography.,
bodega-ross-corridor,rbodega-6-bodega-bay,,Bodega Bay,,,circa,38.31,-122.98,area,expedition-leg,overland,Arrived at Bodega Bay. Found an American ship and Alaskan Indians (Aleut hunters working for the Russian-American Company). 10-day reconnaissance of the area. Wrote a diary of the expedition.,,,"Langelier & Rosen: 'finds an American ship and Alaskan Indians.' Diary: Prov. St. Pap., XII, 276–79.",
bodega-ross-corridor,rbodega-7-return-to-presidio,,Return to Presidio,,,circa,37.7862,-122.4572,area,expedition-leg,overland,Returns after 10 days. Report confirms Russian presence and fur-hunting operations at Bodega.,,,,
bodega-ross-corridor,rross1812-1-presidio-of-san-francisco,,Presidio of San Francisco,,,circa,37.7862,-122.4572,area,expedition-leg,overland,"July 1812. Argüello sends Moraga with 4 men to investigate construction of a small Russian fort on the Sonoma coast. Fort Ross had been dedicated Sept. 10, 1812 — but Kuskov had been building since spring.",,,"Langelier & Rosen, Ch. 3.",
bodega-ross-corridor,rross1812-2-bay-crossing-to-marin,,Bay Crossing — to Marin,,,circa,37.81,-122.427,area,crossing,overland,Crossed the bay to the Marin shore.,,,,
bodega-ross-corridor,rross1812-3-san-rafael-area,,San Rafael Area,,,circa,37.9735,-122.5311,area,expedition-leg,overland,Through future Mission San Rafael site. Moraga's repeated passage through here informed his later recommendation of the site.,,,,
bodega-ross-corridor,rross1812-4-petaluma-creek-area,,Petaluma Creek Area,,,circa,38.23,-122.88,area,expedition-leg,overland,North through Marin toward the coast. Approximate route.,,,,
bodega-ross-corridor,rross1812-5-bodega-bay,,Bodega Bay,,,circa,38.31,-122.98,area,expedition-leg,overland,Passed through or near Bodega Bay en route to Fort Ross.,,,,
bodega-ross-corridor,rross1812-6-fort-ross,,Fort Ross,,,circa,38.5133,-123.2442,area,expedition-leg,overland,Moraga identifies the Russian settlement: a brigantine-anchored base with a 150-yard-square stockade and cannon. Notes the Russians' friendly manner. Fort Ross had been dedicated by Kuskov with 95 Russians and ~80 Aleut hunters.,,,Langelier & Rosen: '150-yard-square stockade and cannon; notes the Russians' friendly manner.',
bodega-ross-corridor,rross1812-7-return-to-presidio,,Return to Presidio,,,circa,37.7862,-122.4572,area,expedition-leg,overland,Returns to SF. Report filed with Argüello.,,,,
bodega-ross-corridor,rross1813-1-presidio-of-san-francisco,,Presidio of San Francisco,,,circa,37.7862,-122.4572,area,expedition-leg,overland,January 1813. Moraga drives 20 cattle and 3 horses to Fort Ross — practical diplomacy. Returns again in 1814 with Cadet Gervasio Argüello.,,,"Langelier & Rosen, Ch. 3.",
bodega-ross-corridor,rross1813-2-bay-crossing-to-marin,,Bay Crossing — to Marin,,,circa,37.81,-122.427,area,crossing,overland,Crossed bay to Marin shore with livestock.,,,,
bodega-ross-corridor,rross1813-3-san-rafael-area,,San Rafael Area,,,circa,37.9735,-122.5311,area,expedition-leg,overland,"Through future mission site, driving cattle north.",,,,
bodega-ross-corridor,rross1813-4-bodega-bay-area,,Bodega Bay Area,,,circa,38.31,-122.98,area,expedition-leg,overland,Through Bodega country toward Fort Ross.,,,,
bodega-ross-corridor,rross1813-5-fort-ross,,Fort Ross,,,circa,38.5133,-123.2442,area,expedition-leg,overland,"Jan. 1813: Delivered 20 cattle, 3 horses as goodwill gesture. 1814 return: accompanied by Cadet Gervasio Argüello. Wrote a report describing 40 gente de razón and many Kodiak Indians, cannon, glass windows in the commandant's house. Also carried official demands for Russian withdrawal.",,,"Langelier & Rosen: '40 gente de razón and many Kodiak Indians, cannon guarding the place, and glass windows in the commandant's house.'",
bodega-ross-corridor,rross1813-6-return-to-presidio,,Return to Presidio,,,circa,37.7862,-122.4572,area,expedition-leg,overland,Returns to SF Presidio.,,,,
borderlands-frontier,golden-gate-crossing-borrowed-launches,,Golden Gate Crossing — Borrowed Launches,1793-08-01,"August 1–2, 1793",exact,37.813,-122.478,place,event,spanMil,32 horses ferried across the Golden Gate using launches borrowed from visiting San Blas frigates Princesa and Aranzazu. Spain cannot cross its own bay without foreign ships.,Spain depends on visiting vessels to cross its own frontier,,C-A 14 p. 113. Arrillaga.,
borderlands-frontier,goycoechea-s-overland-expedition-to-bodega,,Goycoechea's Overland Expedition to Bodega,1793-08-05,"August 5–14, 1793",exact,38.33,-123.05,place,event,spanMil,"10 soldiers + sergeant march overland from SF via Bolinas and Tomales Bay to Bodega. Coast Miwok direct them to harder western route — later admitted ""deceived."" Territory 45 miles north of SF is ""tierra incognita.""","""Tierra incognita"" — Spain's own governor admits unknown territory",,Wagner 1931:342–345; C-A 14 p. 113.,
borderlands-frontier,moraga-s-1st-interior-expedition,,Moraga's 1st Interior Expedition,1806,September–October 1806,range,38.58,-121.49,place,event,spanMil,"First major Central Valley expedition. Named the Sacramento River. 30+ stops, 17 villages contacted. No permanent occupation.",Reconnaissance only — a round trip,,Cook 1960; gabriel-moraga-military-campaigns.,
borderlands-frontier,moraga-s-2nd-expedition-sacramento-valley,,Moraga's 2nd Expedition — Sacramento Valley,1808,September–October 1808,range,38.7,-121.55,place,event,spanMil,"Second interior campaign. Again, a round trip.",,,Cutter 1957.,
borderlands-frontier,battle-of-suisun,,Battle of Suisun,1810-05-22,"May 22, 1810",exact,38.063,-122.226,place,event,spanMil,"17 men cross Carquinez Strait by boat to attack Suisun ranchería. Suisun had killed 16 Christians over prior 3 years. Hard fight — survivors in huts preferred to ""perish in the flames"" rather than surrender. Moraga received royal commendations.",Spanish tactical victory at the frontier chokepoint,,C-A 12; C-A 25; Bancroft II:91 fn.24.,
borderlands-frontier,moraga-investigates-russian-bodega,,Moraga Investigates Russian Bodega,1810,September–October 1810,range,38.34,-123.04,place,event,spanMil,"Moraga goes by boat to Bodega. Finds 40+ Aleut hunting canoes, Russian supply ships at anchor. Reconnaissance, no confrontation. Protests to commandant.",Round trip — reconnaissance only,,C-A 12; gabriel-moraga-military-campaigns.,
borderlands-frontier,moraga-discovers-fort-ross,,Moraga Discovers Fort Ross,1812,August–September 1812,range,38.517,-123.248,place,event,spanMil,"Moraga with 4 soldiers investigates grounded vessel. Discovers Fort Ross: ~80 men, Kuskov commanding, all from Unalaska/Kamchatka. Vessel 8 leagues above Bodega. No opposition.",Discovery — no confrontation possible,,C-A 12; gabriel-moraga-military-campaigns.,
borderlands-frontier,moraga-s-fort-ross-defense-assessment,,Moraga's Fort Ross Defense Assessment,1814-07-30,"July 30, 1814",exact,38.52,-123.24,place,event,spanMil,"40 Russians, 80 Aleuts, 12 guns (4-pounder), 3 falconets. Spanish troops: ""no shirts, no pants, no hats."" The most damning comparison in the archive.",Russians armed and supplied; Spanish naked,,gabriel-moraga-military-campaigns.,
borderlands-frontier,arguello-s-northern-expedition,,Argüello's Northern Expedition,1821-10,October 1821,month,38.07,-122.22,place,event,spanMil,55 men — one of the largest Spanish/Mexican expeditions in CA history. Two full days spent ferrying horses across Carquinez Strait with 4 assembled boats. A power that needs a weekend to cross a channel does not control the territory beyond it.,Two days to cross the Strait — not an empire moving through its own territory,,"Ordaz, Diario, 1821, MS. Bancroft II:444–446.",
borderlands-frontier,colnett-s-argonaut-at-bodega,,Colnett's Argonaut at Bodega,1790-07,July 1790,month,38.325,-123.055,place,event,british,"British ship takes refuge during storm — cuts spars, makes repairs. Later misidentified by Spanish as active English threat. Ghost presence that haunted Spanish intelligence for years.",,,Wagner 1931:337–338.,
borderlands-frontier,vancouver-s-1st-visit-to-san-francisco,,Vancouver's 1st Visit to San Francisco,1792-11-14,"November 14, 1792",exact,37.789,-122.455,place,event,british,"HMS Discovery and Chatham anchor at SF. Warm reception from Commandant Sal. Menzies walks to Fort Point — finds one cannon ""lash'd to a log of Wood."" British see the weakness firsthand.",British assess SF defenses — one burst cannon,,Menzies 1924:265; C-A 54 pp. 115–118.,
borderlands-frontier,english-at-bodega-con-los-canones-en-tierra,,"English at Bodega ""con los cañones en tierra""",1793,"March 15, 1793 (reported)",circa,38.328,-123.06,place,event,british,"Arrillaga reports an English vessel anchored at Bodega with ""cannons on land."" Identity uncertain — Colnett traces? New vessel? Rumor? Same year as Spanish Bodega failure.",Foreign military presence in territory Spain cannot reach,,C-A 14 pp. 93–94.,
borderlands-frontier,menzies-lands-at-tomales-bay,,Menzies Lands at Tomales Bay,1793-10-20,"October 20, 1793",exact,38.225,-122.935,place,event,british,"Menzies lands from Vancouver's ship. Finds cross made from cask stave, horse tracks from Goycoechea's expedition. Coast Miwok calling ""Amico,"" speaking Spanish, pointing up lagoon repeating ""Spaniard."" British find Spanish traces in territory Spain couldn't hold.",British find evidence of failed Spanish expedition,,Menzies 1924:301–304.,
borderlands-frontier,vancouver-s-2nd-visit-concealment-policy,,Vancouver's 2nd Visit — Concealment Policy,1793-10-21,"October 21, 1793",exact,37.793,-122.45,place,event,british,"Dramatic change from 1st visit. Armed guards, 2-mile limit, refused access to mission. But 8 new brass 4-pounders visible on beach, workers building battery. Spain scrambles to hide weakness and show strength simultaneously.",Concealment policy — Spain hides its defenses from the one power that matters,,Menzies 1924:305–306; C-A 14 pp. 98–99.,
borderlands-frontier,zuniga-shows-bodega-plans-to-british-no-concealm,,Zúñiga Shows Bodega Plans to British — No Concealment,1793-11,November 1793,month,32.72,-117.17,place,event,british,San Diego commandant Zúñiga freely shows Bodega harbor plans to British officers. No concealment at all — contradicts the tight security at SF. The policy was inconsistent.,Concealment policy fails at San Diego,,Menzies 1924:335.,
borderlands-frontier,english-launches-at-santa-cruz,,English Launches at Santa Cruz,1794-11-28,"November 28, 1794",exact,36.978,-122.03,place,event,british,"English launches spotted off Santa Cruz coast, withdrew. Sgt. Pedro Amador sent as reinforcement. Soldier Mesa punished for misreporting.",English probe — withdrew,,"C-A 7, n33, pp. 81–2.",
borderlands-frontier,english-shipwreck-at-point-reyes-farallones,,English Shipwreck at Point Reyes / Farallones,1797,1797,year,38.07,-122.96,place,event,british,Ship sinks near Farallones. Indigenous informants report two uniformed Englishmen at Point Reyes. English naval presence at the Bay entrance during wartime. The report comes through indigenous intelligence networks.,English at the Bay entrance — indigenous networks provide the warning,,"C-A 8; ca8-prov-state-papers-xiv-xv-survey, Find #3.",
borderlands-frontier,english-vessel-at-santa-cruz,,English Vessel at Santa Cruz,1797,1797,year,36.97,-122.035,place,event,british,"English ship arrives at Santa Cruz port, 60 miles from SF Bay. Vallejo coordinates with alcalde — no military officer available. Thin defense exposed.",No military response possible,,"C-A 8; ca8-prov-state-papers-xiv-xv-survey, Find #4.",
borderlands-frontier,english-corsair-campaign-gulf-of-california,,English Corsair Campaign — Gulf of California,1799,May–September 1799,range,28.0,-111.0,place,event,british,"4 English frigates (22–24 guns each) raided Gulf of California shipping. Ransomed ships, captured brigs. Governor Arrillaga: ""sin ningunos elementos de defensa."" Maritime reinforcement route to California contested.",English naval dominance — supply route threatened,,C-A 14; english-corsair-campaign-1799.,
borderlands-frontier,hms-raccoon-at-san-francisco,,HMS Raccoon at San Francisco,1814-03,March 1814,month,37.785,-122.46,place,event,british,"British warship from Columbia River. HMS Raccoon had seized Fort Astoria Dec 1813. Needed gunpowder. Crew deserting to Spanish protection as ""Roman Catholics."" Written in English in the archive.",British warship uses SF as supply port — War of 1812 reaches Pacific,,C-A 12; ca12-russian-california-documents.,
borderlands-frontier,eliza-s-activo-at-bodega-spain-s-last-pacific-ex,,Eliza's Activo at Bodega — Spain's Last Pacific Exploration,1793-08-09,"August 9, 1793",exact,38.332,-123.048,place,event,british,Eliza arrives in Activo after near-starvation NW Coast voyage. Spain's last Pacific exploration. The exhausted vessel barely makes it to Bodega — the empire's reach is collapsing.,Last Spanish Pacific exploration — barely survived,,Wagner 1931; C-A 14.,
borderlands-frontier,rezanov-arrives-on-juno,,Rezanov Arrives on Juno,1806-04,April 1806,month,37.787,-122.462,place,event,russian,"Nikolai Rezanov — Imperial Chamberlain, RAC shareholder, diplomat. Arrives at SF. Concepción Argüello courtship. Intelligence gathering on Spanish defenses. First Russian official at SF.",Russia assesses Spanish California firsthand,,Bancroft II; Gibson & Istomin 2014.,
borderlands-frontier,rac-fur-collecting-begins-at-bodega,,RAC Fur-Collecting Begins at Bodega,1807,1807–1810,range,38.338,-123.042,place,event,russian,130 Aleut hunters aboard Kodiak. First Russian representative: Tarakanov. 40+ Russians + 150 Indians by 1809 (Argüello report). Moraga protests — ignored.,Permanent Russian presence established — Spain protests but cannot act,,Milliken 2009:22–25; C-A 12.,
borderlands-frontier,130-bidarkas-in-san-francisco-bay,,130 Bidarkas in San Francisco Bay,1811,1811,year,37.78,-122.44,place,event,russian,130 Aleut bidarkas (kayaks) hunting sea otter inside San Francisco Bay. The Russians are inside Spain's premier port and Spain cannot stop them.,Russian hunting inside the Bay — sovereignty violated,,C-A 12 (Prov. St. Pap. XIX).,
borderlands-frontier,farallon-islands-russian-sealing-station,,Farallon Islands — Russian Sealing Station,1812,~1812–1840s,range,37.698,-123.002,place,event,russian,Russian sealing station on the Farallones — 18 miles off the coast of San Francisco. Aleut hunters camped seasonally. Spain/Mexico never contested it.,Russian territory visible from SF — unchallenged,,Bancroft II; Fort Ross sources.,
borderlands-frontier,kotzebue-visits-on-rurik,,Kotzebue Visits on Rurik,1816-10,October 1816,month,37.795,-122.448,place,event,russian,Otto von Kotzebue arrives at SF on scientific circumnavigation. Spain demands Ross abandonment. Diplomatic failure — Russia ignores the demand.,Spanish diplomatic protest — Russia ignores it,,"Gibson & Istomin, Doc 32.",
borderlands-frontier,golovnin-on-kamchatka-at-sf,,Golovnin on Kamchatka at SF,1818-09,September 1818,month,37.783,-122.465,place,event,russian,Captain Golovnin arrives at SF on world circumnavigation aboard Kamchatka. Same season as Russian Kutuzov and American Ontario. Three-power naval convergence in one month.,Three-power convergence: Russia + Russia + America in SF at once,,ca25-tomo-ix-gap-read; Golovnin 1979.,
borderlands-frontier,russian-kutuzov-at-sf,,Russian Kutuzov at SF,1818-09,September 1818,month,37.791,-122.442,place,event,russian,RAC vessel Kutuzov at SF alongside Golovnin's warship and American Ontario. Spanish garrison watches foreign warships parade through their port.,,,ca25-tomo-ix-gap-read.,
borderlands-frontier,vasiliev-corvettes-at-sf,,Vasiliev Corvettes at SF,1820-11,November 1820,month,37.781,-122.458,place,event,russian,"Two Russian warships anchor at SF — sailing past the fortress that had 6 functional cannons and no grapeshot. Argüello follows orders to receive them ""cordially and hospitably.""",Russian warships pass indefensible fortress — received as guests,,"C-A 13; ca13-prov-state-papers-xx-documents, Doc. 10.",
borderlands-frontier,hagemeister-treaty-with-kashaya-pomo,,Hagemeister Treaty with Kashaya Pomo,1817,1817,year,38.514,-123.244,place,event,russian,"Russia negotiates land cession with Kashaya Pomo chiefs — not Spanish authorities. ""Allies of Russia"" medals distributed 1819. Russians treat indigenous peoples as sovereign landowners because, north of the Bay, they are.",Russia treats Pomo as sovereign — Spain does not exist here,,hagemeister-pomo-treaty-1817; AVPRI documents.,
borderlands-frontier,battle-of-punta-de-guijarros-lelia-byrd,,Battle of Punta de Guijarros — Lelia Byrd,1803-03-21,"March 21, 1803",exact,32.673,-117.243,place,event,american,First naval engagement between a Spanish battery and foreign vessel. American smuggling + armed rescue + artillery duel. Shaler's crew put pistols to Spanish guards' chests. Ship escaped under grapeshot fire. Spanish soldiers were complicit in the otter skin trade.,First foreign attack on California — American smugglers,,C-A 11; lelia-byrd-punta-guijarros-1803.,
borderlands-frontier,american-frigate-at-sf-troop-crisis,,American Frigate at SF — Troop Crisis,1804-01,January 1804,month,37.775,-122.47,place,event,american,Damaged American frigate anchors in SF port. Argüello forced to pull invalidos (retired soldiers) from San José to augment escorts. Chronic troop shortage: presidio can't staff itself when a foreign ship appears.,One foreign ship exposes garrison collapse,,PP 0389; pueblo-papers-project.,
borderlands-frontier,uss-ontario-at-san-francisco,,USS Ontario at San Francisco,1818-09,September 1818,month,37.779,-122.455,place,event,american,American warship Ontario at SF — same month as Golovnin's Kamchatka and RAC Kutuzov. Three nations' vessels in the Bay simultaneously. Spain watches.,American warship in the Bay,,ca25-tomo-ix-gap-read.,
borderlands-frontier,mercury-trial-capt-eyres,,Mercury Trial — Capt. Eyres,1813,1813,year,34.42,-119.7,place,event,american,"Boston captain, 8 years trading with Russians and NW Coast Indians. Testimony at Santa Barbara. American commercial penetration of the coast — trading network connecting Boston, Russian Alaska, and California.",American-Russian commercial network exposed,,"C-A 12, scan n360.",
borderlands-frontier,anglo-american-vessel-blockades-guaymas,,Anglo-American Vessel Blockades Guaymas,1818-01,January 1818,month,27.92,-110.9,place,event,american,"Brig ""Cesak,"" Captain ""Clarick,"" raised American flag, fired 3 cannon shots, blockaded Guaymas. American aggression on Pacific coast in same period as Bouchard.",American naval aggression on Pacific coast,,"C-A 13; ca13-prov-state-papers-xx-documents, Doc. 13.",
borderlands-frontier,bouchard-s-attack-on-monterey,,Bouchard's Attack on Monterey,1818-11-20,"November 20–26, 1818",exact,36.598,-121.888,place,event,bouchard,"Argentine privateer: Argentina (38 guns) + Santa Rosa (26 guns), ~285 crew. 400 men landed. Presidio burned. Only time a California capital fell to a foreign enemy. Solá retreated to Salinas with archives + 6,000 cartridges.",MONTEREY FALLS — only foreign capture of a California capital,,bouchard-raid-1818; Bancroft II:227–243.,
borderlands-frontier,bouchard-at-refugio,,Bouchard at Refugio,1818-12-04,"December 4–6, 1818",exact,34.465,-120.07,place,event,bouchard,"Bouchard lands, plunders Ortega's rancho, kills cattle. 3 insurgents captured in ambush: Lt. William Taylor (Boston), Martin Romero (Paraguay), Mateo José Pascual.",Ranch plundered; 3 captured by Spanish ambush,,bouchard-raid-1818; Bancroft II:236–237.,
borderlands-frontier,bouchard-at-santa-barbara-guerra-s-bluff,,Bouchard at Santa Barbara — Guerra's Bluff,1818-12,December 1818,month,34.42,-119.7,place,event,bouchard,Bouchard anchors. Guerra bluffs with marching troops trick — soldiers march around a hill repeatedly to look like a large army. Prisoner exchange. No fighting.,Bluff succeeds — no attack,,bouchard-raid-1818; Bancroft II:237–239.,
borderlands-frontier,bouchard-at-san-juan-capistrano,,Bouchard at San Juan Capistrano,1818-12,December 1818,month,33.502,-117.663,place,event,bouchard,"Bouchard lands. Minor damage — straw houses burned, wine spilled. 4 insurgent deserters surrender.",Minor damage,,bouchard-raid-1818; Bancroft II:240–241.,
borderlands-frontier,la-perouse-at-monterey,,La Pérouse at Monterey,1786-09,September 1786,month,36.603,-121.892,place,event,french,"First foreign account of Spanish military capacity. Governor Fages tells La Pérouse ""North California has no northern boundary at all — it extends to Mount Saint Elias."" Reality: 282 soldiers for 800+ leagues of coast, 25 missions, ~50,000 Indians, only 10,000 Christian. Continental claim vs. actual control — 7 years before Nootka.",France sees through the fiction — 282 soldiers for 800 leagues,,laperouse-voyage-round-world-1799.,
borderlands-frontier,coast-miwok-intelligence-to-sal,,Coast Miwok Intelligence to Sal,1792-10-08,"October 8, 1792",exact,37.79,-122.457,place,event,indigenous,"Coast Miwok informant tells Commandant Sal two ships at Bodega — soldiers ""dressed like ours turned inside out."" Earliest warning of foreign presence, 3 weeks before diplomatic intelligence through official channels.",Indigenous networks faster than imperial intelligence,,"C-A 55, vi.67–68.",
borderlands-frontier,coast-miwok-deceive-goycoechea,,Coast Miwok Deceive Goycoechea,1793-08,August 1793,month,38.1,-122.85,place,event,indigenous,"Coast Miwok tell Goycoechea the eastern shores are ""impassable"" — he takes the harder western route via Marin headlands. Later admitted he was ""deceived."" Information control: indigenous peoples directing Spanish military movements.",Indigenous information warfare — Spain deceived,,Wagner 1931:342–345.,
borderlands-frontier,coast-miwok-calibrated-diplomacy-at-bodega,,Coast Miwok Calibrated Diplomacy at Bodega,1793-08,August 1793,month,38.335,-123.05,place,event,indigenous,"Coast Miwok ""prepared to give us battle"" — choose instead to present pinole and fruit. Not submission; calibrated response. They evaluated the Spanish party and chose diplomacy.",Military capability held in reserve — diplomacy chosen,,Wagner 1931:342–345.,
borderlands-frontier,coast-miwok-bilingual-intermediaries-at-tomales,,Coast Miwok Bilingual Intermediaries at Tomales,1793-10-20,"October 20, 1793",exact,38.228,-122.933,place,event,indigenous,"Coast Miwok calling ""Amico,"" speaking Spanish, pointing up lagoon repeating ""Spaniard."" Bilingual intermediaries positioning between British and Spanish empires. They know both powers and broker between them.",Trilingual positioning between empires,,Menzies 1924:302.,
borderlands-frontier,guirmenes-intel-on-bodega-keep-this-indian-happy,,"Guirmenes Intel on Bodega — ""Keep This Indian Happy""",1796,1796,year,38.34,-123.038,place,event,indigenous,"Indigenous informant (Guirmenes) reports no foreign ship at Bodega for 2 years. Governor orders: ""previene se tenga á ese indio contento"" (keep this Indian happy). Indigenous surveillance network sustained across years — Spain depends on it.",Spain pays for indigenous intelligence,,"C-A 24, n80, pp. 90–3.",
borderlands-frontier,suisun-resist-moraga-at-carquinez,,Suisun Resist Moraga at Carquinez,1810-05,May 1810,month,38.068,-122.22,place,event,indigenous,"Suisun warriors fight Moraga at the Strait. Had killed 16 Christians over prior 3 years. This is a military frontier — Spain fights across it, does not govern beyond it.",Indigenous military control of the Strait frontier,,battle-of-suisun-1810-primary-sources.,
borderlands-frontier,suispaques-evade-cabo-ortega,,Suispaques Evade Cabo Ortega,1811,1811,year,38.15,-122.05,place,event,indigenous,Cabo Ortega dispatched to capture Suispaques/Guispaques — returned without success. Indigenous captain later offered to return fugitives himself — on his own terms.,Indigenous autonomy — Spanish military cannot operate here,,C-A 26; ca26-prov-rec-xi-xii-survey.,
borderlands-frontier,chief-valli-ela-requests-russian-flag,,Chief Vallí-éla Requests Russian Flag,1818-09,September 1818,month,38.337,-123.045,place,event,indigenous,"Chief Vallí-éla of Bodega Miwok requests Russian protection and asks Golovnin for a Russian flag. ""Very glad to have Russian neighbors."" Three independent accounts (Golovnin, Matiushkin, Lütke). The indigenous chief chooses his empire.",Indigenous imperial choice — requests Russian protection,,Golovnin 1979:165 via Farris 1998:6; AVPRI deep read lines 176–190.,
borderlands-frontier,gualinela-s-armed-resistance-200-men,,Gualinela's Armed Resistance — 200 Men,1833,1833,year,38.342,-123.04,place,event,indigenous,"Chief Gualinela of Tiutume ranchería (Bodega), 43 people. 200 armed men — heathen + Christian neophytes from Mission San Rafael — band together to resist Mexican troops. Cross-mission alliance.",Armed indigenous coalition — 40 years of continuity at Bodega,,Farris 1998:7 (Vallejo report).,
borderlands-frontier,sal-s-boundary-letter-english-want-sf-bay-for-a,,"Sal's Boundary Letter — ""English Want SF Bay for a Boundary""",1792-10,October 1792,month,37.796,-122.449,place,event,intel,"Sal to Arrillaga: ""Segun sus opiniones, quieren los ingleses la boca de este puerto por línea divisoria."" Also reports one burst cannon, two English frigates at Bodega. Intelligence from Bodega y Quadra at Nootka.",THESIS-CRITICAL — the boundary claim stated explicitly,,"C-A 54, MS p. 119; bodega-failure-1793.",
borderlands-frontier,sf-cannon-burst-sole-weapon-destroyed,,SF Cannon Burst — Sole Weapon Destroyed,1792-09-30,"September 30, 1792",exact,37.811,-122.477,place,event,intel,"Cannon exploded during saint's day firing. 10 pieces, fragments reached church 125 varas. Fired by Soldado Arriola. San Francisco's sole defensive weapon destroyed before the Nootka crisis peaked.","One cannon, and it burst",,"C-A 55, MS pp. 65–68.",
borderlands-frontier,arrillaga-presidios-are-indefensible-english-sai,,"Arrillaga: ""Presidios Are Indefensible — English Said So""",1793,1793,year,37.8,-122.445,place,event,intel,"""Los Presidios de Alta Cal. están indefensos, cuya circunstancia ha sido notada por los mismos ingleses... no pueden resistir contra una invasion."" The governor's own admission to his viceroy.",THESIS-CRITICAL — Spain admits its own weakness,,"C-A 14; ca14-prov-state-papers-xxi-xxii-survey, Find #1.",
borderlands-frontier,arrillaga-tierra-incognita,,"Arrillaga: ""Tierra Incognita""",1793-08,August 1793,month,37.802,-122.443,place,event,intel,"""El grande rodeo y tierra incognita."" Territory 45 miles north of SF is literally unknown to the Spanish governor after 24 years in California.",THESIS-CRITICAL — Spain does not know its own territory,,"bodega-failure-1793; Prov. St. Pap., MS., xxi. 113.",
borderlands-frontier,viceroy-orders-bodega-whether-or-not-english-are,,"Viceroy Orders Bodega — ""Whether or Not English Are There""",1793,1793,year,37.804,-122.441,place,event,intel,"Revilla Gigedo orders Bodega occupied. Full fortification plan for Bodega + SF + Monterey + SD. Never executed. Supplies eventually repurposed (June 10, 1794).",Order given — never carried out,,"C-A 22, ii.144–148; bodega-failure-1793.",
borderlands-frontier,fiscal-fortifications-would-not-prevent-a-landin,,"Fiscal: ""Fortifications Would Not Prevent a Landing""",1797,1797,year,36.605,-121.885,place,event,intel,Crown fiscal officer declares defense should be naval; land fortifications useless. Devastating assessment from within the imperial bureaucracy itself.,Spain's own bureaucracy declares California indefensible,,"C-A 8; ca8-prov-state-papers-xiv-xv-survey, Find #5.",
borderlands-frontier,yerba-buena-battery-abandoned,,Yerba Buena Battery Abandoned,1800,1800,year,37.808,-122.407,place,event,intel,"Argüello reports Yerba Buena Battery unmanned — only a daily visit by the vigía. SF garrison: 1 cabo, 4 artilleros, 3 cabos, 10 soldados. Barely sufficient for Presidio + fort. The key battery controlling the narrows has no one in it.","Key battery unmanned — ""imaginary"" defense",,C-A 11; ca11-prov-state-papers-xviii-survey.,
borderlands-frontier,pedro-de-nava-isolation-was-deliberate-policy,,Pedro de Nava: Isolation Was Deliberate Policy,1800,1800,year,37.798,-122.447,place,event,intel,"Comandante General of the Provincias Internas explicitly rejects overland California–New Mexico road. Cites 1786 prohibition. California's territories ""useless."" Indigenous nations form impassable barrier. The only route is the Sea of Cortez.","THESIS-CRITICAL — isolation was policy, not accident",,"C-A 11, orig. pp. 101–3; ca11-prov-state-papers-xviii-survey.",
borderlands-frontier,fortress-san-joaquin-in-collapse,,Fortress San Joaquín in Collapse,1820,1820,year,37.814,-122.475,place,event,intel,"Only 8 cannons (2 non-functional), no grapeshot, no forge, no hot-shot furnace, wadding falling apart, cartridges irreplaceable. Two years after Bouchard proved the vulnerability — still not repaired.",The fortress is a ruin,,"C-A 13; ca13-prov-state-papers-xx-documents, Doc. 7.",
borderlands-frontier,sola-to-viceroy-san-rafael-russian-threat,,Solá to Viceroy: San Rafael + Russian Threat,1818-04,April 1818,month,37.975,-122.53,place,event,intel,Same letter contains Mission San Rafael founding AND Russian threat warning. Dual purpose: health + strategic. Proves mission expansion was explicitly about territorial defense against Russia.,Missions as counter-Russian strategy,,sola-to-viceroy-april-1818.,
borderlands-frontier,the-1793-bodega-occupation-attempt-matute-aranza,,The 1793 Bodega Occupation Attempt — Matute / Aránzazu,1793,1793,year,38.335,-123.048,place,event,spanMil,"The occupation the whole story turns on. On the Viceroy's order to ""reconocer y ocupar dicho Puerto, quitando á extranjeros ese abrigo inmediato á los Presidios,"" an expedition under Lt. Juan Bautista Matute aboard the Aránzazu was to plant a Spanish establishment at Bodega. Matute reported he ""no verificaría aquel año el establecimiento"" — the attempt collapsed for want of imperial capacity, not suitable ground.",The establishment that did not happen — Spain's claim north of SF never occupied,,"C-A 55 Doc 335 (Matute/Aránzazu, 25 Jul 1793). | Occupation order: C-A 6 Doc 192 (Revillagigedo, 6 Jul 1793). | C-A 15 Doc 515 (presidios & Bodega, 16 Jul 1793).",
borderlands-frontier,bodega-establishment-abandoned,,Bodega Establishment Abandoned,1794-07-25,"July 25, 1794",exact,38.318,-123.038,place,event,spanMil,"Sal reports that ""no se efectuará el establecimiento del puerto de Bodega,"" and that the articles destined for Bodega have been reassigned to the San Francisco presidio. The closing bracket on the 1793 order-and-attempt.",The Bodega plan formally dead — supplies redirected to SF,,"C-A 15 Doc 520 (Sal → Arrillaga, 25 Jul 1794).",
borderlands-frontier,wilcocks-calls-at-russian-bodega-and-the-annexat,,Wilcocks Calls at Russian Bodega — and the Annexation Plot,1816-10-25,"October 25, 1816",exact,38.308,-123.055,place,event,american,"The American trader James Smith Wilcocks calls at ""un establecimiento ruso llamado Bodega"" — ""los rusos no quisieron comprar nada"" — then sells Gov. Solá $700 of blankets for the four presidios. In 1817 he is accused of plotting to ""levantarme con las Californias para integrarlas a los anglo-americanos"" — the earliest dated articulation of the U.S.-annexation fear the open coast invited.",Bodega as a (failed) commercial port in the US–Russian–Spanish triangle,,"C-A 13 Docs 193–206 (the Wilcocks affair; the Bodega call & blanket sale in his voyage account, Doc 206, orig. i.716–726; the annexation accusation denounced in Doc 203). Formerly cited as survey entry 19.",
borderlands-frontier,elliot-de-castro-ilmena-seized-at-refugio,,Elliot de Castro / Ilmena Seized at Refugio,1815,September–October 1815,range,34.47,-120.07,place,event,russian,"The Russian brig Ilmena's shore party — John Elliot de Castro, an American, an Aleut and others — is seized at Ortega's Refugio rancho, the coast's otter-smuggling rendezvous. A $2,000 ransom is offered and refused. Spain/Mexico can catch the people but not stop the trade.",The Mexican-era sequel — Refugio as a second Bodega-style keyhole,,C-A 12 C475 + C427 (1815).,
borderlands-frontier,rac-parlamentario-podushkin-on-the-chirikoff-at,,RAC Parlamentario — Podushkin on the Chirikoff at Monterey,1817,1817,year,36.605,-121.895,place,event,russian,"Baranov, from Novo-Arkhangelsk, protests the ""insults to the Russian Flag and the capture and keeping in cruel bondage of Russians… in the waters and the coasts of California,"" invokes the 1812 treaty, and sends Lt. Podushkin as a parlamentario aboard the Chirikoff to Monterey. Russia negotiating as a commercial sovereign on Spain's claimed coast.",Russia treats with Spain as an equal power on the California coast,,"C-A 13 Docs 263–264 (Podushkin's request, 22 Apr 1817; Baranov's protest, 2 Feb 1817). Formerly cited as survey entry 20.",
borderlands-frontier,kuskov-s-rac-letters-to-the-sf-commandant,,Kuskov's RAC Letters to the SF Commandant,1814-06,June 1814,month,38.514,-123.24,place,event,russian,"Ivan Kuskov, RAC commercial councillor at Ross, writes directly to the SF commandant ""in the name of the Honorable Russian-American Company under special protection of His Majesty the Emperor of all the Russias,"" sending agent Slobodchikov to settle accounts and pressing for the return of captured Kodiak Aleuts.",Ross corresponds with SF as one sovereign to another,,C-A 12 C431 / C433 (Jun 1814).,
borderlands-frontier,spanish-missions-supply-kuskov-at-fort-ross,,Spanish Missions Supply Kuskov at Fort Ross,1816,1816,year,38.51,-123.248,place,event,russian,"The Spanish missions supplying Kuskov's Russian colony — Spain's own establishments provisioning the foreign outpost on the ground it claimed. The open coast as routine economic fact, running in Spain's disfavor.",Spain provisions the colony it was ordered to uproot,,C-A 55 Doc 243 (1816).,
borderlands-frontier,fort-ross-abandonment-resolved,,Fort Ross Abandonment Resolved,1841,1841,year,38.516,-123.238,place,event,russian,"The RAC Main Board resolves to abandon Ross and ""sell or barter for wheat to the inhabitants of San Francisco."" The otter gone, Ross is liquidated — the economic close of the arc that opened with the resource.","Russia leaves — Ross sold to Sutter, a promoter of the US invasion",,"Fort Ross AVPRI, 1841 abandonment resolution (via Gibson & Istomin).",
borderlands-frontier,yanovsky-s-rac-trade-overture,,Yanovsky's RAC Trade Overture,1820,ca. 1820,circa,38.508,-123.244,place,event,russian,"RAC chief manager Semyon Yanovsky proposes a joint, equal-shares otter-hunt and open commerce (via Khlebnikov and the Madrid embassy; the Ilmena to supply Ross). Solá replies he cannot grant otter-hunting — only the Viceroy can. The third volume of one continuous Russo-Spanish negotiation.",Russia again negotiates as a commercial sovereign — Spain defers to Mexico City,,"C-A 55 Docs 323–324 (Yanovsky / Solá, ~1820).",
borderlands-frontier,the-suvorov-at-sf-the-rac-proclamation-to-califo,,The Suvorov at SF + the RAC Proclamation to California,1815,August 1815 (proclamation dated 1811),circa,37.796,-122.402,place,event,russian,"The RAC ship Suvorov (Lazarev) calls at San Francisco carrying a formal RAC directors' overture ""to the noble and honoured Spanish inhabitants of California,"" invoking Russo-Spanish friendship, the 1812 treaty, and Rezanov's 1806 visit — the institutional Russian demand for the California provision trade, arriving by ship.","The RAC's formal trade-opening request, delivered to SF",,"C-A 12 C478 + C479 (Suvorov 1815; passport-proclamation St. Petersburg, 12 Jul 1811).",
borderlands-frontier,british-squadron-sounds-san-diego-harbor,,British Squadron Sounds San Diego Harbor,1799,1799 (sounding c.1797),circa,32.69,-117.235,place,event,british,"A sworn 1799 deposition: a British naval squadron awaiting the Manila galleon, with 22 Peru prizes, states a plan to winter at San Diego — whose harbour they had already secretly sounded c.1797, ""entered in their boats one moonlit night, sounded the whole harbour,"" ""instruidos por los planos de Nutka."" The open coast as an actual reconnaissance ground.",San Diego's harbor already mapped by the enemy — the threat the 1793 order feared,,"C-A 15 Doc 392 (Loreto deposition, 28 Jun 1799).",
borderlands-frontier,ref-presidio-of-san-francisco,,Presidio of San Francisco,,,circa,37.7862,-122.4572,exact,presidio,spanSet,"1776. Northernmost military post. $1,400 total investment by 1793. Garrison: ~35 men.",,,,
borderlands-frontier,ref-fort-san-joaquin-castillo-de-sf,,Fort San Joaquín (Castillo de SF),,,circa,37.8107,-122.477,exact,presidio,spanSet,"1794. Battery guarding the Golden Gate narrows. 1 cannon (burst 1792), 8 by 1793, 6 functional by 1820. Unmanned by 1800.",,,,
borderlands-frontier,ref-presidio-of-monterey,,Presidio of Monterey,,,circa,36.6002,-121.8947,exact,presidio,spanSet,1770. Capital of Alta California. Burned by Bouchard 1818.,,,,
borderlands-frontier,ref-presidio-of-santa-barbara,,Presidio of Santa Bárbara,,,circa,34.4221,-119.6989,exact,presidio,spanSet,1782.,,,,
borderlands-frontier,ref-presidio-of-san-diego,,Presidio of San Diego,,,circa,32.7573,-117.1966,exact,presidio,spanSet,1769. First presidio. Punta de Guijarros battery.,,,,
borderlands-frontier,ref-mission-san-francisco-de-asis-dolores,,Mission San Francisco de Asís (Dolores),,,circa,37.765,-122.427,exact,mission,spanSet,1776.,,,,
borderlands-frontier,ref-mission-santa-clara,,Mission Santa Clara,,,circa,37.3496,-121.939,exact,mission,spanSet,1777.,,,,
borderlands-frontier,ref-mission-san-jose,,Mission San José,,,circa,37.5293,-121.9178,exact,mission,spanSet,1797. Staging base for Central Valley expeditions.,,,,
borderlands-frontier,ref-mission-san-rafael,,Mission San Rafael,,,circa,37.9735,-122.5311,exact,mission,spanSet,1817. Anti-Russian buffer. 83 days after Hagemeister treaty. Founded without a boat.,,,,
borderlands-frontier,ref-mission-san-francisco-solano-sonoma,,Mission San Francisco Solano (Sonoma),,,circa,38.294,-122.458,exact,mission,spanSet,"1823. Northernmost mission. Altimira: ""you will all be Russians.""",,,,
borderlands-frontier,ref-pueblo-de-san-jose,,Pueblo de San José,,,circa,37.3382,-121.8863,exact,settlement,spanSet,1777. First civilian settlement in Alta California.,,,,
borderlands-frontier,ref-villa-de-branciforte-santa-cruz,,Villa de Branciforte (Santa Cruz),,,circa,36.9741,-122.027,exact,settlement,spanSet,1797. Third and last pueblo. Named for Viceroy Branciforte. Planned as strategic settlement near Santa Cruz mission.,,,,
borderlands-frontier,ref-santa-eulalia-cordelia,,Santa Eulalia (Cordelia),,,circa,38.23,-122.12,exact,settlement,spanSet,"~1824. Mission Solano farming outpost — house for padre, corral, neophyte in charge. Suisun Valley.",,,,
borderlands-frontier,ref-port-rumiantsev-bodega-bay,,Port Rumiantsev (Bodega Bay),,,circa,38.31,-123.045,place,settlement,rusSet,~1807. RAC fur-collecting base. First representative: Tarakanov. Permanent.,,,,Anchorage in Bodega Harbor; the precise landing/port site is approximate.
borderlands-frontier,ref-fort-ross-metini,,Fort Ross (Metini),,,circa,38.5145,-123.245,exact,settlement,rusSet,"1812. Ivan Kuskov. 95 Russians, ~80 Aleut. 12 guns, 3 falconets. No Spanish opposition.",,,,
borderlands-frontier,ref-farallon-islands-sealing-station,,Farallon Islands Sealing Station,,,circa,37.698,-123.002,exact,settlement,rusSet,~1812. 18 mi off SF coast. Seasonal Aleut camps. Unchallenged.,,,,
borderlands-frontier,ref-kostromitinov-ranch,,Kostromitinov Ranch,,,circa,38.45,-123.1,area,settlement,rusSet,1833. Russian River near Willow Creek. ~100 acres wheat by 1841.,,,,Exact ranch site debated (Osborn); descriptions place it on the south side of the Russian River near its mouth.
borderlands-frontier,ref-khlebnikov-ranch,,Khlebnikov Ranch,,,circa,38.34,-122.97,exact,settlement,rusSet,"1833. Upper Salmon Creek valley, ~5 mi E of Bodega. Largest ranch — bakery, forge, tobacco shed.",,,,
borderlands-frontier,ref-chernykh-ranch,,Chernykh Ranch,,,circa,38.41,-122.87,exact,settlement,rusSet,~1833. Near Graton (Purrington Creek). First vineyard in Sonoma County.,,,,
borderlands-frontier,label-san-francisco,,San Francisco,,,circa,37.7749,-122.4194,exact,settlement,modern,,,,,
borderlands-frontier,label-bodega-bay,,Bodega Bay,,,circa,38.3244,-123.0386,exact,settlement,modern,,,,,
borderlands-frontier,label-fort-ross,,Fort Ross,,,circa,38.5133,-123.2442,exact,settlement,modern,,,,,
borderlands-frontier,label-carquinez-strait,,Carquinez Strait,,,circa,38.04,-122.153,exact,settlement,modern,,,,,
borderlands-frontier,label-monterey,,Monterey,,,circa,36.6002,-121.8947,exact,settlement,modern,,,,,
borderlands-frontier,label-san-diego,,San Diego,,,circa,32.7157,-117.1611,exact,settlement,modern,,,,,
borderlands-frontier,label-santa-barbara,,Santa Barbara,,,circa,34.4208,-119.6982,exact,settlement,modern,,,,,
borderlands-frontier,label-santa-cruz,,Santa Cruz,,,circa,36.9741,-122.0308,exact,settlement,modern,,,,,
borderlands-frontier,label-san-jose,,San José,,,circa,37.3382,-121.8863,exact,settlement,modern,,,,,
borderlands-frontier,label-sonoma,,Sonoma,,,circa,38.294,-122.458,exact,settlement,modern,,,,,
borderlands-frontier,label-petaluma,,Petaluma,,,circa,38.24,-122.64,exact,settlement,modern,,,,,
borderlands-frontier,label-san-rafael,,San Rafael,,,circa,37.9736,-122.5311,exact,settlement,modern,,,,,
borderlands-frontier,label-tomales-bay,,Tomales Bay,,,circa,38.23,-122.93,exact,settlement,modern,,,,,
borderlands-frontier,label-bolinas,,Bolinas,,,circa,37.91,-122.69,exact,settlement,modern,,,,,
borderlands-frontier,label-point-reyes,,Point Reyes,,,circa,38.07,-122.96,exact,settlement,modern,,,,,
borderlands-frontier,label-golden-gate,,Golden Gate,,,circa,37.807,-122.475,exact,settlement,modern,,,,,
borderlands-frontier,label-sacramento,,Sacramento,,,circa,38.5816,-121.4944,exact,settlement,modern,,,,,
borderlands-frontier,label-refugio,,Refugio,,,circa,34.47,-120.07,exact,settlement,modern,,,,,
borderlands-frontier,label-san-juan-capistrano,,San Juan Capistrano,,,circa,33.5,-117.66,exact,settlement,modern,,,,,
military-engagements,reg-1-battle-at-san-diego-mission,1,Battle at San Diego Mission,1769-08,August 1769,month,32.7534,-117.1962,place,battle,phase1,"First armed clash in Alta California. Spanish exploring party attacked at Cosoy. 1 Spaniard killed (blacksmith José Manuel Robles), 3 natives killed.",First blood — Spanish hold position,,Bancroft I. C-A 1–2.,
military-engagements,reg-2-destruction-of-san-diego-mission,2,Destruction of San Diego Mission,1775-11-05,"November 5, 1775",exact,32.757,-117.191,place,battle,phase1,"800–1,000 attackers from 9+ rancherías; dual-axis plan (mission + presidio). Defenders: Cpl. Rocha + 3 soldiers, 2 friars, 3 artisans = 11 men. Padre Jayme martyred (18 arrow wounds). Blacksmith Arroyo killed. Carpenter Urselino died of wounds. Cpl. Rocha fired muskets all night from adobe enclosure.",INDIGENOUS TACTICAL VICTORY — first successful mission destruction,,"Fuster, Registro de Defunciones (eyewitness). Ortega, Informe Nov. 30, 1775. Bancroft I, 250-254. C-A 1 (Prov. St. Pap. i.228-32). C-A 15, n5 (ranchería list).",
military-engagements,reg-3-carrillo-s-punishment-at-alocuachomi,3,Carrillo's Punishment at Alocuachomi,1777-06,June 1777,month,33.5,-117.66,place,raid,phase1,Punitive raid near San Juan Capistrano. 3 natives killed.,Spanish punitive raid,,Bancroft I.,
military-engagements,reg-4-ambush-at-san-juan-briones-killed,4,Ambush at San Juan (Briones killed),1777-08,August 1777,month,32.8,-117.1,place,battle,phase1,Midnight ambush near San Diego. Corporal Briones killed.,INDIGENOUS TACTICAL SUCCESS,,Bancroft I.,
military-engagements,reg-5-carrillo-s-raid-on-pamo,5,Carrillo's Raid on Pamó,1778-03,March 1778,month,33.0,-116.75,place,raid,phase1,Dawn assault on Pamó ranchería. 4 chiefs executed — first public execution in California.,Spanish punitive raid — 4 chiefs executed,,Bancroft I.,
military-engagements,reg-6-tenoqui-attack-on-prospecting-soldiers,6,Tenoqui Attack on Prospecting Soldiers,1790-08,August 1790,month,34.55,-119.6,place,battle,phase1,"Santa Bárbara backcountry. 2 soldiers killed, Spanish driven off.",INDIGENOUS VICTORY,,Bancroft I.,
military-engagements,reg-63-san-diego-uprising-rancheria-participant-list,63,San Diego Uprising: Ranchería Participant List,1775,1775,year,32.74,-117.21,place,standoff,phase1,Full intelligence from C-A 15: 13+ rancherías identified. Gentile woman warned of second attack planned.,Intelligence document,,"C-A 15, n5.",
military-engagements,reg-65-battle-at-la-cienega,65,Battle at La Ciénega,1769,1769,year,33.1,-117.3,place,battle,phase1,"From hoja de servicios of Sargento Verdugo: under Capt. Rivera, ""estuvieron el ataque que hicieron los gentiles en el parage de la Ciénega, en que se mataron 3.""",3 killed,,"C-A 15, n200.",
military-engagements,toypurina-s-revolt-at-san-gabriel,,Toypurina's Revolt at San Gabriel,1785-10-25,"October 25, 1785",exact,34.1,-118.11,place,battle,phase1,MAJOR CONSPIRACY. Toypurina — female war leader of the Tongva (Gabrieleño) — organized multi-village uprising against Mission San Gabriel with neophyte alcalde Nicolás José. Plan to kill padres and soldiers. Betrayed by informant before attack could succeed. Toypurina and co-conspirators arrested. She was exiled to Mission San Carlos Borromeo. One of the most important indigenous military actors in California history.,Conspiracy foiled — Toypurina arrested and exiled,,"Beebe & Senkewicz, pp. 247–249. Bancroft I. Hugo Reid letters.",
military-engagements,reg-5½-yuma-revolt-colorado-river-massacre,5½,Yuma Revolt (Colorado River Massacre),1781,"July 17–18, 1781",range,32.726,-114.6293,place,battle,yuma,"DECISIVE YUMA VICTORY. 2 mission-pueblos (La Purísima Concepción, San Pedro y San Pablo) destroyed. 46+ dead including 4 Franciscan friars. Overland route from Sonora to California closed for 40+ years.",DECISIVE YUMA VICTORY — overland route closed,,"Arricivita, Crónica Seráfica (1792). Bancroft I. C-A 22.",
military-engagements,reg-5½a-death-of-rivera-y-moncada,5½a,Death of Rivera y Moncada,1781,"July 17–18, 1781",range,32.735,-114.615,place,battle,yuma,Sub-engagement of Yuma Revolt. Capt. Fernando de Rivera y Moncada and all 11–12 soldiers killed at separate camp on east bank. Rivera was the military governor of the Californias.,TOTAL YUMA VICTORY — Rivera killed,,"C-A 22, n300, pp. 286–88. Neve to Com. Gral.",
military-engagements,reg-72-fages-at-ruins-of-purisima,72,Fages at Ruins of Purísima,1782,1782,year,32.73,-114.58,place,standoff,yuma,"Fages arrives at ""arruinado pueblo de la Purísima."" Yumas have fled. Communicates with Romeu and Fueros.",Aftermath reconnaissance,,"C-A 22, n200, pp. 563–64.",
military-engagements,reg-73-yuma-pacification-strategy,73,Yuma Pacification Strategy,1782,1782,year,32.74,-114.65,place,standoff,yuma,"Fages proposes withdrawing troops to let Yumas return to agriculture, then apprehending ringleaders.",Strategy — not engagement,,"C-A 22, n280, pp. 176–77.",
military-engagements,reg-74-rivera-s-final-expedition-written-before-massacr,74,Rivera's Final Expedition (written before massacre),1781-05,May 1781,month,32.72,-114.6,place,standoff,yuma,Neve writes from San Gabriel: 17 families departed Loreto under Alférez Ramón Laso. Sargento Juan José Robles + 12 soldiers heading to Colorado to meet Rivera — who would be killed 2 months later.,Written 2 months before the massacre,,"C-A 22, n300, pp. 286–88.",
military-engagements,reg-58-colorado-river-attacks-3-incidents,58,Colorado River Attacks (3 incidents),1794,1794–1808,range,32.71,-114.62,place,battle,yuma,"Gentiles attacked 3 times, killed 5 people on the Colorado River frontier. Eastern boundary violence.",5 killed across 3 attacks,,"C-A 16, n100.",
military-engagements,reg-66-colorado-river-11-of-21-killed,66,Colorado River: 11 of 21 Killed,1819,1819,year,32.7,-114.64,place,battle,yuma,"""De los 21 que eran se mataron allí once, y que 10 eran los fugados."" Fr. Señan reports 10 killed. Solá orders vigía on Colorado River Indians.",11 killed,,"C-A 17, n220.",
military-engagements,fages-el-canelo-skirmish,,Fages — El Canelo Skirmish,1782-09-21,"September 21, 1782",exact,32.68,-114.56,place,battle,yuma,First engagement of Fages' punitive expedition after Yuma Revolt. ~1 hour of fighting at El Canelo. 3 volunteers and 2 presidials wounded. Rescued 2 captive women and a child from Yuma captivity.,"Spanish advance — 5 wounded, captives rescued",,"Fages, Colorado River Campaign diary (Priestley, 1913). Vault: sources/fages-colorado-river-campaign-1781.md",
military-engagements,fages-battle-of-october-20,,Fages — Battle of October 20,1782-10-20,"October 20, 1782",exact,32.75,-114.58,place,battle,yuma,"Major engagement of Fages' Colorado River campaign. Killed 25+ Yumas including Palma's son and brother (badly wounded). Previously ransomed 48 captives (Oct 18), 14 more (Oct 19). Officers voted unanimously to retreat Oct 21 despite Fages' intent to continue.","Spanish tactical victory — 25+ Yuma killed, 62 captives ransomed",,"Fages, Colorado River Campaign diary (Priestley, 1913). Vault: sources/fages-colorado-river-campaign-1781.md",
military-engagements,reg-7-sacalanes-attack-on-neophyte-party,7,Sacalanes Attack on Neophyte Party,1795-03,March 1795,month,37.65,-122.0,place,battle,phase2,"East Bay hills, Sacalan territory (Alameda Co. between Oakland and Mission SJ). Dantí sent ~30 neophytes (no soldiers) across the bay to recover fugitives. Sacalanes attacked, killed 8–10. Gov. Borica refused retaliation.",INDIGENOUS VICTORY,,"Bancroft II. Beebe & Senkewicz, p. 266.",
military-engagements,reg-8-briones-vs-tulares-rancheria,8,Briones vs. Tulares Ranchería,1797-01,January 1797,month,35.5,-120.0,place,raid,phase2,"Tulare Valley edge, near SLO. Punitive raid; chief captured.",Spanish punitive raid,,Bancroft II.,
military-engagements,reg-9-amador-vs-sacalanes-cuchillones,9,Amador vs. Sacalanes/Cuchillones,1797,"July 15–18, 1797",range,37.58,-121.82,place,battle,phase2,"Sacalanes ranchería, ~6 leagues from Mission SJ, in redwoods (palos colorados) and sierras — probably Sunol/Niles Canyon area. Sgt. Pedro Amador with 22 soldiers vs. ~50 Sacalanes/Cuchillones. Sacalanes dug pit traps (pozos) to neutralize cavalry — forced Spanish to dismount and fight hand-to-hand for 2+ hours. 7–8 killed.",Spanish victory — but innovative indigenous counter-cavalry tactics,,Bancroft II. C-A 9.,
military-engagements,reg-10-castro-s-night-siege-at-sjb,10,Castro's Night Siege at SJB,1798,1798,year,36.85,-121.54,place,battle,phase2,"Night siege of Mission San Juan Bautista. 1 chief killed, 1 soldier wounded.",Spanish hold mission,,Bancroft II.,
military-engagements,reg-11-amador-s-raid-from-santa-clara,11,Amador's Raid from Santa Clara,1800-05,May 1800,month,37.4,-121.8,place,raid,phase2,"Hills east of Santa Clara. Chief killed, weapons broken, captives taken.",Spanish punitive raid,,Bancroft II. PP 0254 (Alberni orders 12 armed men for Amador).,
military-engagements,reg-12-pacheco-s-fight-near-santa-clara,12,Pacheco's Fight near Santa Clara,1801,ca. 1801,circa,37.35,-121.95,place,battle,phase2,5 gentiles killed near Santa Clara.,5 gentiles killed,,Bancroft II.,
military-engagements,reg-13-capture-of-chief-guchapa,13,Capture of Chief Guchapa,1803-12,December 1803,month,35.73,-120.3,place,raid,phase2,Cholam village. Spanish captured chief; negotiated release.,Diplomatic capture,,Bancroft II.,
military-engagements,reg-14-attack-on-padre-cueva,14,Attack on Padre Cueva,1805-01,January 1805,month,37.53,-121.72,place,battle,phase2,"Ranchería 10–15 miles east of Mission San José, in Asisines/Luecheas territory (Diablo Range foothills). Spanish driven back.",INDIGENOUS TACTICAL VICTORY,,"C-A 12, pp. 33–39.",
military-engagements,reg-15-fight-at-carquinez-strait,15,Fight at Carquinez Strait,1807-02,February 1807,month,38.05,-122.22,place,battle,phase2,Carquinez Strait narrows. 12–15 Mission SJ neophytes killed by gentiles controlling the strait crossing.,INDIGENOUS VICTORY,,Bancroft II.,
military-engagements,reg-38-rancheria-attack-near-san-jose,38,Ranchería Attack Near San José,1805,ca. 1805,circa,37.5,-121.7,place,battle,phase2,"6 leagues from San José. Multi-day pursuit. 15 volunteers + 18 soldiers. 11 killed, 31 captured.",Spanish victory after multi-day pursuit,,C-A 11.,
military-engagements,reg-39-san-juan-bautista-wheat-field-arson,39,San Juan Bautista Wheat-Field Arson,1800-07,July 1800,month,36.845,-121.535,place,battle,phase2,INDIGENOUS ECONOMIC WARFARE. Wheat crop burned. Moraga captured capitanejo from Santa Cruz (pursued 3 years). Signs of sublevación.,Economic warfare — wheat crop destroyed,,C-A 11.,
military-engagements,reg-46-amador-s-failed-attack-at-san-jose,46,Amador's Failed Attack at San José,1797,1797,year,37.535,-121.915,place,raid,phase2,"""Salió nulo el proyecto de atacar los Gentiles."" Failed military operation by Sargento Pedro Amador.",FAILED Spanish operation,,"C-A 9, n30, p. 48.",
military-engagements,reg-47-fugitive-neophytes-sacalan-cuchillones,47,Fugitive Neophytes: Sacalan & Cuchillones,1797,1797,year,37.79,-122.46,place,standoff,phase2,"3 Christians fled Mission SF to their lands: 1 Sacalan, 2 Cuchillones. Tribal identification of fugitives.",Fugitive intelligence,,"C-A 9, n30, p. 49. Fray Martín Landaeta.",
military-engagements,reg-48-amador-expedition-with-captives,48,Amador Expedition with Captives,1797,1797,year,37.795,-122.4,place,raid,phase2,"Amador reports on expedition from SF jurisdiction. Parte y diario original. Awaits orders about ""la presa que recogió"" (captives).",Spanish raid — captives taken,,"C-A 9, n42, pp. 87–86.",
military-engagements,reg-50-indian-killed-at-monterey-presidio,50,Indian Killed at Monterey Presidio,1797,1797,year,36.6,-121.895,place,battle,phase2,"Indian Choychi grabbed musket at 2 AM, wounded guard Quesadas with bayonet. Soldiers entered; Marín struck him on head — died 1½ hours later ""echando sangre con espuma por la boca.""",Indian killed resisting,,"C-A 9, n218, pp. ~810–815.",
military-engagements,reg-51-murder-of-christian-indian-toribio,51,Murder of Christian Indian Toribio,1797,1797,year,35.28,-120.66,place,battle,phase2,"Padre sent Christians to fetch gentile woman. Old gentile man + 2 sons killed Toribio — suspected him of poisoning (""enyerbado"") their daughter who died at mission. Marcos Briones dispatches soldiers.",Inter-community violence at mission boundary,,"C-A 9, n240, pp. 906–907.",
military-engagements,reg-52-expedition-against-tulares-gathering,52,Expedition against Tulares Gathering,1797,1797,year,36.22,-119.28,place,raid,phase2,"Pursued fugitives, couldn't find them. Indian woman reported gentiles gathering ""heading toward the Tulares."" Plans to return ""to pacify the gathering of Gentiles.""",Failed pursuit,,"C-A 9, n240, pp. 904–905.",
military-engagements,reg-54-amador-expedition-to-el-colorado,54,Amador Expedition to el Colorado,1798-04,April 1798,month,37.505,-121.78,place,raid,phase2,"Argüello orders Amador: ""A lo gentiles no se los violente para hacerlos de sus rancherías."" Gentiles fled ""porque decían que querían bautizarlos"" — feared forced baptism.",Failed — gentiles fled,,"C-A 10, n218, pp. 218–220.",
military-engagements,reg-56-false-alarm-attack-on-slo-sm-concepcion,56,"False Alarm: Attack on SLO, SM, Concepción",1799,1799,year,35.5,-120.5,place,standoff,phase2,"Rumored multi-mission attack proved false. Viceroy Azanza ""queda impuesto de la falsedad de la noticia.""",False alarm — no attack,,"C-A 10, n240, p. 487.",
military-engagements,reg-62-tulares-borica-orders-avoidance,62,Tulares: Borica Orders Avoidance,1799,1799,year,36.25,-119.32,place,standoff,phase2,"""No conviene de ningún modo mandar Neofitos ni tropa á los Tulares... por ser muchísimos los Gentiles y exponerse á una pelea fuerte."" Sargento Macario Castro sent with Indian guides instead.",Strategic avoidance — gentiles too numerous,,"C-A 24, n560, p. 753.",
military-engagements,peralta-s-failed-expedition-from-santa-clara,,Peralta's Failed Expedition from Santa Clara,1804-02,February 1804,month,37.38,-121.82,place,raid,phase2,"Cabo Luis Peralta (future grantee of Rancho San Antonio — Oakland/Berkeley/Alameda) ""did not have satisfactory results for lack of good guides."" Can't navigate into indigenous territory.","Failed — ""por falta de buenos guías""",,"C-A 11, Savage p. 334 / Orig. pp. 824–25.",
military-engagements,reg-16-report-at-pizcache-village,16,Report at Pizcache Village,1806-10,October 1806,month,37.1,-120.15,place,standoff,phase3a,"No combat. Oral memory of prior battle: ""Other soldiers from the other side of the mountains appeared about twenty years ago."" ~200 souls, chief Sujoyucomu.",Oral history — no combat,,Muñoz diary (Cook note 27–28).,
military-engagements,reg-17-armed-confrontation-at-rio-guadalupe,17,Armed Confrontation at Río Guadalupe,1806-10,October 1806,month,37.55,-120.88,place,standoff,phase3a,Tuolumne River area. 40 armed Indians with feather flag. Standoff; no casualties.,Standoff — no casualties,,Muñoz diary (Cook note 20).,
military-engagements,reg-18-encounter-at-taulamne,18,Encounter at Taulamne,1806-10,October 1806,month,37.83,-120.67,place,standoff,phase3a,"Tuolumne caves. ~200 souls on steep cliffs, inaccessible. Indians live in caves. Refused to descend. Said ""soldiers killed and captured people."" Armed passive resistance.",Armed passive resistance — no combat,,Muñoz diary (Cook note 23). Knights Ferry.,
military-engagements,reg-19-skirmish-at-apaglamenes-tationes,19,Skirmish at Apaglamenes/Tationes,1810-08,August 1810,month,37.56,-121.19,place,battle,phase3a,"Near Grayson, Stanislaus County. 30 armed heathen on opposite bank, ""painted, bedecked with feathers."" 12 shots fired. One Indian hit. ""Soldier Morales came into the skirmish with half his chin shaved.""",Brief exchange — Spanish continued march,,Viader diary (Cook note 7). C-A 12.,
military-engagements,reg-20-dawn-assault-at-pescadero-cholvones,20,Dawn Assault at Pescadero/Cholvones,1810-10,October 1810,month,37.82,-121.51,place,battle,phase3a,"Delta — Old River area. ""Before dawn we assaulted a village."" 15 San José Christians recovered, 18 heathen men captured, 51 women (released — ""went away very happy""). 2 prisoners escaped.",Spanish decisive success — captives recovered,,Viader diary (Cook note 12). C-A 12.,
military-engagements,reg-21-battle-of-suisun,21,Battle of Suisun,1810-05-22,"May 22, 1810",exact,38.27,-122.13,place,battle,phase3a,"MAJOR ENGAGEMENT. Alf. Moraga, 17 cavalry vs. ~120 Sespesuña/Suisun warriors. Crossed Carquines Strait by boat. Hard fight — 18 captured (released, expected to die). Survivors in 3 huts: 2 stormed, all killed; 3rd set on fire — ""bravely preferred to perish in the flames."" 4 Spanish wounded (23.5% rate) — highest in any Spanish victory. Royal Order from Spain praised ""glorious action."" Moraga promoted; Herrera + Soto made sergeants.",Spanish tactical victory — highest casualty rate of any Spanish victory,,"Prov. Rec. IX.122-3 (C-A 25). Prov. St. Pap. XIX.314 (C-A 12). Bancroft II, 91-92. Vallejo, Recuerdos, i.131-5.",
military-engagements,reg-22-tense-encounter-with-tauquimenes,22,Tense Encounter with Tauquimenes,1811-10,October 1811,month,38.1,-121.5,place,standoff,phase3b,"Sacramento River branch, delta. Standoff; no combat.",Standoff — no combat,,Bancroft II.,
military-engagements,reg-23-soto-s-battle,23,Soto's Battle,1813-10-27,"October 27, 1813",exact,38.22,-121.42,place,battle,phase3b,"LARGEST PITCHED BATTLE IN COLONIAL CA. Sgt. Soto + 12 soldiers from SF (by boat) + 100 Mission San José auxiliaries vs. ~1,000 warriors from 4 united rancherías (Unsumnes). Warriors pre-positioned on marshy island, women/children removed. ""Fell upon the soldiers at landing."" 3-hour battle. Soto ""was at one time doubtful of the result, so reliant were the foes on their numbers, so careless of life."" 1 neophyte killed (Alcalde Julio); many indigenous dead. Not a single fugitive captured.",Spanish tactical / INDIGENOUS STRATEGIC VICTORY — largest single-engagement indigenous army in CA,,"Soto, Expedicion Militar del Sargento, 1813, MS. (in Argüello report). S. José Lib. Mision, 25. Bancroft II, 324-5. C-A 12 (Prov. St. Pap. XIX.334-348). Cook, Colonial Expeditions, 265-277.",
military-engagements,reg-24-pico-s-fight-at-san-joaquin-crossing,24,Pico's Fight at San Joaquin Crossing,1815,"November 9–10, 1815",range,37.05,-120.75,place,battle,phase3b,"San Joaquin River between Dos Palos and Los Banos. Day 9: armed heathen crossing river, Cpl. Juarez engaged — killed 2. Day 10: Indians came to attack camp at dawn. Line of battle formed. Interpreter asked what they wanted — ""to fight."" After firing, troops dismounted and pursued through brush. 3 killed, 1 captured. Dead included a Christian from Santa Cruz who was ""the one most determined"" to kill the soldiers.",Spanish victory — 5 killed total,,"Pico diary (Cook, pp. 271–274). C-A 12–13.",
military-engagements,reg-25-ortega-s-raid-on-tache,25,Ortega's Raid on Tache,1815-11-10,"November 10, 1815",exact,36.32,-119.85,place,raid,phase3b,"Tache village, Kings River, not far west of Lemoore (Cook note [2]). Ortega attacked at dawn but village deserted — fugitive Indians had warned them ""the soldiers were coming to kill them at the point of the lance."" Found 3 Soledad horses. Followed into tule swamp but could not reach inhabitants.",Village deserted — fugitives warned them,,"Ortega diary (Cook, pp. 267–269). Cook note [2]: Tachi territory west of Tulare Lake, villages near Lemoore.",
military-engagements,reg-26-pico-s-raid-on-cheneche,26,Pico's Raid on Cheneche,1815-11-08,"November 8, 1815",exact,37.12,-120.82,place,raid,phase3b,"Cheneche village near mouth of Mariposa Creek, north of Los Banos, on the San Joaquin River. Pre-dawn assault at 4 AM. 66 captured (Christians and heathen). Released 4 men and 12 crippled old women. ""Majority of the people escaped because this village is in a bad location."" Found 7 live horses and 5 recently dead.",Mostly escaped — bad terrain for pursuit,,"Pico diary (Cook, pp. 270–271). Cook note [9]: Cheneches near mouth of Mariposa Creek.",
military-engagements,reg-27-tapee-horse-slaughter,27,Tapee Horse Slaughter,1815-11-23,"November 23, 1815",exact,36.8,-120.2,place,battle,phase3b,"Village of Tapee (Tape), south of the great bend of the San Joaquin River, ~20 miles west of Fresno (Cook note [9]). Pico surrounded village on both sides of river. Found 238 RECENTLY KILLED ANIMALS, ""a great deal of meat quartered and dried,"" and 16 live animals shot with arrows or badly treated. ""From Tapee to Cheneches... more than 500 dead animals."" LARGEST INDIGENOUS ECONOMIC WARFARE INCIDENT.","INDIGENOUS ECONOMIC WARFARE — 238+ horses killed, 500+ in region",,"Pico diary (Cook, pp. 275–276). Cook note [9]: Tape ~20 mi. W of Fresno, south of SJ great bend.",
military-engagements,reg-28-search-for-malim-village,28,Search for Malim Village,1815,"November 27–28, 1815",range,37.18,-120.82,place,raid,phase3b,"Junction of Mariposa Creek and the San Joaquin River, near Los Banos. Guide (from Malim village) told them he knew the way, then when they arrived said he didn't know where it was — ""but he did know that this was his country and we were hunting for his village."" Guide given 10 lashes. Village found but inhabitants had escaped. 2 Christians from Santa Cruz captured.","Failed — guide resistance, inhabitants escaped",,"Pico diary (Cook, pp. 277–278). Cook note [9]: Malim between Cheneches and Nupchenches along SJ River.",
military-engagements,reg-29-martinez-incident-at-bubal,29,Martinez Incident at Bubal,1816-05,May 1816,month,36.1,-119.85,place,raid,phase3b,"Village of Bubal (Wowol), western shore of Tulare Lake (Cook note [6]). Fr. Luis Antonio Martinez burned village of Pusas. Lively controversy with other friars over his behavior.",Village burned — controversy among Franciscans,,"Cook, pp. 279–286. Cook note [6]: Bubal = Wowol, NE shore of Tulare Lake.",
military-engagements,reg-30-battle-at-malime-tasnil,30,Battle at Malime/Tasnil,1816-12,December 1816,month,36.97,-122.03,place,battle,phase3b,Near Santa Cruz. Inter-indigenous: Christians vs. gentiles. 4 killed.,4 killed — inter-indigenous,,Bancroft II.,
military-engagements,reg-31-armed-encounter-on-sacramento,31,Armed Encounter on Sacramento,1817-05,May 1817,month,38.3,-121.5,place,standoff,phase3b,"Sacramento River, ~50 miles from SF. Standoff; Spanish retreated.",Standoff — Spanish retreated,,Bancroft II.,
military-engagements,reg-32-skirmish-with-fugitives-on-sacramento,32,Skirmish with Fugitives on Sacramento,1817-05,May 1817,month,38.1,-121.6,place,battle,phase3b,Sacramento delta island. Minor skirmish; 1 wounded.,Minor skirmish,,Bancroft II.,
military-engagements,reg-33-campaign-against-muquelenis,33,Campaign against Muquelenis,1819-10,October 1819,month,38.15,-121.3,place,raid,phase3b,"Mokelumne, eastern delta. Spanish reported success.",Spanish reported success,,Bancroft II. C-A 17.,
military-engagements,reg-34-garcia-s-battle-at-jayaya-tape,34,Garcia's Battle at Jayaya/Tape,1815,ca. 1815–20,range,37.1,-121.0,place,battle,phase3b,"Beyond Santa Rita, near SJB. Spanish nearly defeated; chaotic retreat.",Spanish near-defeat,,Bancroft II.,
military-engagements,reg-35-boronda-s-campaign-at-tachi,35,Boronda's Campaign at Tachi,1815,ca. 1815–20,range,36.3,-119.88,place,battle,phase3b,"Tachi village, west of Tulare Lake near Lemoore (Cook note [2]: ""not far west of Lemoore""). Same village Ortega raided in Nov 1815. ""Arrows raining; underground defenses."" Indigenous fortification.",Contested — indigenous defensive innovation,,Bancroft II. Cook note [2] on Tachi location.,
military-engagements,reg-68-moraga-s-failed-expedition-to-amajava,68,Moraga's Failed Expedition to Amajava,1819,1819,year,34.5,-119.5,place,raid,phase3b,"Interior Santa Barbara. ""Impassable roads, no water/pasture. Sin haber podido llegar á la ranchería de los Amajavas."" Gentiles attacked others as reprisal for mission punishment.",Failed — could not reach objective,,"C-A 17, n240, p. 453.",
military-engagements,killing-of-padre-quintana-at-santa-cruz,,Killing of Padre Quintana at Santa Cruz,1812-10-12,"October 12, 1812",exact,36.975,-122.025,place,battle,phase3b,"Neophytes at Mission Santa Cruz killed Padre Andrés Quintana after he used a wire-tipped whip on them. Lorenzo Asisara's eyewitness account (recorded 1877) is the primary source. Planned conspiracy among neophytes — lured padre out at night, strangled and mutilated him. Death concealed as natural for years.",Padre killed — indigenous resistance to mission abuse,,"Lorenzo Asisara account (Beebe & Senkewicz, pp. 284–293). Bancroft II.",
military-engagements,reg-69-sanchez-sf-campaign,69,Sánchez SF Campaign,1820,1820,year,37.8,-122.38,place,battle,phase3b,"SF area. Solá: campaign under Sargento Sánchez ""fue muy brillante."" Recommended for alférez despite near-invalid status.","Spanish success — ""muy brillante""",,"C-A 17, n240, p. 455.",
military-engagements,reg-36-battle-of-punta-de-guijarros-lelia-byrd,36,Battle of Punta de Guijarros (Lelia Byrd),1803-03,March 1803,month,32.67,-117.24,place,battle,maritime,FIRST NAVAL ENGAGEMENT in California. Shore battery vs. American frigate. Grapeshot exchanged; ship escaped.,Ship escaped — inconclusive,,Bancroft II. C-A 11.,
military-engagements,reg-37-battle-at-santa-catalina-frontera,37,Battle at Santa Catalina Frontera,1804,1804,year,30.5,-115.5,place,battle,maritime,Baja California frontier. Spanish victory in two phases; chief killed. Sargento Salgado wounded — musket ball lodged.,Spanish victory — 2 phases,,C-A 11.,
military-engagements,reg-41-english-ship-at-bodega-with-cannons-on-land,41,English Ship at Bodega with Cannons on Land,1793,1793,year,38.31,-122.98,place,standoff,maritime,English ship anchored at Bodega with cannons on land — possible temporary fortification. Same year as Spanish Bodega colonization failure.,Foreign military presence,,C-A 14.,
military-engagements,reg-42-de-la-cuadra-emergency-battery-at-monterey,42,De la Cuadra Emergency Battery at Monterey,1794-10,October 1794,month,36.605,-121.885,place,defense,maritime,Naval captain from Nootka finds NO defense at Monterey landing. Orders 4-cannon battery built on overlooking hill.,Emergency fortification,,C-A 14.,
military-engagements,reg-44-english-launches-at-santa-cruz,44,English Launches at Santa Cruz,1794-11,November 1794,month,36.975,-122.025,place,standoff,maritime,English launches at Santa Cruz coast; withdrew morning of Nov 28. Sargento Pedro Amador sent as reinforcement. Soldier Joaquín Mesa punished for misreporting.,English withdrew,,"C-A 7, n33, pp. 81–2.",
military-engagements,reg-53-san-diego-harbor-defense-protocol,53,San Diego Harbor Defense Protocol,1797,1797,year,32.672,-117.235,place,defense,maritime,Detailed defensive orders: artillery alternates 24-hr guard; live sentinel at batería; watch bocana del Estrecho. English aware of SJC fondeadero. Pedreros recommended at SJC embarcadero.,Defense planning — no engagement,,"C-A 9, n255+n270.",
military-engagements,reg-67-american-vessel-captured-at-refugio,67,American Vessel Captured at Refugio,1816,ca. 1816,circa,34.47,-120.07,place,battle,maritime,Sargento Carlos Carrillo reported 2 vessels. Alférez with 14 men captured 2 Americans + 2 Indians + 1 negro. Then 6 more Americans + 2 captains. Goleta prisionera.,Spanish capture American ship + crew,,"C-A 17, n160, pp. 313–41.",
military-engagements,reg-70-post-bouchard-defense-150-machetes,70,Post-Bouchard Defense: 150 Machetes,1819,1819,year,36.595,-121.895,place,defense,maritime,"Solá + Fr. Payeras: construct 150 machetes + cartucheras — ""por el corto número de espadas que tienen."" Model machetes sent to missions for production. Desperate arming.",Emergency arms production,,"C-A 17, n300.",
military-engagements,english-corsair-campaign-ca-response,,English Corsair Campaign — CA Response,1799,May–Sept 1799,range,36.61,-121.9,place,defense,maritime,"4 English frigates (22–24 guns each) raided Gulf of California shipping. Gov. Arrillaga: ""sin ningunos elementos de defensa."" 50-man militia raised; battery formed at Puerto Escondido.",English naval dominance — Spanish desperate defense,,C-A 14.,
military-engagements,bouchard-s-attack-on-monterey,,Bouchard's Attack on Monterey,1818,"November 20–26, 1818",range,36.595,-121.88,place,battle,maritime,"MAJOR NAVAL RAID. Argentine privateer Bouchard: Argentina (38 guns + 2 howitzers) + Santa Rosa (26 guns), ~285 crew. Spanish: 40 defenders (25 cavalry, 4 veteran artillery, 11 militia). Nov 21: 2-hour artillery duel — J.J. Vallejo's beach battery did most damage; 5+ insurgents killed. Nov 22: 400 men landed with 4 field pieces; Estrada's 25 men overwhelmed. Solá retreated to Salinas, saving archives + 6,000 cartridges. Presidio burned Nov 26-27. Damage: ~$10,000. Only foreign capture of a California capital.",Only time a California presidio fell to an enemy — Monterey burned,,"Solá, Noticia (report to viceroy). Prov. Rec. XII.164 (C-A 26). Prov. St. Pap. XX.228-30 (C-A 13). Ben. Mil. XLIX (C-A 17). 15+ Californio testimonies. Bancroft II, 227-243.",
military-engagements,bouchard-s-raid-on-refugio-ranch,,Bouchard's Raid on Refugio Ranch,1818,"December 2–3, 1818",range,34.465,-120.075,place,raid,maritime,"Dec 2: Bouchard landed, plundered and burned Ortega's ranch, killed cattle. Sgt. Carlos Carrillo with 30 men reached Sta Inés at 11:30 PM. Padres sent 40 armed neophytes + 35 more from SLO. Spanish ambush party captured 3 insurgents (Lt. William Taylor of Boston, Martin Romero, Mateo José Pascual).",Ranch destroyed; 3 insurgents captured by ambush,,"Padre Ullibarri to Payeras (Arch. Arzob. III.ii.24-6). Bancroft II, 236-237.",
military-engagements,bouchard-at-san-juan-capistrano,,Bouchard at San Juan Capistrano,1818,"December 14–15, 1818",range,33.505,-117.665,place,raid,maritime,"Dec 14-15: Alf. Santiago Argüello with 30 men from San Diego posted on hill. Bouchard landed, requested supplies, refused. Minor damage — straw houses burned, wine/brandy spilled. 4 insurgent deserters surrendered (John Rose, Scotch drummer; Pedro Zaldíbar; Nicolás Chavarría; Mateo José Pascual).",Minor damage; 4 insurgent deserters surrendered,,"Bancroft II, 240-241. Prov. St. Pap. XX.62; Ben. Mil. XLIX.66-72 (prisoner testimony).",
military-engagements,reg-43-santa-clara-uprising-threat,43,Santa Clara Uprising Threat,1794,1794,year,37.35,-121.97,place,defense,infra,"Fray Diego de Noboa warns: rancherías augmented, ""rompimiento muy semejante al de Sonora"" (uprising like Sonora). Exiled gentiles from Monterey/Santa Cruz fled with Christians. ""Situación muy crítica.""",Intelligence warning — no engagement,,"C-A 7, n52, p. 53.",
military-engagements,reg-49-stockade-at-mission-san-jose,49,Stockade at Mission San José,1797,1797,year,37.532,-121.925,place,defense,infra,"Estacada ordered: 70 varas long, 60 varas wide. Soldiers must carry arms at all times; weekly arms and cartridge inspection. Pedro Amador instructions.",Fortification construction,,"C-A 9, n33, pp. 54–55.",
military-engagements,reg-59-indian-prisoners-at-san-diego,59,Indian Prisoners at San Diego,1794,1794–1808,range,32.755,-117.195,place,defense,infra,"""Indios presidiarios"" maintained at $693/year at San Diego presidio. Indigenous prisoners as fiscal/military burden.",Prison infrastructure,,"C-A 16, n180.",
military-engagements,reg-60-neophyte-hermenegildo-condemned-to-death,60,Neophyte Hermenegildo Condemned to Death,1807-03-22,"March 22, 1807",exact,32.752,-117.188,place,defense,infra,Neophyte sentenced to capital punishment at San Diego. Extreme measure.,Capital punishment,,"C-A 16, n400.",
military-engagements,reg-71-arms-inventory-all-ca-presidios,71,Arms Inventory ALL CA Presidios,1782-01-08,"January 8, 1782",exact,34.1,-118.11,place,defense,infra,"Complete ""Relación del Armamento"" at San Gabriel. ALL 5 presidios: 263 swords (72 short), 376 mohanas (22 short), 289 escopetas (51 short), 434 pistol pairs. SF: 32 swords (13 short), 55 mohanas, 39 escopetas (12 short).",Baseline military capacity,,"C-A 22, n200, p. 561.",
military-engagements,chumash-revolt-santa-ines,,Chumash Revolt — Santa Inés,1824-02-21,"February 21, 1824",exact,34.6135,-120.07,place,battle,mexican,"LARGEST INDIGENOUS UPRISING IN CALIFORNIA. Trigger: flogging of Purísima neophyte by Cpl. Cota. Feb 21 afternoon: neophytes attacked soldiers, set fire to ""a large part of mission buildings."" Sgt. Anastasio Carrillo arrived next day with reinforcements. Hostile Indians fled to Purísima.",Chumash driven off — revolt spreads to La Purísima and Santa Barbara,,"Rafael González (Beebe & Senkewicz, pp. 323-365). Bancroft II, 527-536. Ripoll, Levantamiento, MS.",
military-engagements,chumash-revolt-la-purisima-seized,,Chumash Revolt — La Purísima Seized,1824,"February 21–22, 1824",range,34.67,-120.42,place,battle,mexican,"Same afternoon as Sta Inés. Cpl. Tapia + 4-5 soldiers defended families through night; surrendered when powder ran out. 4 white travelers killed (Sepúlveda, Sotelo + 2). 7 Indians killed. ~400 neophytes then fortified mission: palisades, loopholes in adobe, mounted old cannon + 2 swivel-guns, drilled for month. Padre Rodríguez stayed — ""no disposition to molest him.""",INDIGENOUS VICTORY — Chumash held fortified mission for 29 days,,"Bancroft II, 528-533. Purísima Lib. Mis., MS., 11. Beebe & Senkewicz, 323-365.",
military-engagements,chumash-revolt-santa-barbara,,Chumash Revolt — Santa Barbara,1824,"February 22–23, 1824",range,34.4373,-119.7143,place,battle,mexican,"Feb 22: Neophytes under Andrés armed themselves. Fought Capt. Guerra's troops ""several hours"" from behind corridor pillars with guns and arrows. Indians: 2 killed, 3 wounded (28 total dead later). Spanish: 4 wounded. Indians took property (respected church), fled to hills then Tulares. Ripoll ""sat at a window at the presidio overlooking the mission, weeping.""",Chumash strategic withdrawal to Tulares — retained autonomy for 4 months,,"Ripoll, Levantamiento, MS. Ord, Ocurrencias, MS., 7-11. Bancroft II, 530-531.",
military-engagements,recapture-of-la-purisima,,Recapture of La Purísima,1824-03-16,"March 16, 1824",exact,34.67,-120.42,place,battle,mexican,"Lt. Estrada: 109 men (16 artillery, 23 cavalry, 35 infantry, 35 Indian auxiliaries) + 4-pounder. 8 AM attack. 400 neophytes returned fire from cannon, swivels, muskets + arrows. Neophyte guns ineffective — ""ignorance of gunners."" Canon may have burst, killing defenders. Cavalry cut off escape. P. Rodríguez interceded. Over at 10:30 AM. Indians: 16 killed, many wounded. Spanish: 3 wounded (1 mortal). 7 sentenced to death + shot. 4 ringleaders: 10 yrs exile.",Mexican victory — 2.5 hour battle; 7 Chumash leaders executed,,"Estrada report (Dept. St. Pap. I.166-9, C-A 27). Gonzalez, Experiencias, MS. Bancroft II, 532-534.",
military-engagements,estanislao-s-first-revolt-sanchez-defeated,,Estanislao's First Revolt — Sánchez Defeated,1829,"May 5–8, 1829",range,37.75,-121.25,place,battle,mexican,"ESTANISLAO — ""a neophyte of more than ordinary ability, educated at Mission San José, of which establishment he was at one time alcalde."" Ran away 1827-28 with CIPRIANO. By Nov 1828 PP. Durán and Viader warned Martínez of general rising. Earlier ~20-man expedition accomplished nothing. Estanislao continued ""insulting challenges to the soldiers."" May 5-8: Alf. Sánchez with ~40 men + damaged swivel-gun. Divided into 6 parties of 6 under Cpls. Piña, Berreyesa, Soto. 2 of Piña's men ""so rash as to enter the wood"" — killed. ""Ammunition exhausted, men tired out, weather excessively hot."" Estanislao left unconquered. Cpl. Soto and pvts. Peña and Pacheco praised for gallantry.",INDIGENOUS VICTORY — Sánchez's force repulsed with heavy losses (~50% casualty rate),,"Sánchez, Campaña contra Estanislao, 1829, MS. Durán/Viader to Martínez Nov 1828 (Arch. Arzob. V.i.68-70). Beebe & Senkewicz, 366-412. Bancroft III, 110-112.",
military-engagements,estanislao-s-revolt-vallejo-s-expedition,,Estanislao's Revolt — Vallejo's Expedition,1829,"May 29 – Jun 4, 1829",range,37.76,-121.24,place,battle,mexican,"VALLEJO'S 3RD COMMAND — prior campaigns: Sierra Nevada from S. Miguel (1 killed, 15 wounded), Tulares (35 men, ""slain 48 Indians, no casualties""). 107 men + 3-pounder. Set impenetrable wood on fire. Sánchez with 25 men fought 2+ hrs in burning wood. Vallejo with 37 men found ""pits and ditches arranged with considerable skill"" — ""Indians could never have been dislodged except by the agency employed."" Pursued to Arroyo Seco: ""some negotiations"" then Indians declared ""they would die rather than surrender."" Cut road through chaparral with axes; 8 wounded; ammunition ran out. Night: Indians escaped one by one. Morning: only dead bodies + 3 women. ATROCITY: Piña records 6+ captives killed. Osio: ""order of no quarter given by Vallejo, infuriated auxiliaries wrought terrible carnage, pits for defences utilized as graves."" Fiscal concluded: only 1 man + 1 woman killed — woman ""unjustifiably by soldier Joaquín Alvarado."" Martínez: ""no decisive results obtained."" Pardoned Oct 7, 1829.",Pyrrhic Mexican victory — Estanislao escaped; atrocity investigation,,"Vallejo, Campaña, 1829. Piña, Diario, 1829. Osio, Hist. Cal., 126-38. Davis, Glimpses, 282-9. Vallejo Doc. XX.280 (prior campaigns). Bancroft III, 110-114.",
military-engagements,vallejo-vs-guapos-sotoyomes,,Vallejo vs. Guapos (Sotoyomes),1836,"April 1–7, 1836",range,38.78,-122.76,place,battle,mexican,"VALLEJO'S SONOMA FRONTIER. Cainameros (allies near Sta Rosa) attacked by Sotoyomes/""Guapos"" — 22 killed, 50 wounded. Chiefs appealed to Vallejo. Apr 1: 50 soldiers + 100 Indians + Cainamero force. Salvador Vallejo commanded one division. Apr 4: Battle in Geyser region hills. Guapos ""routed and driven back to their rancherías, where most of them were killed."" Apr 7: back at Sonoma, zero casualties. Jun 7: TREATY with 7 tribes (Yoloytoy, Guilitoy, Ansactoy, Liguaytoy, Aclutoy, Churuptoy, Guapos). Approved by Gov. Chico. 1837: Chief Zampay of Yoloytoy revolted — captured by Solano + Salvador Vallejo; eventually became ""peaceful citizen and industrious farmer.""",Decisive Mexican victory — zero casualties; 7-tribe treaty followed,,"Vallejo Doc. III.104-105 (orders, report). III.119,217 (treaty). Dept. St. Pap. Ben. Mil. LXXXI.25-7. Bancroft IV, 70-72.",
military-engagements,battle-of-soscol-horse-thieves,,Battle of Soscol — Horse Thieves,1838-08,August 1838,month,38.15,-122.3,place,battle,mexican,"50 Indian horse-thieves crossed Sacramento, appeared at Soscol with band of tame horses, aiming to stampede Sonoma horses. 34 killed in battle with Vallejo's men; rest surrendered. Chief CUMUCHÍ shot at Sonoma for his crimes.","Decisive Mexican victory — 34 killed, 0 Mexican casualties",,"Bancroft IV, 72-73. Vallejo, Doc., MS.",
military-engagements,capture-of-zampay-yoloytoy,,Capture of Zampay (Yoloytoy),1837-06,June 1837,month,38.3,-122.2,place,battle,mexican,"Chief ZAMPAY of the Yoloytoy broke the 1836 treaty, ""committing many outrages and trying to arouse the Sotoyomes again."" Head chief MOTI offered to aid his capture. Combined forces of SOLANO and SALVADOR VALLEJO effected capture. Zampay held captive at Sonoma but eventually ""became a peaceful citizen and industrious farmer.""",Diplomatic/military capture — treaty enforcement,,"Vallejo, Doc., MS., iv. 250,256. Salvador Vallejo, Notas Hist., MS., 7-65. Bancroft IV, 72.",
military-engagements,sacking-of-pacheco-sanchez-ranchos,,Sacking of Pacheco/Sánchez Ranchos,1838-07,July 1838,month,36.84,-121.4,place,raid,mexican,"Indians sacked ranchos of Pacheco and Sánchez near San Juan Bautista: killed 1 white man, ""outraging several women, burning the buildings, and destroying all they could lay their hands on."" Sánchez rancho also attacked March 1837 (2 Indians killed). Riflemen at Monterey demanded $2 each before pursuing.",Indigenous raid — significant property destruction,,"Vallejo, Doc., MS., v. 116-17, 129. Bancroft IV, 75-76.",
military-engagements,death-of-yozcolo-at-santa-clara,,Death of Yozcolo at Santa Clara,1839-07,July 1839,month,37.35,-121.95,place,battle,mexican,"Party of YOZCOLOS attacked neophytes guarding wheat-fields at Santa Clara, killing 1. Leader DIOSCULO/YOZCOLO was killed and ""his head set up on a pole at the mission."" This is the same Yoscolo linked to Estanislao by Davis — confirmed ex-neophyte resistance leader.",Yozcolo killed — head displayed,,"St. Pap., Miss., MS., ix. 60-1. Vallejo, Doc., MS., viii. 4, 41. Bancroft IV, 76.",
military-engagements,prado-mesa-ambush-on-rio-de-estanislao,,Prado Mesa Ambush on Río de Estanislao,1839-12,December 1839,month,37.75,-121.25,place,battle,mexican,"Alf. PRADO MESA on expedition against thieves on ""Río de Estanislao"" (Stanislaus River). Surprised by the foe. 3 citizen volunteers killed, Mesa wounded, 6 of his men wounded, many weapons lost. Desiderio Briones left behind — found 7 days later by Francisco Palomares. ""This disaster caused much excitement and alarm. The Indians became bolder than ever.""",INDIGENOUS VICTORY — Mexican force routed with heavy losses,,"Vallejo, Doc., MS., xxv.249, viii.368-395. Bancroft IV, 76.",
military-engagements,sonoma-native-infantry-revolt,,Sonoma Native Infantry Revolt,1840-04,April 1840,month,38.3,-122.46,place,battle,mexican,"Vallejo's own Indian infantry company — ""about 25 selected Indians given Spanish names on the rosters, armed with muskets"" — attempted revolt. ""Many of the number were killed in a fight, and nine were subsequently shot."" A trained indigenous military unit turned against its commanders.",Revolt suppressed — many killed + 9 executed,,"Vallejo, Doc., MS., viii. 192; xiv. 18; xxxiii. 56-7. Bancroft IV, 74.",
military-engagements,clear-lake-massacre-salvador-vallejo,,CLEAR LAKE MASSACRE — Salvador Vallejo,1843,"March 12-13, 1843",range,39.0,-122.8,place,battle,mexican,"LARGEST SINGLE-DAY DEATH TOLL IN CALIFORNIA. Capt. SALVADOR VALLEJO: 70 Californians + 200 auxiliary Indians. 12 soldiers + 30 auxiliaries reached island of ""Moth"" by rafts. Night attack 8-11 PM. 170 INDIANS KILLED. Official report placed island ""near Cape Mendocino"" — actually Clear Lake. Bojorges: real objective was slave-raiding (""to obtain Indian laborers and servants""). Dr. Sandels: attack was ""in the absence of all the fighting men."" Negro deserter ""shot in the back."" Governor ordered investigation — result unknown. Tribes: Mottiyomi, Chiliyomi, Holiyomi, Tuliyomi, Supuyomi, + 4 more.",Massacre — 170 killed; investigation ordered,,"Salvador Vallejo to M.G. Vallejo, Mar 13 (Vallejo Doc. XI.342). Report Apr 1 (XI.354). Governor investigation order Apr 26 (XI.366). Bojorges, Recuerdos, 24-37. Bancroft IV, 162-163.",
military-engagements,chaguanosos-steal-1-200-horses-from-slo,,"Chaguanosos Steal 1,200 Horses from SLO",1840-04,April 1840,month,35.28,-120.66,place,raid,mexican,"CHAGUANOSOS (Shawnees from New Mexico, under Canadian chiefs, in league with trappers). Stole 1,200 horses from San Luis Obispo. ""Well armed, ready for any kind of profitable adventure."" Pursuers from LA saw ""the foe retiring deliberately and independently"" but ""thought it imprudent to risk a conflict, especially when they saw that among the Chaguanosos there were more Americans than Indians.""",Raiders escaped unchallenged — Mexicans too afraid to attack,,"Dept. St. Pap., Angeles, MS., iv.72,88. Bancroft IV, 77.",
military-engagements,indian-attacks-near-san-diego,,Indian Attacks near San Diego,1837,1837,year,32.76,-117.08,place,battle,mexican,Late-period indigenous military action near San Diego. Juana Machado's firsthand account describes continued frontier violence in the Mexican period.,Continued frontier violence,,"Juana Machado account (Beebe & Senkewicz, pp. 413–419).",
military-engagements,indian-attacks-near-guadalupe,,Indian Attacks near Guadalupe,1840,1840,year,34.97,-120.57,place,battle,mexican,Late frontier violence near Guadalupe (Santa Barbara County). José Luciano Espinosa and María Gracia accounts describe indigenous raids in the final years before American conquest.,Late-period frontier raids,,"Espinosa & María Gracia accounts (Beebe & Senkewicz, pp. 420–427).",
military-engagements,reg-89-castillo-de-san-joaquin-fires-on-the-saturnina-f,89,Castillo de San Joaquín fires on the Saturnina (friendly fire),1792-09-10,"September 10, 1792",exact,37.8106,-122.473,place,defense,maritime,"Earliest known shore-battery firing at San Francisco. Hermenegildo Sal's guard sighted a sail at 8 a.m. and fired a warning shot; getting no reply, manned the Cantil Blanco battery (8 cannon — the future Castillo de San Joaquín / Fort Point) intending to sink her, and fired 8 cannon-shots from 11 a.m. until 5 p.m. Pilot Juan Carrasco then identified her as the Spanish navy schooner Saturnina, carrying Bodega y Quadra's Nootka dispatches, driven in for water.",Friendly-fire blunder — predates the 1803 Lelia Byrd as a battery-fires-on-ship episode,,C-A 55 i.304–5 / scan n68–69 (Doc 135). ⚠ Check Bancroft.,
military-engagements,reg-90-english-ships-at-bodega-bay-indian-intelligence,90,English ships at Bodega Bay (Indian intelligence),1792-10-08,"October 8, 1792",exact,38.332,-123.05,place,standoff,maritime,"An Indian ""de las Islas"" reports two ships at Puerto de la Bodega, ashore 4 days taking water and wood, hunting deer, and trading otter skins for cattle; the sailors believed English. Sal to Arrillaga. Foreign use of unguarded Bodega as the back door to SF Bay during the Nootka-crisis / Vancouver season. Related to #41 (1793 English ship at Bodega with cannons on land).",Coastal-defense intelligence — consecutive-year foreign presence at the bay Spain meant to occupy,,C-A 55 i.296 / scan n66–67 (Doc 129).,
military-engagements,reg-100-the-sochem-engagement,100,"The ""Sochem"" engagement",1795-04,April 1795,month,32.08,-116.29,place,battle,phase2,"After gentiles killed a Christian Indian of Mission San Miguel, an alférez + 5 soldiers seized 3 of the killers; on the return ~300 armed Indians attacked the patrol. The soldiers killed 1, wounded 2 and withdrew, but the alférez's horse was killed and the 3 captives escaped. Grajera then fortified against a feared assault on the mission.",Spanish arrest-raid repelled — captives escaped,,"C-A 7 Doc 567 (E29), tomo xiii.507–9. ⚠ Location inferred (San Miguel de la Frontera, SD/Baja district).",
military-engagements,reg-101-san-luis-obispo-indian-conspiracy,101,San Luis Obispo Indian conspiracy,1794-09,September 1794,month,35.276,-120.67,place,standoff,phase2,"A thwarted mission uprising: instigators Miguel and Marito used beads as recruitment currency; La Purísima gentiles were jailed and set to forced labor; the commandant downplayed it. Part of the 1794 unrest arc with the Santa Clara / SF crisis (#43); recurs in Arrillaga's ""Estado de las Californias"" (ringleaders sent to SF-fort forced labor).",Conspiracy suppressed,,C-A 7 Docs 166/171/173–174 (E9).,
military-engagements,reg-92-the-charquin-uprising-at-mission-san-francisco,92,The Charquín uprising at Mission San Francisco,1792,ca. 1792–93,range,37.762,-122.425,place,battle,phase2,"The Christian Indian Charquín rebelled at Mission San Francisco, took up arms against the mission Christians, and held ~20 mission women and children captive in the sierra; reported by Sgt. Miguel Pacheco. An early-1790s armed mission revolt led by a baptized Indian — a precursor to the Bay Area resistance cluster (#7 / #9).",Founding-era indigenous mission revolt,,C-A 55 vii.61–62 (Doc 212 Nº3).,
military-engagements,reg-91-capture-execution-of-the-outlaw-pomponio,91,Capture & execution of the outlaw Pomponio,1820,1820–24 (sentence 6 Feb 1821),range,38.1074,-122.5697,place,battle,mexican,"From Ignacio Martínez's hoja de servicios: with only a cabo + 2 soldiers he ran down and captured the cimarrón Christian José/Pomponio at the cañada de Novato after a firefight (one comrade wounded). Guilty of ""innumerables robos, homicidios"" (one victim a soldier), Pomponio was shot at Monterey by government order. The death sentence survives in C-A 17 Doc 389, a Consejo de Guerra condemning him for killing soldado Manuel Varela.",Spanish counter-banditry — Pomponio executed at Monterey,,C-A 18 LXVI.962–3 / n418–19 (Doc 365); C-A 17 Doc 389. ⚠ Date discrepancy — the standard account dates the execution Sept 1824; Savage's copy dates the sentence Feb 1821.,
military-engagements,reg-93-the-solis-revolt,93,The Solís Revolt,1829-11,November 1829,month,36.605,-121.9,place,battle,mexican,"A convict-sergeant pronunciamiento: presidiario Sgt. Joaquín Solís and subcomisario José Mª Herrera seized Monterey against Gov. Echeandía; marched south; the SF garrison fired a salute and raised the flag to welcome them; defeated at Santa Bárbara (Pacheco's counter-revolution). Leaders deported to San Blas on the Volunteer. Prosecution built a ""revolución por España"" charge and named a foreign-merchant circle (Hartnell/Spence/Anderson/Stearns) on both sides.",Mexican-period military coup — suppressed; leaders deported,,C-A 19 Docs 20/80/90/128/145–149 + defector register (Doc 224).,
military-engagements,reg-94-post-victoria-civil-war-avila-sanchez-vs-zamoran,94,Post-Victoria Civil War (Ávila/Sánchez vs. Zamorano),1832,1832,year,34.0522,-118.2437,place,battle,mexican,"After Gov. Victoria's overthrow, Vicente Sánchez and the convict José Antonio Ávila armed a band of presidiarios (weapons from Santa Bárbara) against Zamorano's northern faction. Ávila's party split from Sánchez past San Buenaventura and surrendered at Mission Santa Inés; dismissed under the 25 Apr 1832 amnesty. The endpoint of the Solís→anti-Victoria arc.",North–south factional war — amnestied,,C-A 19 Docs 183/217–218.,
military-engagements,reg-95-estanislao-campaign-atrocity-inquiry,95,Estanislao-campaign atrocity inquiry,1829-10,October 1829,month,37.338,-121.88,place,raid,mexican,"Fiscal Ignacio Martínez investigates Indians of San José and Santa Clara killed on a punitive expedition under an alférez ""de Vallejo"" (⚠ likely M. G. Vallejo), including an elderly gentile woman killed by a Monterey soldier — ""no le es permitido á ninguna persona atacar á los del sexo femenino."" Inferred to be the aftermath of Vallejo's May–June 1829 Estanislao campaign.",Reprisal inquiry,,C-A 19 Doc 47. ⚠ Estanislao linkage inferred.,
military-engagements,reg-96-pursuit-killing-of-the-fugitive-valerio,96,Pursuit & killing of the fugitive Valerio,1828-01,January 1828,month,34.58,-119.85,place,raid,mexican,"Alf. Rodrigo del Pliego's hoja de servicios: caught the cimarrón Indian Valerio ""herido de un balazo, de cuyas resultas murió luego,"" 19 Jan 1828. Almost certainly the noted Santa Bárbara-region fugitive neophyte Valerio.",Spanish counter-fugitive killing,,C-A 19 Doc 87. ⚠ Identity/location inferred (SB backcountry).,
military-engagements,reg-97-pacification-of-the-mission-san-fernando-indians,97,Pacification of the Mission San Fernando Indians,1828-07,July 1828,month,34.272,-118.461,place,raid,mexican,"Del Pliego's record: with 20 men, captured the cabecillas and brought them prisoner to Santa Bárbara (21 Jul 1828).",Ringleaders captured,,C-A 19 Doc 87.,
military-engagements,reg-98-san-diego-indian-uprising-conspiracy,98,San Diego Indian-uprising conspiracy,1833,1833,year,32.678,-117.24,place,standoff,mexican,"A planned assault on the SD presidio — ""acabar con los blancos p[ar]a ser independientes, y gobernarse ellos mismos"" — extending to the missions up to San Gabriel. Ringleaders Molina and Tesochi got 2 years (attenuated for ""ignorancia""); the authorities conceded ""la probabilidad de los malos tratamientos"" as motive. Figueroa confirmed 22 Nov 1833.",Indigenous self-government conspiracy — suppressed,,C-A 19 Doc 206.,
military-engagements,reg-99-new-mexico-horse-thief-expedition-into-the-tular,99,New Mexico horse-thief expedition into the Tulares,1833-02,February 1833,month,35.38,-119.4,place,raid,mexican,"After New Mexico ""aventureros/ladrones"" (allied with Tulares gentiles) drove off ~1,000 head (incl. 108 mules from Mission San Miguel; SLO stock recovered near Arroyo Grande), Gov. Figueroa ordered a 15-cavalry punitive expedition under Alf. Dámaso Rodríguez ""á perseguir y destruir"" the band. An early Old-Spanish-Trail horse-raiding record.",Interior counter-raiding,,C-A 19 Docs 227–232/247.,
military-engagements,reg-82-felipe-briones-killed-at-cerro-de-bolbones,82,Felipe Briones killed at Cerro de Bolbones,1840-01,January 1840,month,37.8816,-121.9142,place,battle,mexican,Felipe Briones killed trying to recover horses from Indians near the Cerro de Bolbones (Mt Diablo area).,Californio killed in horse-recovery fight,,"Vallejo, Doc., MS., ix. 20. Bancroft IV, 76 n70.",
military-engagements,reg-83-martinez-defeats-indians-near-mt-diablo,83,Martínez defeats Indians near Mt Diablo,1840-02,February 1840,month,37.9,-121.85,place,battle,mexican,"Lt. Martínez defeated Indians near Mt Diablo, ""Marsh with other Americans rendering valuable service."" Report dated Feb 7.",Californio/American victory,,"Bancroft IV, 76 n70.",
military-engagements,reg-86-sutter-s-indian-executions,86,Sutter's Indian executions,1840,1840,year,38.5725,-121.4744,place,raid,mexican,"Indians surrendered at a lake 30 mi south of the fort; ""14 were put to death."" Vallejo says a force of Californians sent to the valley multiple times rescued captives and took ~80 prisoners.",New Helvetia summary executions,,"Bancroft IV, 131 n31.",
military-engagements,reg-87-cochrane-squadron-raid-on-mission-todos-santos,87,Cochrane squadron raid on Mission Todos Santos,1822,"1822 (⚠ Savage ""1823 Mar 30"")",circa,23.4467,-110.2233,place,battle,maritime,"Ships of ""la Escuadra del Lord Cochrane"" entered Cabo de Cortés and attacked Mission Todos Santos at night; the inhabitants defended themselves, killing the lieutenant + 4 men, mortally wounding 3, and capturing the rest — a 13-man landing party. Gov. Solá ordered church silver withdrawn from the coast.",Independence-era foreign naval raid repelled,,"C-A 54 Doc 2051 (tomo II, orig. 456+; scan n211–212): Solá's circular of 30 Mar 1823 on the raid. Cochrane's squadron operated off the Californias in 1822.",The Savage copy dates Solá’s circular 30 Mar 1823; the raid itself belongs to the 1822 Cochrane operations. Event year shown as circa 1822.
military-engagements,reg-88-ambush-near-san-vicente-santa-catalina,88,Ambush near San Vicente / Santa Catalina,1800,ca. 1800–05 (⚠ year TBD),range,31.33,-116.25,place,battle,phase2,"An escort transporting 5 captured Indians was ambushed: 2 soldiers killed — Juan Camacho + one other — beaten on the head with stones, their muskets found loaded but broken; the prisoners escaped; the bodies buried at San Vicente. Distinct from #37 (the 1804 Santa Catalina Spanish victory).",Indigenous tactical success / Spanish defeat,,C-A 54 iv.346–9 / scan n468–470. ⚠ Pin the exact year.,
military-engagements,reg-5-spanish-yuma-punitive-campaign,5¾,Spanish Yuma Punitive Campaign,1782-09,Sep–Oct 1782,range,32.73,-114.62,place,battle,yuma,"Neve and Capt. José Antonio Romeu (108 men) march down the Colorado; Romeu with 40 men and 12 Indian allies (Jalchedunes/Cocomaricopas) routs the Yuma cavalry ('crecida mortandad'), 4 soldiers wounded; Fages escorts the rescued captives. An abortive plan to re-fortify the crossing follows. Neve's 'Antecedentes de una mortandad' names the revolt's causes: gifts withheld from Palma, women seized, mules destroying the mesquite.",Spanish reprisal after the 1781 Yuma victory,Quechan (Yuma); Jalchedun; Cocomaricopa,"Prov. Rec. (C-A 22), survey Entry 25",
military-engagements,reg-45-tule-balsa-shipwreck-at-the-farallones,45,Tule balsa shipwreck at the Farallones,1794,1794,year,37.699,-123.003,place,event,phase2,"Mission San Francisco Indians navigated by sea in tule balsas to evangelize gentiles on the opposite shore; currents carried one balsa onto the Farallones, where 2 of the 4 Indians drowned. Not a military engagement — an indigenous open-water navigation datum at the Bay mouth.",Maritime accident — 2 drowned,,"Prov. St. Pap. (C-A 7), n29, pp. 72–73",
military-engagements,reg-103-horse-theft-raid-punitive-expedition-140-head-ca,103,Horse-theft raid & punitive expedition (140-head caballada),1824-06,Jun–Jul 1824,range,36.5,-121.2,conjectural,raid,mexican,"'Indios malhechores' drove off a caballada of 140 head from the national rancho; Gov. Argüello sent Alf. Santiago Argüello with 34 troops to punish the raiders and the rancherías that harbor them ('por cortar de raiz los daños'). In a related San Diego–frontier action, 14 of 15 neophyte auxiliaries who fought were killed, and ~40 raiders later burned a San Diego rancho.",Stock raid + collective punishment,,"Dep. Rec. (C-A 46), Doc 97; Doc 88","Rancherías not located in the abstract — pin placed in the Monterey-district interior, conjectural. Verbatim re-read flagged in the register."
military-engagements,reg-104-surrender-of-the-spanish-squadron-at-monterey,104,Surrender of the Spanish squadron at Monterey,1825-04-27,Apr–May 1825,range,36.605,-121.89,place,event,mexican,"The Spanish ship-of-the-line Asia and brig Constante — Spain's last Pacific force after the loss of Peru — put into Monterey and capitulated to the Mexican Nation, their crews swearing 'el solemne juramento de sujetarse á las leyes de los Estados Unidos Mejicanos.' Argüello tapped the Asia's powder to arm the near-empty San Francisco and Monterey batteries; pilot Juan Malarín carried the acta de Capitulación to Mexico City.",Naval capitulation (no combat),,"Dep. Rec. (C-A 46), Docs 49–52, 102; cf. Bancroft, Hist. Cal., III",
military-engagements,reg-105-the-anti-victoria-revolt-the-cahuenga-encounter,105,The anti-Victoria revolt — the Cahuenga encounter,1831-12,Nov 1831–Feb 1832,range,34.128,-118.357,place,battle,mexican,"California's first successful gubernatorial overthrow. The Plan of San Diego (29 Nov 1831) pronounced against Gov. Manuel Victoria 'por recobrar la representación popular'; Victoria was wounded at the Cahuenga encounter ('estado moribundo') and deported on the Pocahontas. The interregnum then splintered — the Diputación installed Pío Pico, Los Angeles proclaimed Echeandía, Zamorano rose in the north — 'casi inevitable el derramamiento de sangre.'",Rebel victory — the governor deposed,,"Leg. Rec. (C-A 59), Docs 37, 40–53","Pin at Cahuenga Pass, the revolt's one armed encounter; the movement spanned San Diego to Monterey. Verbatim re-read flagged."
military-engagements,reg-106-the-anti-micheltorena-revolt-cahuenga-providenci,106,The anti-Micheltorena revolt — Cahuenga/Providencia,1845-02,1844–Feb 1845,range,34.156,-118.34,place,battle,mexican,"The last Californio overthrow of a Mexican-appointed governor. The Asamblea Departamental 'desconoce la autoridad… de M. Micheltorena,' charging his 'relaciones secretas con el extranjero Sutter' (Sutter marched for Micheltorena; M.G. Vallejo corresponded against him). Micheltorena and his cholo battalion were defeated and expelled after the Battle of Cahuenga/Providencia, installing the native-born Pío Pico as California's last Mexican governor.",Rebel victory — Micheltorena expelled,,"Leg. Rec. (C-A 61), Docs 19, 24",The Sutter alliance prefigures the American takeover 16 months later. Verbatim re-read flagged (incl. the deposition-session date).
military-engagements,reg-107-ambush-of-the-san-diego-pursuit-party-dominican,107,Ambush of the San Diego pursuit party (Dominican frontier),1824-06-21,21 Jun 1824,exact,32.2,-116.6,conjectural,battle,frontera,"A San Diego troop detachment pursuing Dominican-mission cimarrones (runaway neophytes) was ambushed on the Baja frontier; the action left 15 Indians dead, including a leader from Mission San Miguel — a frontier engagement in the same season as the Chumash Revolt further north.",Indigenous tactical victory over a presidial party,,"Dep. St. Pap. (C-A 27), doc 43 (n36)","Ambush site not located in the abstract — pin placed on the Dominican-mission frontier, conjectural."
military-engagements,reg-108-gentile-attack-on-mission-neophytes-21-neophytes,108,Gentile attack on mission neophytes — '21 neophytes killed',1826,1826,year,33.0,-116.5,conjectural,raid,frontera,"A report of 21 neophytes killed by gentiles on the interior frontier of the San Diego district — evidence for the raiding-economy pressure on mission populations in the 1820s, and for inter-indigenous violence between mission and independent communities.",Gentile raid — 21 neophytes killed,,"Dep. St. Pap. (C-A 27), doc 134",Location not given in the abstract — conjectural pin in the SD interior.
military-engagements,reg-109-martinez-s-campana-en-los-rios,109,Martínez's 'campaña en los Ríos',1827,1827,year,37.95,-121.5,area,battle,mexican,"Ignacio Martínez's 1827 campaign into the Delta rivers against the runaway and rebel Indians of Missions San José and Santa Clara — 2 soldiers killed. The precursor operation to the 1829 Estanislao campaigns, in the same theater.",Early Delta campaign — 2 soldiers killed,,"St. Pap., Missions & Colonization (C-A 53), Doc 8, tomo pp. 21–23",
military-engagements,reg-111-vallejo-s-sanchez-s-punitive-horse-raid-expediti,111,Vallejo's & Sánchez's punitive horse-raid expeditions,1829-04,Apr 1829,month,36.7,-121.1,conjectural,raid,mexican,"Stock-raid reprisal operations by Vallejo and Sánchez in the Monterey district interior, mounted while the Monterey troops were destitute (the pay-mutiny backdrop, six months before the Solís revolt).",Spanish-Mexican reprisal expeditions,,"Dep. Rec. (C-A 48), Doc 31",Routes not located in the abstract — conjectural pin in the Monterey interior.
military-engagements,reg-112-the-great-1840-horse-raid-campaign-agua-de-ramon,112,The great 1840 horse-raid campaign ('agua de Ramón'),1840-05,May–Jun 1840,range,34.31,-117.47,area,raid,mexican,"A multi-week mounted campaign, not a single skirmish. Chaguanosos drove off three mare-herds from Mission San Gabriel (14 May); the LA vecino-militia mobilized (13→36 men, 4 muskets, 19 lances); Ignacio Palomares's ~23-man party was routed; relief columns held the Puerta del Cajón and recovered the herds at the 'agua de Ramón' surprise. Leandri's report: the rearguard was '20 hombres Ciudadanos de los Estados Unidos; pero tenían á más otra gente,' driving 1,000+ head, ~1,500 driven to death in flight.",Raiders routed one militia party; herds recovered at agua de Ramón,Chaguanoso (mixed raiding bands),"Dep. St. Pap., Angeles (C-A 34), E29 (Docs 1285–1293, 1305–1308, 1321, 1336)","Pin at Cajon Pass, the campaign's hinge; 'agua de Ramón' itself is unlocated (secondary lit puts the fight at Resting Springs — the partes' 'Ramón' is a datum to weigh vs Bancroft IV:77, not to harmonize)."
military-engagements,reg-113-plaza-firefight-alvarado-civil-war,113,Plaza firefight (Alvarado civil war),1838,1838,year,34.42,-119.7,conjectural,battle,mexican,"Californio-vs-Californio action of the 1838 civil war (the Alvarado–Carrillo contest for the governorship): per José Castro's abstracted report, a 160-man force garrisoning 'la plaza' abandoned it by night after a 2-day continuous firefight with only 1 dead, pursued by cavalry; two bronze cannon at the Castillo were transferred to José Estrada.",Garrison abandoned 'la plaza' after a 2-day firefight,,"Dep. St. Pap., Monterey (C-A 43), Doc 4 (n420, tomo 41)",'La plaza' is not named on the leaf — probably Santa Bárbara or a southern plaza. Conjectural pin; transcribe the parte before locating or quoting.
military-engagements,reg-114-ibarra-s-punitive-battle-at-santa-isabel-veinte,114,Ibarra's punitive battle at Santa Isabel ('veinte pares de orejas'),1826,1826,year,33.11,-116.67,place,battle,frontera,"A punitive action against ~100 or more hostile Indians, routed 4 leguas to San Felipe with Kumeyaay/Cahuilla auxiliaries; 28 killed, '20 pares de orejas' cut from the dead as proof, plus a prisoner summarily executed.",Spanish-Mexican punitive victory — 28 killed,Kumeyaay; Cahuilla,"Dep. St. Pap. Ben., Pref. y Juzg. (C-A 42), Doc 914 (Expanded Entry 26)",Abstract — transcribe the parte before quoting the orejas line.
military-engagements,reg-115-jose-castro-s-120-man-northern-expedition-contra,115,José Castro's 120-man northern expedition 'contra los bárbaros',1839-05,May 1839,month,38.6,-121.4,conjectural,raid,mexican,A late-Mexican state campaign against interior raiders — 120 men under Castro 'contra los bárbaros que invaden los puntos del norte.',State campaign (outcome not recorded in the abstract),,"Dep. St. Pap. Ben., Pref. y Juzg. (C-A 42), Doc 1228",'Los puntos del norte' unlocated — conjectural pin on the northern frontier.
military-engagements,reg-116-the-gavilan-hawk-s-peak-standoff,116,The Gavilán (Hawk's Peak) standoff,1846-03,Mar 1846,month,36.76,-121.505,exact,standoff,mexican,"Frémont fortifies Gavilán Peak and raises the US flag; Castro musters the militia at San Juan; Frémont withdraws north by night without an engagement — the armed face-off that preceded the conquest by three months, with the prefecture's intelligence file (the Guerrero/neophyte-Antonio reports on the '200 armed foreigners').",Standoff — Frémont withdrew without an engagement,,"Dep. St. Pap. Ben., Pref. y Juzg. (C-A 42), Docs 361–363 (Expanded Entry 22)",
military-engagements,reg-117-the-rancho-san-francisco-killing-of-18-indios-la,117,The Rancho San Francisco killing of 18 'indios ladrones',1846-03,1846,year,34.44,-118.62,place,event,mexican,"Twenty-one armed Indians were disarmed 'mañosamente,' revolted with stones and knives, and were shot — 18 dead, 2 wounded, 1 escaped: the anti-raiding apparatus at its most lethal, weeks before the conquest.",18 Indians killed,,"Dep. St. Pap. Ben., Pref. y Juzg. (C-A 42), Doc 1219 (n412)",District-court abstract — verify vs leaf before quoting.
military-engagements,reg-118-san-pedro-martir-indian-revolt-dominican-frontie,118,San Pedro Mártir Indian revolt (Dominican frontier),1796-09,Sep 1796–Aug 1797,range,30.85,-115.47,place,revolt,frontera,"Mission Indians revolt ('el alboroto'); the officer blamed for causing it is imprisoned at San Vicente on Borica's approval; rebels are seized and prosecuted via sumaria (Bernal spends 24 days at the mission); the investigation runs into 1797 (declarations of the indio José Manuel, later freed); the mission's interpreter is killed by mid-1797.",Revolt suppressed judicially; the blamed officer imprisoned,,"Prov. Rec. (C-A 24), Docs 308 (Sav 266), 309 (Sav 267), 321 (Sav 279), 328","A revolt + judicial-military response arc, not a field battle."
military-engagements,reg-119-rio-colorado-engagement-atacar-la-fuerza-con-la,119,Río Colorado engagement ('atacar la fuerza con la fuerza'),1796-11-17,reported 17 Nov 1796,circa,32.5,-114.8,conjectural,battle,frontera,"The commander, met with insults from 'una colonia numerosa' of Indians on all sides in bad terrain, 'se vió precisado á atacar la fuerza con la fuerza.' Losses: Spanish, a mule and 7–8 horses; Indian, 7 gandules killed. Reported to the Viceroy as proof the Sonora communication could not be secured without real garrisons; the Viceroy later reviewed a printed account of the engagement.",Spanish column fought through — 7 Indians killed,,"Prov. Rec. (C-A 24), Doc 313 (n270, Sav 271, tomo p. 697)",Site unlocated — conjectural pin near the lower Colorado. Abstract — transcribe before quoting.
military-engagements,reg-120-punitive-battle-near-san-juan-bautista-death-of,120,Punitive battle near San Juan Bautista — death of captain 'Talholostl'[?],1798-11-21,21 Nov 1798,exact,36.9,-121.5,area,battle,phase2,"Gentiles 'de la otra banda' killed 5 Indians and 2 women of the mission rancherías; Borica sent Sgt. Macario Castro with 10 cuera soldiers, 8 Christian Indians, and 24 aggrieved gentiles; the column caught the malefactors, killed the enemy captain 'Talholostl'[?], recovered 2 women, and captured 2 — a mixed Spanish–Native punitive force whose gentile allies were the majority.",Punitive column killed the enemy captain,,"Prov. Rec. (C-A 24), Sav 430 (probe n431) — Borica → Viceroy, 'Pelea con Indios'",The indigenous name is uncertain on the leaf — verbatim transcription needed.
military-engagements,reg-121-the-jacum-battle-capitanejo-charagui-defeats-the,121,The Jacum battle — capitanejo Charagui defeats the San Diego column,1837-05,May 1837,month,32.617,-116.19,place,battle,frontera,"Twenty-five soldados and 50 gentiles auxiliares struck Jacum; 'el capitanejo Charagui… cargó con toda su gente y rodeando nuestras tropas nos las hicieron retirar, hiriéndonos á 9 soldados y 17 indios de los auxiliares… quedó el campo pr los enemigos.' The raiders had already run off the Misión San Diego caballada. Embedded in Zamorano's extermination-rhetoric letter; aftermath, Alvarado ordered all aid to Capt. Portilla for the pursuit (Aug 1837).",Indigenous victory — the field held by Charagui's force,,"Dep. St. Pap., Angeles (C-A 37), Doc 188 (n87–n90, Sav 86–89, orig. pp. 420–424); aftermath Doc 193",Charagui's people are named only as gentiles of the Jacum region in the abstract.
military-engagements,ref-mission-san-diego-de-alcala,,Mission San Diego de Alcalá,,,exact,32.7844,-117.1064,exact,mission,missionLayer,1769. First mission.,,,,
military-engagements,ref-presidio-of-san-diego,,Presidio of San Diego,,,exact,32.7573,-117.1966,exact,presidio,missionLayer,1769. Punta de Guijarros battery.,,,,
military-engagements,ref-mission-san-juan-capistrano,,Mission San Juan Capistrano,,,exact,33.5017,-117.6628,exact,mission,missionLayer,1776.,,,,
military-engagements,ref-mission-santa-barbara,,Mission Santa Bárbara,,,exact,34.4373,-119.7143,exact,mission,missionLayer,1786. Presidio 1782.,,,,
military-engagements,ref-mission-san-fernando,,Mission San Fernando,,,exact,34.2733,-118.462,exact,mission,missionLayer,1797.,,,,
military-engagements,ref-mission-san-gabriel,,Mission San Gabriel,,,exact,34.0967,-118.1067,exact,mission,missionLayer,1771.,,,,
military-engagements,ref-mission-san-luis-obispo,,Mission San Luis Obispo,,,exact,35.2828,-120.6596,exact,mission,missionLayer,1772.,,,,
military-engagements,ref-mission-san-miguel,,Mission San Miguel,,,exact,35.7553,-120.6962,exact,mission,missionLayer,1797.,,,,
military-engagements,ref-mission-la-purisima-concepcion,,Mission La Purísima Concepción,,,exact,34.6724,-120.4239,exact,mission,missionLayer,1787.,,,,
military-engagements,ref-mission-santa-ines,,Mission Santa Inés,,,exact,34.5964,-120.137,exact,mission,missionLayer,1804.,,,,
military-engagements,ref-mission-san-juan-bautista,,Mission San Juan Bautista,,,exact,36.8446,-121.5385,exact,mission,missionLayer,1797.,,,,
military-engagements,ref-mission-santa-cruz,,Mission Santa Cruz,,,exact,36.9741,-122.027,exact,mission,missionLayer,1791.,,,,
military-engagements,ref-mission-santa-clara,,Mission Santa Clara,,,exact,37.3496,-121.939,exact,mission,missionLayer,1777.,,,,
military-engagements,ref-mission-san-jose,,Mission San José,,,exact,37.5293,-121.9178,exact,mission,missionLayer,1797.,,,,
military-engagements,ref-mission-san-francisco-de-asis-dolores,,Mission San Francisco de Asís (Dolores),,,exact,37.7644,-122.427,exact,mission,missionLayer,1776.,,,,
military-engagements,ref-presidio-of-san-francisco,,Presidio of San Francisco,,,exact,37.7862,-122.4572,exact,presidio,missionLayer,1776.,,,,
military-engagements,ref-presidio-of-monterey,,Presidio of Monterey,,,exact,36.6002,-121.8947,exact,presidio,missionLayer,1770. Capital.,,,,
military-engagements,ref-presidio-of-santa-barbara,,Presidio of Santa Bárbara,,,exact,34.4221,-119.6989,exact,presidio,missionLayer,1782.,,,,
military-engagements,ref-mission-san-rafael,,Mission San Rafael,,,exact,37.9735,-122.5311,exact,mission,missionLayer,1817. Site selected by Moraga.,,,,
military-engagements,ref-fort-ross-russian,,Fort Ross (Russian),,,exact,38.5133,-123.2442,exact,mission,missionLayer,1812. Russian-American Company.,,,,
military-engagements,label-san-diego,,San Diego,,,exact,32.7157,-117.1611,exact,settlement,modernLayer,,,,,
military-engagements,label-los-angeles,,Los Angeles,,,exact,34.0522,-118.2437,exact,settlement,modernLayer,,,,,
military-engagements,label-santa-barbara,,Santa Barbara,,,exact,34.4208,-119.6982,exact,settlement,modernLayer,,,,,
military-engagements,label-monterey,,Monterey,,,exact,36.6002,-121.8947,exact,settlement,modernLayer,,,,,
military-engagements,label-santa-cruz,,Santa Cruz,,,exact,36.9741,-122.0308,exact,settlement,modernLayer,,,,,
military-engagements,label-san-jose,,San José,,,exact,37.3382,-121.8863,exact,settlement,modernLayer,,,,,
military-engagements,label-san-francisco,,San Francisco,,,exact,37.7749,-122.4194,exact,settlement,modernLayer,,,,,
military-engagements,label-stockton,,Stockton,,,exact,37.9577,-121.2908,exact,settlement,modernLayer,,,,,
military-engagements,label-sacramento,,Sacramento,,,exact,38.5816,-121.4944,exact,settlement,modernLayer,,,,,
military-engagements,label-fresno,,Fresno,,,exact,36.7378,-119.7871,exact,settlement,modernLayer,,,,,
military-engagements,label-bakersfield,,Bakersfield,,,exact,35.3733,-119.0187,exact,settlement,modernLayer,,,,,
military-engagements,label-visalia,,Visalia,,,exact,36.3302,-119.2921,exact,settlement,modernLayer,,,,,
military-engagements,label-modesto,,Modesto,,,exact,37.6391,-120.9969,exact,settlement,modernLayer,,,,,
military-engagements,label-slo,,SLO,,,exact,35.2828,-120.6596,exact,settlement,modernLayer,,,,,
military-engagements,label-bodega-bay,,Bodega Bay,,,exact,38.3244,-123.0386,exact,settlement,modernLayer,,,,,
military-engagements,label-fort-ross,,Fort Ross,,,exact,38.5133,-123.2442,exact,settlement,modernLayer,,,,,
military-engagements,label-carquinez-strait,,Carquinez Strait,,,exact,38.04,-122.153,exact,settlement,modernLayer,,,,,
military-engagements,label-porterville,,Porterville,,,exact,36.0653,-119.0166,exact,settlement,modernLayer,,,,,
military-engagements,label-yuma-colorado-r,,Yuma/Colorado R.,,,exact,32.726,-114.6293,exact,settlement,modernLayer,,,,,
military-engagements,label-santa-catalina-baja,,Santa Catalina (Baja),,,exact,31.6606,-115.8211,exact,settlement,modernLayer,,,,,
military-engagements,label-refugio,,Refugio,,,exact,34.47,-120.07,exact,settlement,modernLayer,,,,,
military-engagements,pesquisa-domingo-fachicu-1788,122,"The ""Pesquisa del neófito Domingo"" Firefight",1788-01-31,"January 31, 1788",exact,34.52,-119.72,conjectural,battle,phase1,"Sgt. Pablo Antonio Cota and 12 men rode into the sierra behind Mission Santa Bárbara to extract the fugitive neophyte Domingo (a runaway of over a year who, per his ministers, ""hace robos y muertes en dicha Gentilidad""). Though interpreters were sent ahead to keep them calm, the gentiles loosed arrows and wounded 3 of the party; the soldiers returned fire, leaving 3 gentiles dead and more than 8 wounded. Domingo escaped; a gentile who had accompanied him was taken prisoner. An early ex-neophyte-turned-raider case, decades before secularization.","3 gentiles killed, 8+ wounded, 3 soldiers wounded; Domingo escaped",gentiles of the Santa Bárbara sierra,"C-A 4 Doc 193 (n308, Savage 308, orig. pp. 374–376); Goycoechea to Fages. Abstract.","Location CONJECTURAL — the ranchería name Bancroft/Savage read as ""Fachicú"" and its exact site are uncertain on the leaf."
military-engagements,san-rafael-gentile-attack-1832,123,Gentile Attack on Mission San Rafael & the Piña Expedition,1832,1832,year,37.9735,-122.5312,place,battle,mexican,"Mission San Rafael — its founding padre Amorós dead 14 July 1832, its population collapsing (~970 to ~300) and baptisms crashing (155 to 15) — was attacked by gentiles; a punitive expedition was sent out under Lázaro Piña. Most likely the ""spring 1832 San Rafael revolt"" the Russians at Fort Ross heard of from fugitive-Indian informants.",,Coast Miwok (gentiles),"Bancroft, History of California III:715–716 (cites Vallejo, Documentos MS. i.307). North Bay Indian Crisis dossier, 2026-07-20.",1832 date and Piña command per Bancroft; the underlying Vallejo Documentos i.307 leaf is not yet read — treat the year as attested but not leaf-verified.
military-engagements,bodega-mobilization-toribio-1833,124,The Bodega Mobilization under Toribio,1833-04,April 1833,month,38.34,-123.0,area,standoff,mexican,"About 200 armed Indians — gentiles plus Christian fugitives from Mission San Rafael — massed at Bodega under Toribio (Pixpix-uccux), ""armed and ready to die"" rather than be seized, hosted by the Bodega chief Gualinela. Kostromitinov, the RAC manager at Fort Ross, asked Vallejo to help round up the retreating Ross Indians; Vallejo declined and pacified through Gualinela. It worked — Toribio came in peacefully seven months later.",Defused; Toribio submitted peacefully later in 1833,Coast Miwok (Bodega — Gualinela); San Rafael fugitives,"Vallejo's Ross–Bodega report, April 1833 (primary). North Bay Indian Crisis dossier, 2026-07-20.","Location approximate — the Bodega gathering ground, not a fixed engagement site."
military-engagements,mercado-massacre-san-rafael-1833,125,The Mercado Massacre at San Rafael,1833-11-20,"November 20, 1833",exact,37.9735,-122.5312,place,battle,mexican,"After a 16 Nov parley — 15 gentiles under Toribio came to talk at Figueroa's encouragement, and Padre Vázquez del Mercado seized them following an overnight robbery — on the morning of 20 Nov 1833 Mercado sent majordomo Molina with 37 armed neophytes against the strangers: 21 killed, many wounded, 20 men, women, and children captured; the mission party lost 5 wounded, 1 mortally. Figueroa, indignant that his promises to the Indians had been broken, had Mercado suspended and summoned for trial; Vallejo freed the captives.",21 gentiles killed; Mercado suspended; Vallejo freed the captives,"Coast Miwok gentiles (rancherías incl. ""Pulia""[?])","Bancroft, History of California III:322–324; C-A 39 Doc 170 (Figueroa to Gómez, ""Asesinato de Indios,"" 5 Dec 1833); C-A 28 Docs 179–180 (Molina expelled 22 Dec 1833; San Rafael pacified 1 Jan 1834).","The ranchería name Bancroft reads as ""Pulia"" is unverified against the leaf."
military-engagements,reg-126-seizure-of-sonoma,126,Seizure of Sonoma (Bear Flag),1846-06-14,"June 14, 1846",day,38.2919,-122.458,place,event,conquest,"Bear Flag insurgents seize Sonoma at dawn, taking M.G. Vallejo, Salvador Vallejo, Prudon, and Leese prisoner with all of Vallejo's caballada. Bloodless opening of the revolt.",Sonoma taken; prisoners to Sutter's Fort,,"Bancroft V, ch. v ('At Sonoma, June 14th' — leaf-verified in vault txt). | C-A 31 proclamation naming the prisoners.",
military-engagements,reg-127-fight-at-olompali,127,Fight at Olómpali,1846-06-24,"June 24, 1846 (forenoon)",day,38.1526,-122.5714,place,battle,conquest,"Ford's 'Bears' surprise Joaquín de la Torre's ~50 men (joined by Padilla's company) at breakfast at Camilo's rancho, midway San Rafael–Petaluma. First real fight of the revolt; one Californian killed.","Torre defeated, withdraws",,"Bancroft V, pp. 165–171 (leaf-verified in vault txt).",
military-engagements,reg-128-killing-haro-berreyesa,128,Killing of the de Haro twins & Berreyesa,1846-06-28,"June 28, 1846",day,37.945,-122.489,vicinity,event,conquest,"Francisco and Ramón de Haro (twins, ~20) and José de los Reyes Berreyesa, unarmed, shot at ~50 yards on Frémont's order ('I have no room for prisoners') after landing from San Pablo and walking toward Mission San Rafael.",Three noncombatants killed,,"Bancroft V, pp. 171–174: 'A Dastardly Act by Frémont's Order' (leaf-verified in vault txt).",Pin between the San Quentin landing point and the mission; exact spot unrecorded.
military-engagements,reg-129-capture-of-monterey,129,Capture of Monterey,1846-07-07,"July 7, 1846",day,36.6032,-121.8933,place,event,conquest,"Sloat's squadron lands and raises the U.S. flag at the Custom House without resistance. The archive's own record: the landing general order bound into C-A 31, and the closing line 'Los Americanos han tomado á Monterrey.'",Capital taken bloodlessly,,"Bancroft V, ch. ix. | C-A 31: 'the American squadron took Monterey by landing.' | C-A 31 closing line.",
military-engagements,reg-130-capture-yerba-buena,130,Capture of Yerba Buena,1846-07-09,"July 9, 1846",day,37.7952,-122.4046,place,event,conquest,Montgomery lands from the Portsmouth and raises the flag on the plaza (now Portsmouth Square) without resistance.,Port taken bloodlessly,,"Bancroft V, ch. ix.",
military-engagements,reg-131-gillespie-capitulation,131,Gillespie's capitulation at Los Angeles,1846-09-29/30,"Sept 29–30, 1846",day,34.0573,-118.2387,place,event,conquest,"Flores's rising forces Gillespie's small garrison to capitulate and evacuate to San Pedro, reversing the first occupation of the south.",Americans expelled from Los Angeles,,"Bancroft V, ch. xii.",
military-engagements,reg-132-fight-at-chino,132,Fight at Chino Rancho,1846-09-26/27,"Sept 26–27, 1846",day,33.977,-117.689,vicinity,battle,conquest,"Californians under Varela/Carrillo besiege and burn Isaac Williams's rancho house, capturing ~24 Anglo-American riflemen (the 'Chino prisoners'). One Californian killed.",Americans captured,,"Bancroft V, pp. 311-313 ('fought at the Chino rancho of Isaac Williams... on September 26th-27th' — leaf-verified in vault txt).",
military-engagements,reg-133-dominguez-rancho,133,Battle of Dominguez Rancho,1846-10-08,"October 8, 1846",day,33.8592,-118.2253,place,battle,conquest,"Mervine's ~350 sailors and marines, marching on Los Angeles without artillery, occupy the Dominguez rancho buildings overnight (7th), then are repulsed on the morning of the 8th by Carrillo's horsemen with the 'old woman's gun' pedrero fired by Ignacio Aguilar and dragged off by reatas to reload; ~4-6 Americans killed.",Mervine repulsed to San Pedro,,"Bancroft V, pp. 319-321 ('Mervine's Defeat'; leaf-verified in vault txt).",
military-engagements,reg-134-natividad,134,Battle of Natividad,1846-11-16,"Nov 16, 1846",day,36.7288,-121.5919,vicinity,battle,conquest,"Castro's/Manuel Castro's Californians fight Burroughs's and Thompson's volunteers near Natividad rancho, Salinas plain; Burroughs and Foster killed, ~5–7 dead total. The only pitched fight of the war in the north.",Drawn; Californians withdraw south,,"Bancroft V, ch. xiii ('Foster Killed — Battle of Natividad — Death of Burroughs').",
military-engagements,reg-135-san-pascual,135,Battle of San Pascual,1846-12-06,"Dec 6, 1846",day,33.0903,-116.9887,place,battle,conquest,Andrés Pico's lancers maul Kearny's dragoons in the San Pasqual valley at dawn; ~21 Americans killed including three officers — the bloodiest action of the war in California.,Californio tactical victory,,"Bancroft V, ch. xiii (Pico's report of Dec. 6th; casualty roll 'died Dec. 6th' — leaf-verified in vault txt).",
military-engagements,reg-136-pauma-massacre,136,Pauma massacre,1846-12,December 1846,month,33.3064,-116.993,vicinity,raid,conquest,"Garra's band of Cahuillas and fugitive ex-neophytes of San Luis Rey kill eleven Californios who had retired to Pauma rancho to avoid service for or against Flores; instigated by William Marshall, later hanged for it.",11 Californios killed,Cahuilla; Luiseño,"Bancroft V, p. 567 (leaf-verified in vault txt).",
military-engagements,reg-137-santa-clara,137,Battle of Santa Clara ('the Mustard Stalks'),1847-01-02,"Jan 2, 1847",day,37.36,-121.96,vicinity,battle,conquest,"Marston's marines and volunteers meet Francisco Sánchez's insurgents in the mustard fields near Mission Santa Clara; light casualties, followed by armistice ending the war in the north.",Sánchez treats; war ends in the north,,"Bancroft V, ch. xiii ('on January 2d the enemy was seen on the Santa Clara' — leaf-verified in vault txt).",
military-engagements,reg-138-rio-san-gabriel,138,Passage of the Río San Gabriel,1847-01-08,"Jan 8, 1847",day,33.99218,-118.11139,vicinity,battle,conquest,Stockton and Kearny force the river crossing against Flores's artillery and lancers ('Yankees at the crossing'); Californians withdraw toward the Mesa.,American advance continues,,"Bancroft V, ch. xiv ('battle of the S. Gabriel 8th' — leaf-verified in vault txt); CHL No. 385.","CHL No. 385 marker (NE cor. Washington Blvd & Bluff Rd, Montebello); battle at the river ford across present Whittier/Pico Rivera/Montebello."
military-engagements,reg-139-la-mesa,139,Battle of La Mesa,1847-01-09,"Jan 9, 1847",day,34.00495,-118.23075,vicinity,battle,conquest,Final action: Flores's last attack on the American square on the plain south of Los Angeles fails; the pueblo reoccupied next day.,Last Californio field action fails,,"Bancroft V, ch. xiv ('At about 9 o'clock in the morning of January 9th' — leaf-verified); CHL No. 167.","CHL No. 167 marker (4490 Exchange Ave at Downey Rd, Vernon)."
military-engagements,reg-140-cahuenga-capitulation,140,Capitulation of Cahuenga,1847-01-13,"Jan 13, 1847",day,34.1394,-118.3614,place,event,conquest,Andrés Pico surrenders to Frémont at the Campo de Cahuenga; generous terms end organized resistance in California.,War in California ends,,"Bancroft V, ch. xiv ('next morning, January 13th, it received the signatures' — leaf-verified in vault txt).",
military-engagements,reg-141-corsairs-at-loreto,141,Corsair squadron at Loreto,1799,1799,year,26.0115,-111.3486,place,event,maritime,"Three English frigates (22–24 guns, 60–116 crew) anchor in the surgidero of Loreto — the capital itself — seizing a balandra, later ransomed for sugar, chocolate, and a church bell (~$8,000 losses). 'No dejan buque sin d[etener].'",Capital raided; shipping seized,,C-A 14 (Savage abstracts). | Ransom of the balandra.,
military-engagements,reg-142-cabo-san-lucas,142,Executions at Cabo San Lucas,1799,1799,year,22.881,-109.912,vicinity,event,maritime,Four English corsairmen apprehended at Cabo San Lucas; the commander ordered three hanged. A Spanish brig on the Acapulco–San Blas run captured in the same campaign.,3 English hanged,,C-A 14 (Savage abstracts).,
military-engagements,reg-143-wilson-pursuit,143,Wilson's pursuit near San Bernardino,1845,1845,year,34.0455,-117.226,vicinity,raid,mexican,"Benjamin (Benito) Wilson with 200 mounted men pursues horse-raiding parties near San Bernardino; expedition diary filed, further campaign and remounts requested.",Pursuit; raiders not destroyed,,C-A 30 expedition diary. | Follow-up request.,
missions-establishments,m-san-diego-de-alcala,,Mission San Diego de Alcalá,1769,founded 1769,year,32.7844,-117.1064,exact,mission,missions,First of the chain; destroyed in the 1775 revolt and rebuilt at this valley site.,,,"Founding dates per the standard accounts (Bancroft, Hist. Cal.; Engelhardt).",
missions-establishments,m-san-carlos-borromeo-carmel,,Mission San Carlos Borromeo (Carmel),1770,founded 1770,year,36.5433,-121.919,exact,mission,missions,Serra's headquarters and burial place; moved from Monterey to Carmel in 1771.,,,"Founding dates per the standard accounts (Bancroft, Hist. Cal.; Engelhardt).",
missions-establishments,m-san-antonio-de-padua,,Mission San Antonio de Padua,1771,founded 1771,year,36.0144,-121.2497,exact,mission,missions,"The upper Salinas valley mission, in Salinan country.",,,"Founding dates per the standard accounts (Bancroft, Hist. Cal.; Engelhardt).",
missions-establishments,m-san-gabriel-arcangel,,Mission San Gabriel Arcángel,1771,founded 1771,year,34.0967,-118.1067,exact,mission,missions,The richest of the southern missions; Toypurina's 1785 revolt; the gateway of the overland routes.,,,"Founding dates per the standard accounts (Bancroft, Hist. Cal.; Engelhardt).",
missions-establishments,m-san-luis-obispo-de-tolosa,,Mission San Luis Obispo de Tolosa,1772,founded 1772,year,35.281,-120.664,exact,mission,missions,Founded on the strength of the Portolá expedition's bear hunts in the Cañada de los Osos.,,,"Founding dates per the standard accounts (Bancroft, Hist. Cal.; Engelhardt).",
missions-establishments,m-san-francisco-de-asis-dolores,,Mission San Francisco de Asís (Dolores),1776,founded 1776,year,37.7644,-122.4269,exact,mission,missions,The Bay's first mission; its neophyte flights across the water drove the 1795–97 East Bay expeditions.,,,"Founding dates per the standard accounts (Bancroft, Hist. Cal.; Engelhardt).",
missions-establishments,m-san-juan-capistrano,,Mission San Juan Capistrano,1776,founded 1776,year,33.5017,-117.6628,exact,mission,missions,"Founded twice, 1775 and 1776, after the San Diego revolt interrupted the first attempt.",,,"Founding dates per the standard accounts (Bancroft, Hist. Cal.; Engelhardt).",
missions-establishments,m-santa-clara-de-asis,,Mission Santa Clara de Asís,1777,founded 1777,year,37.3496,-121.939,exact,mission,missions,"Paired with the pueblo of San José, whose fields bordered too closely for the friars' comfort.",,,"Founding dates per the standard accounts (Bancroft, Hist. Cal.; Engelhardt).",
missions-establishments,m-san-buenaventura,,Mission San Buenaventura,1782,founded 1782,year,34.2805,-119.2945,exact,mission,missions,The Channel mission Serra founded last in person; armed with cannon in the 1798 census.,,,"Founding dates per the standard accounts (Bancroft, Hist. Cal.; Engelhardt).",
missions-establishments,m-santa-barbara,,Mission Santa Bárbara,1786,founded 1786,year,34.4378,-119.7137,exact,mission,missions,"The 'Queen of the Missions,' beside the presidio; a center of the 1824 Chumash revolt.",,,"Founding dates per the standard accounts (Bancroft, Hist. Cal.; Engelhardt).",
missions-establishments,m-la-purisima-concepcion,,Mission La Purísima Concepción,1787,founded 1787,year,34.6724,-120.4239,exact,mission,missions,Seized by Chumash rebels for a month in 1824; rebuilt after the 1812 earthquake at the present site.,,,"Founding dates per the standard accounts (Bancroft, Hist. Cal.; Engelhardt).",
missions-establishments,m-santa-cruz,,Mission Santa Cruz,1791,founded 1791,year,36.9797,-122.0308,exact,mission,missions,"Across the river from the villa of Branciforte, whose settlers the friars blamed for most of their troubles.",,,"Founding dates per the standard accounts (Bancroft, Hist. Cal.; Engelhardt).",
missions-establishments,m-nuestra-senora-de-la-soledad,,Mission Nuestra Señora de la Soledad,1791,founded 1791,year,36.4046,-121.3558,exact,mission,missions,The lonely Salinas valley mission; two governors died within its walls.,,,"Founding dates per the standard accounts (Bancroft, Hist. Cal.; Engelhardt).",
missions-establishments,m-san-jose,,Mission San José,1797,founded 1797,year,37.5333,-121.919,exact,mission,missions,Base of the East Bay and Delta frontier; Estanislao was its alcalde before his 1829 revolt.,,,"Founding dates per the standard accounts (Bancroft, Hist. Cal.; Engelhardt).",
missions-establishments,m-san-juan-bautista,,Mission San Juan Bautista,1797,founded 1797,year,36.8455,-121.537,exact,mission,missions,Sited at 'San Benito' per Lasuén's 1796 reconnaissance synthesis (C-A 50); the 1798 Talholostl battle was fought nearby.,,,"Founding dates per the standard accounts (Bancroft, Hist. Cal.; Engelhardt).",
missions-establishments,m-san-miguel-arcangel,,Mission San Miguel Arcángel,1797,founded 1797,year,35.7472,-120.696,exact,mission,missions,Sited at 'las Pozas' in the same 1795–96 siting campaign.,,,"Founding dates per the standard accounts (Bancroft, Hist. Cal.; Engelhardt).",
missions-establishments,m-san-fernando-rey,,Mission San Fernando Rey,1797,founded 1797,year,34.2733,-118.462,exact,mission,missions,The valley mission on the LA road; armed with 2-pounders in the 1805 census.,,,"Founding dates per the standard accounts (Bancroft, Hist. Cal.; Engelhardt).",
missions-establishments,m-san-luis-rey-de-francia,,Mission San Luis Rey de Francia,1798,founded 1798,year,33.2318,-117.3178,exact,mission,missions,"Founded 13 Jun 1798, 54 children baptized that day (C-A 24 Doc 277); the largest mission population; Duflot drew its plan in the gallery.",,,"Founding dates per the standard accounts (Bancroft, Hist. Cal.; Engelhardt).",
missions-establishments,m-santa-ines,,Mission Santa Inés,1804,founded 1804,year,34.5964,-120.137,exact,mission,missions,The last Channel mission; the 1824 revolt began here.,,,"Founding dates per the standard accounts (Bancroft, Hist. Cal.; Engelhardt).",
missions-establishments,m-san-rafael-arcangel,,Mission San Rafael Arcángel,1817,founded 1817,year,37.9735,-122.5311,exact,mission,missions,"Begun as a hospital asistencia of Dolores, raised to full mission in 1822; the northern frontier's answer to sickness and to Ross.",,,"Founding dates per the standard accounts (Bancroft, Hist. Cal.; Engelhardt).",
missions-establishments,m-san-francisco-solano-sonoma,,Mission San Francisco Solano (Sonoma),1823,founded 1823,year,38.2939,-122.4581,exact,mission,missions,"The last and northernmost mission, founded under Mexican rule partly to face the Russians; seed of Vallejo's Sonoma.",,,"Founding dates per the standard accounts (Bancroft, Hist. Cal.; Engelhardt).",
missions-establishments,a-santa-margarita-de-cortona-asistencia,,Santa Margarita de Cortona (asistencia),1787,est. 1787,year,35.39,-120.607,place,mission,asistencias,Grain-station and chapel over the cuesta from San Luis Obispo; the rancho kept the name. Sub-station of Mission San Luis Obispo.,,,"Founding dates per the standard accounts (Bancroft, Hist. Cal.; Engelhardt).",
missions-establishments,a-san-antonio-de-pala-asistencia,,San Antonio de Pala (asistencia),1816,est. 1816,year,33.3653,-117.0781,place,mission,asistencias,"The inland asistencia of San Luis Rey; uniquely, still a functioning mission chapel serving a Native community today. Sub-station of Mission San Luis Rey.",,,"Founding dates per the standard accounts (Bancroft, Hist. Cal.; Engelhardt).",
missions-establishments,a-las-flores-asistencia,,Las Flores (asistencia),1823,est. 1823,year,33.29,-117.456,place,mission,asistencias,The coast station between San Luis Rey and San Juan Capistrano; later the Pico brothers' rancho. Sub-station of Mission San Luis Rey.,,,"Founding dates per the standard accounts (Bancroft, Hist. Cal.; Engelhardt).",
missions-establishments,a-santa-ysabel-asistencia,,Santa Ysabel (asistencia),1818,est. 1818,year,33.13,-116.674,place,mission,asistencias,San Diego's mountain asistencia in Kumeyaay country; the same district as the register's Santa Isabel fight of 1826. Sub-station of Mission San Diego.,,,"Founding dates per the standard accounts (Bancroft, Hist. Cal.; Engelhardt).",
missions-establishments,a-san-bernardino-de-sena-estancia,,San Bernardino de Sena (estancia),1830,est. 1830,year,34.0455,-117.226,place,mission,asistencias,"San Gabriel's estancia at the foot of the pass; the rancho outpost end of the mission system, in the raiding corridor. Sub-station of Mission San Gabriel.",,,"Founding dates per the standard accounts (Bancroft, Hist. Cal.; Engelhardt).",
missions-establishments,r-colony-ross,,Colony Ross,1812,est. 1812,year,38.5144,-123.2444,exact,settlement,russian,"The Russian-American Company's fort and village on Kashaya land, 1812 to 1841. The Presidial System map carries its strength series; Vallejo's 1833 reconnaissance (C-A 53 Doc 45) describes it in full.",,,"Russian establishments per the RAC literature (Gibson; Istomin) and the Spanish-Mexican reconnaissance record (C-A 12, C-A 53).",
missions-establishments,r-port-rumiantsev-bodega,,Port Rumiantsev (Bodega),1809,est. 1809,year,38.31,-123.045,place,settlement,russian,"The company's anchorage and warehouses at Bodega Bay, in use from about 1809. The port the Spanish discovered in 1775, working under a Russian name.",,,"Russian establishments per the RAC literature (Gibson; Istomin) and the Spanish-Mexican reconnaissance record (C-A 12, C-A 53).",Anchorage in Bodega Harbor; the precise landing/port site is approximate.
missions-establishments,r-kostromitinov-ranch,,Kostromitinov Ranch,1833,est. 1833,year,38.45,-123.1,area,settlement,russian,"Company farm on the Russian River plain, one of the three ranches feeding Ross in its last decade. Location approximate.",,,"Russian establishments per the RAC literature (Gibson; Istomin) and the Spanish-Mexican reconnaissance record (C-A 12, C-A 53).",
missions-establishments,r-khlebnikov-ranch,,Khlebnikov Ranch,1833,est. 1833,year,38.345,-123.02,area,settlement,russian,"Company farm inland from Bodega, named for the RAC agent. Location approximate.",,,"Russian establishments per the RAC literature (Gibson; Istomin) and the Spanish-Mexican reconnaissance record (C-A 12, C-A 53).",
missions-establishments,r-chernykh-ranch,,Chernykh Ranch,1836,est. 1836,year,38.38,-122.95,area,settlement,russian,The agronomist Chernykh's farm; Voznesensky sketched it in 1841 (the sketch is in this site's gallery). Location approximate.,,,"Russian establishments per the RAC literature (Gibson; Istomin) and the Spanish-Mexican reconnaissance record (C-A 12, C-A 53).",
missions-establishments,o-suisun-outstation-solano,,Suisun outstation (Solano),,Mexican-era estate,circa,38.232,-122.124,area,settlement,outstations,"The Sonoma mission's grazing outstation in the Suisun Valley, at the Rockville and Cordelia end rather than the later town of Fairfield; in the country of the Suisun Patwin, and absorbed into the Vallejo-era ranchos after secularization. Outstation of Mission San Francisco Solano.",,,"Mission-estate outstations per the standard accounts (Engelhardt; county histories); locations approximate. Selected, not exhaustive: the missions ran many more ranchos.",Verify against the 1834-36 secularization inventories (C-A 50-53) for the documented estate lists.
missions-establishments,o-napa-outstation-solano,,Napa outstation (Solano),,Mexican-era estate,circa,38.2971,-122.2855,area,settlement,outstations,"The mission's station in the lower Napa Valley, likewise folded into private ranchos in the 1830s. Outstation of Mission San Francisco Solano.",,,"Mission-estate outstations per the standard accounts (Engelhardt; county histories); locations approximate. Selected, not exhaustive: the missions ran many more ranchos.",Verify against the 1834-36 secularization inventories (C-A 50-53) for the documented estate lists.
missions-establishments,o-san-pedro-y-san-pablo-san-mateo,,San Pedro y San Pablo (San Mateo),,Mexican-era estate,circa,37.563,-122.3244,area,settlement,outstations,"Mission Dolores' farm outstation on the peninsula, established in the 1780s; the 1830 SF padron still lists San Mateo among the jurisdiction's ranchos (C-A 50 Doc 425). Outstation of Mission San Francisco de Asís.",,,"Mission-estate outstations per the standard accounts (Engelhardt; county histories); locations approximate. Selected, not exhaustive: the missions ran many more ranchos.",Verify against the 1834-36 secularization inventories (C-A 50-53) for the documented estate lists.
missions-establishments,o-rancho-san-francisco-xavier,,Rancho San Francisco Xavier,,Mexican-era estate,circa,34.44,-118.62,area,settlement,outstations,San Fernando's northern stock rancho in the Santa Clarita valley; the same Rancho San Francisco where 18 Indians were killed in 1846 (military register #117). Outstation of Mission San Fernando.,,,"Mission-estate outstations per the standard accounts (Engelhardt; county histories); locations approximate. Selected, not exhaustive: the missions ran many more ranchos.",Verify against the 1834-36 secularization inventories (C-A 50-53) for the documented estate lists.
missions-establishments,o-santa-ysabel-rancho-san-miguel,,Santa Ysabel rancho (San Miguel),,Mexican-era estate,circa,35.62,-120.6,area,settlement,outstations,"One of San Miguel's named ranchos with an adobe, up the Salinas from the mission. Outstation of Mission San Miguel.",,,"Mission-estate outstations per the standard accounts (Engelhardt; county histories); locations approximate. Selected, not exhaustive: the missions ran many more ranchos.",Verify against the 1834-36 secularization inventories (C-A 50-53) for the documented estate lists.
missions-establishments,o-san-simeon-rancho-san-miguel,,San Simeon rancho (San Miguel),,Mexican-era estate,circa,35.643,-121.189,area,settlement,outstations,San Miguel's coast station at San Simeon bay. Outstation of Mission San Miguel.,,,"Mission-estate outstations per the standard accounts (Engelhardt; county histories); locations approximate. Selected, not exhaustive: the missions ran many more ranchos.",Verify against the 1834-36 secularization inventories (C-A 50-53) for the documented estate lists.
missions-establishments,o-temecula-station-san-luis-rey,,Temecula station (San Luis Rey),,Mexican-era estate,circa,33.493,-117.149,area,settlement,outstations,San Luis Rey's inland station among the Luiseno communities of the Temecula valley. Outstation of Mission San Luis Rey.,,,"Mission-estate outstations per the standard accounts (Engelhardt; county histories); locations approximate. Selected, not exhaustive: the missions ran many more ranchos.",Verify against the 1834-36 secularization inventories (C-A 50-53) for the documented estate lists.
missions-establishments,o-san-jacinto-rancho-san-luis-rey,,San Jacinto rancho (San Luis Rey),,Mexican-era estate,circa,33.784,-116.96,area,settlement,outstations,"The mission's easternmost stock rancho, toward the pass country. Outstation of Mission San Luis Rey.",,,"Mission-estate outstations per the standard accounts (Engelhardt; county histories); locations approximate. Selected, not exhaustive: the missions ran many more ranchos.",Verify against the 1834-36 secularization inventories (C-A 50-53) for the documented estate lists.
missions-establishments,o-san-gorgonio-estancia-san-gabriel,,San Gorgonio estancia (San Gabriel),,Mexican-era estate,circa,33.928,-116.876,area,settlement,outstations,"San Gabriel's furthest estancia, in the pass between the mountains; the raiding corridor's doorstep. Outstation of Mission San Gabriel.",,,"Mission-estate outstations per the standard accounts (Engelhardt; county histories); locations approximate. Selected, not exhaustive: the missions ran many more ranchos.",Verify against the 1834-36 secularization inventories (C-A 50-53) for the documented estate lists.
missions-establishments,s-sutters-fort-new-helvetia,,Sutter's Fort (New Helvetia),1839,est. 1839,year,38.5722,-121.47,exact,settlement,sutter,"Sutter's Mexican land-grant colony at the Sacramento-American confluence, founded 1839. Buyer of Ross's movable property in 1841, magnet for the overland emigrants, and the hinge between the mission-rancho world and the American conquest. The anti-Micheltorena revolt charged the governor with his 'relaciones secretas' with Sutter (C-A 61).",,,"Standard accounts (Bancroft, Hist. Cal., IV); cf. Leg. Rec. (C-A 61) Doc 19",
moraga-expeditions,ref-mission-san-juan-bautista,,Mission San Juan Bautista,,,circa,36.8446,-121.5385,exact,mission,refs,1797. Moraga 1806 departure; Viader 1810 Aug return.,,,,
moraga-expeditions,ref-mission-san-fernando,,Mission San Fernando,,,circa,34.2733,-118.462,exact,mission,refs,1797. Moraga 1806 arrival.,,,,
moraga-expeditions,ref-mission-san-jose,,Mission San José,,,circa,37.5293,-121.9178,exact,mission,refs,1797. Viader/Moraga 1810 departure point.,,,,
moraga-expeditions,ref-mission-santa-clara,,Mission Santa Clara,,,circa,37.3496,-121.939,exact,mission,refs,1777. Viader 1810 Oct return.,,,,
moraga-expeditions,ref-mission-san-miguel,,Mission San Miguel,,,circa,35.75,-120.7,exact,mission,refs,1797. Moraga 1807 stop.,,,,
moraga-expeditions,ref-monterey-presidio,,Monterey Presidio,,,circa,36.6,-121.9,exact,mission,refs,Moraga 1807 departure.,,,,
moraga-expeditions,ref-mission-san-rafael,,Mission San Rafael,,,circa,37.9735,-122.5311,exact,mission,refs,1817. First establishment north of SF Bay. Site selected by Moraga. Founded 83 days after Hagemeister-Pomo treaty.,,,,
moraga-expeditions,ref-fort-ross,,Fort Ross,,,circa,38.5133,-123.2442,exact,mission,refs,"1812. Russian-American Company. Kuskov. 95 Russians + ~80 Aleut hunters. Moraga visited 1812, 1813, 1814.",,,,
moraga-expeditions,ref-presidio-of-san-francisco,,Presidio of San Francisco,,,circa,37.7862,-122.4572,exact,mission,refs,1776. Founded by José Joaquín Moraga (Gabriel's father). Gabriel served here as Alférez 1806–1818.,,,,
moraga-expeditions,label-san-jose,,San José,,,circa,37.3382,-121.8863,exact,settlement,modern,,,,,
moraga-expeditions,label-modesto,,Modesto,,,circa,37.6391,-120.9969,exact,settlement,modern,,,,,
moraga-expeditions,label-stockton,,Stockton,,,circa,37.9577,-121.2908,exact,settlement,modern,,,,,
moraga-expeditions,label-tracy,,Tracy,,,circa,37.7397,-121.4252,exact,settlement,modern,,,,,
moraga-expeditions,label-fresno,,Fresno,,,circa,36.7378,-119.7871,exact,settlement,modern,,,,,
moraga-expeditions,label-visalia,,Visalia,,,circa,36.3302,-119.2921,exact,settlement,modern,,,,,
moraga-expeditions,label-porterville,,Porterville,,,circa,36.0653,-119.0166,exact,settlement,modern,,,,,
moraga-expeditions,label-bakersfield,,Bakersfield,,,circa,35.3733,-119.0187,exact,settlement,modern,,,,,
moraga-expeditions,label-livingston,,Livingston,,,circa,37.38,-120.72,exact,settlement,modern,,,,,
moraga-expeditions,label-knights-ferry,,Knights Ferry,,,circa,37.8197,-120.6644,exact,settlement,modern,,,,,
moraga-expeditions,label-sanger,,Sanger,,,circa,36.708,-119.556,exact,settlement,modern,,,,,
moraga-expeditions,label-los-banos,,Los Banos,,,circa,37.06,-120.85,exact,settlement,modern,,,,,
moraga-expeditions,label-antioch,,Antioch,,,circa,38.0049,-121.8058,exact,settlement,modern,,,,,
moraga-expeditions,label-walnut-creek,,Walnut Creek,,,circa,37.9101,-122.0652,exact,settlement,modern,,,,,
moraga-expeditions,label-los-angeles,,Los Angeles,,,circa,34.0522,-118.2437,exact,settlement,modern,,,,,
moraga-expeditions,label-monterey,,Monterey,,,circa,36.6002,-121.8947,exact,settlement,modern,,,,,
moraga-expeditions,label-fort-tejon,,Fort Tejon,,,circa,34.874,-118.8943,exact,settlement,modern,,,,,
moraga-expeditions,label-lancaster,,Lancaster,,,circa,34.683,-118.15,exact,settlement,modern,,,,,
moraga-expeditions,label-patterson,,Patterson,,,circa,37.4716,-121.1297,exact,settlement,modern,,,,,
moraga-expeditions,label-gustine,,Gustine,,,circa,37.2572,-120.9989,exact,settlement,modern,,,,,
moraga-expeditions,label-grayson,,Grayson,,,circa,37.5618,-121.1855,exact,settlement,modern,,,,,
moraga-expeditions,label-santa-cruz,,Santa Cruz,,,circa,36.9741,-122.0308,exact,settlement,modern,,,,,
moraga-expeditions,label-cosumnes-area,,Cosumnes area,,,circa,38.25,-121.05,exact,settlement,modern,,,,,
moraga-expeditions,label-vernalis,,Vernalis,,,circa,37.6308,-121.2872,exact,settlement,modern,,,,,
moraga-expeditions,label-rockville-suisun-valley,,Rockville / Suisun Valley,,,circa,38.27,-122.13,exact,settlement,modern,,,,,
moraga-expeditions,label-san-rafael,,San Rafael,,,circa,37.9735,-122.5311,exact,settlement,modern,,,,,
moraga-expeditions,label-carquinez-strait,,Carquinez Strait,,,circa,38.04,-122.153,exact,settlement,modern,,,,,
moraga-expeditions,label-bodega-bay,,Bodega Bay,,,circa,38.3244,-123.0386,exact,settlement,modern,,,,,
moraga-expeditions,label-fort-ross,,Fort Ross,,,circa,38.5133,-123.2442,exact,settlement,modern,,,,,
moraga-expeditions,label-novato,,Novato,,,circa,38.1075,-122.5697,exact,settlement,modern,,,,,
moraga-expeditions,label-petaluma,,Petaluma,,,circa,38.2324,-122.6367,exact,settlement,modern,,,,,
moraga-expeditions,r1807-1-monterey,,Monterey,,,circa,36.6,-121.9,area,expedition-leg,r1807,Departure. 25 cavalry under Alférez Gabriel Moraga. Sgt. Miguel Espinosa. 8 horses each.,,,,
moraga-expeditions,r1807-2-mission-san-miguel,,Mission San Miguel,,,circa,35.75,-120.7,area,expedition-leg,r1807,'We went from Monterey to San Miguel Mission.',,,,
moraga-expeditions,r1807-3-buena-vista-lake,,Buena Vista Lake,,,circa,35.15,-119.4,area,expedition-leg,r1807,'From there to the Laguna we called Buena Vista in one day and a half.' Went after runaway neophytes — 'did not get any.',,,Cook note 46: 'This expedition of 1807 is otherwise unrecorded.',
moraga-expeditions,r1807-4-mountains-salinas-de-cortez,,Mountains — Salinas de Cortéz,,,circa,35.4,-118.7,area,expedition-leg,r1807,'We went away into the Snowy Mountains.' Indians stole half the horses and killed two men. 'Portezuelo' with great quantities of nitre.,,,"Cook note 47: possibly entrance to Gorge of Kern R., E of Bakersfield",
moraga-expeditions,r1807-5-san-joaquin-river-crossings,,San Joaquin River (crossings),,,circa,37.1,-120.5,area,expedition-leg,r1807,'We crossed the San Joaquin River several times and everywhere there was Indians.',,,,
moraga-expeditions,r1807-6-mission-san-jose,,Mission San José,,,circa,37.5293,-121.9178,area,expedition-leg,r1807,'The Captain made up his mind to go back by the way of San Jose Mission where we arrived in good order.',,,,
moraga-expeditions,r1810a-1-mission-san-jose,,Mission San José,,,circa,37.5293,-121.9178,area,expedition-leg,r1810a,"Aug 15, 1810. Departed 5:30pm with Lt. Moraga, Cadet Estrada, 1 corporal, 3 soldiers, 4 neophytes.",,,,
moraga-expeditions,r1810a-2-valley-of-san-jose-pool,,Valley of San José — Pool,,,circa,37.6,-121.9,area,expedition-leg,r1810a,Aug 15. 6 leagues N. 'Good water. So near and so well known to everyone.',,,,
moraga-expeditions,r1810a-3-walnut-creek,,Walnut Creek,,,circa,37.91,-122.07,area,expedition-leg,r1810a,Aug 16 (lunch). 6 leagues N. 'Good water but runs in very small amount.' Killed 2 bears and a deer.,,,"Cook note 1: route via Sunol, Dublin, Walnut Creek",
moraga-expeditions,r1810a-4-end-of-walnut-creek-estuaries,,End of Walnut Creek — Estuaries,,,circa,38.01,-122.0,area,expedition-leg,r1810a,Aug 16. 6 more leagues N. 'Beginning of some estuaries on the NE side of a fine plain.' Big walnut trees.,,,,
moraga-expeditions,r1810a-5-san-joaquin-r-tulpunes-antioch,,San Joaquin R. / Tulpunes — Antioch,,,circa,38.0,-121.81,area,expedition-leg,r1810a,"Aug 18. 7 leagues E. 'Quarter-league wide, apparently very deep, reached by tides.' Large oak forest. Tulpunes not seen.",,,Cook note 2: at or near Antioch. Julpunes oak forest to Brentwood.,
moraga-expeditions,r1810a-6-oak-forest-oakley,,Oak Forest — Oakley,,,circa,37.99,-121.71,area,expedition-leg,r1810a,"Aug 18. 2 more leagues E. Good country, no water except the river.",,,Cook note 2: halt near Oakley,
moraga-expeditions,r1810a-7-pescadero-cholvones-bethany,,Pescadero / Cholvones — Bethany,,,circa,37.76,-121.57,area,expedition-leg,r1810a,Aug 19. 10 leagues SE. Lake in oak grove. Interpreter met heathen Guanats. 'Christian fugitives from San Jose on opposite shore.',,,Cook note 3: Bethany. Lakes vanished.,
moraga-expeditions,r1810a-8-tomchom-village,,Tomchom Village,,,circa,37.77,-121.43,area,expedition-leg,r1810a,Aug 20. 3 leagues SSE. 'No wild Indian showed himself.',,,Cook note 4: north of Tracy,
moraga-expeditions,r1810a-9-cuyens-village,,Cuyens Village,,,circa,37.7,-121.35,area,expedition-leg,r1810a,Aug 20. 2½ leagues further. Chief Cuyens. 15 Indians brought fish. 4 stayed the night.,,,"Cook note 4: left bank, 3 mi above highway bridge",
moraga-expeditions,r1810a-10-maijem-village,,Maijem Village,,,circa,37.65,-121.26,area,expedition-leg,r1810a,Aug 21. 2½–3 leagues. Dry stream bed. Indians came 'with great trepidation' then disappeared.,,,Cook note 5: ~2 mi NNE of Vernalis,
moraga-expeditions,r1810a-11-opposite-bozenats-village,,Opposite Bozenats Village,,,circa,37.63,-121.25,area,expedition-leg,r1810a,"Aug 21. 2 leagues. Indians on far bank 'refused to come near, yelled with much vigor.'",,,"Cook note 6: right bank, E of Vernalis",
moraga-expeditions,r1810a-12-skirmish-tationes-apaglamenes,,SKIRMISH — Tationes / Apaglamenes,,,circa,37.54,-121.17,area,skirmish,r1810a,"Aug 22. 2 leagues + 1 league. 30 armed heathen on opposite bank. Then Tationes village. Apaglamenes and Tationes attacked — 'painted, bedecked with feathers.' 12 shots fired. One Indian hit.",,,Cook note 7: ~2 mi SE of Grayson,
moraga-expeditions,r1810a-13-lakes-near-willow-grove,,Lakes near Willow Grove,,,circa,37.47,-121.1,area,expedition-leg,r1810a,Aug 22 afternoon. 3 leagues. 'Neither firewood nor good land.',,,Cook note 8: probably E of Patterson,
moraga-expeditions,r1810a-14-creek-orestimba,,Creek — Orestimba,,,circa,37.44,-121.02,area,expedition-leg,r1810a,Aug 23. 3½ leagues. 'Great heat forced us to jump in for a swim.',,,"Cook note 9: Orestimba Cr., E of Crows Landing",
moraga-expeditions,r1810a-15-pond-ne-of-gustine,,Pond — NE of Gustine,,,circa,37.28,-120.97,area,expedition-leg,r1810a,Aug 23. 4 leagues. 'No wood or brush to cook supper or even make chocolate.',,,Cook note 10: 3–4 mi NE of Gustine. Southernmost point.,
moraga-expeditions,r1810a-16-san-luis-gonzaga,,San Luis Gonzaga,,,circa,37.06,-121.08,area,expedition-leg,r1810a,Aug 24. Turned back W! 10 leagues. Explored — 'no more water than a few pools.' Not suitable for mission.,,,,
moraga-expeditions,r1810a-17-ausaymas-creek,,Ausaymas Creek,,,circa,36.88,-121.5,area,expedition-leg,r1810a,Aug 26. SW over mountains. 'Caught forty fish including six trout.' Already the plain of San Juan Bautista.,,,,
moraga-expeditions,r1810a-18-mission-san-juan-bautista,,Mission San Juan Bautista,,,circa,36.8446,-121.5385,area,expedition-leg,r1810a,"Aug 27. 5 leagues SW. 'With a good breakfast we brought the expedition to an end.' Signed Fr. José Viader, Aug 28, 1810.",,,,
moraga-expeditions,r1810b-1-mission-san-jose,,Mission San José,,,circa,37.5293,-121.9178,area,expedition-leg,r1810b,"Oct 19, 1810. Left ~2pm with Lt. Moraga, 23 soldiers, ~50 armed Christian Indians.",,,,
moraga-expeditions,r1810b-2-valley-of-san-jose,,Valley of San José,,,circa,37.6,-121.85,area,expedition-leg,r1810b,Oct 19. 6 leagues NE. Willow grove with good water.,,,,
moraga-expeditions,r1810b-3-pescadero-cholvones-bethany,,Pescadero / Cholvones — Bethany,,,circa,37.76,-121.57,area,expedition-leg,r1810b,Oct 20. 9 leagues ENE. 'Arrived very late so as not to be seen or heard. Placed our people in position to attack a dance.',,,Cook note 11: Mission San José to Bethany = ~32 mi,
moraga-expeditions,r1810b-4-bolbones-villages-old-river,,Bolbones Villages — Old River,,,circa,37.82,-121.51,area,skirmish,r1810b,"Oct 21. 'Before dawn we assaulted a village.' Captured 15 San Jose Christians, 18 heathen men, 51 women. Women released — 'went away very happy.' Two prisoners escaped.",,,Cook note 12: two villages on Old River / Union I.,
moraga-expeditions,r1810b-5-jusmites,,Jusmites,,,circa,37.77,-121.43,area,expedition-leg,r1810b,"Oct 22. 2½ leagues SE along river. 'Oak groves, willow thickets, ponds.'",,,Cook note 14,
moraga-expeditions,r1810b-6-tugites,,Tugites,,,circa,37.73,-121.38,area,expedition-leg,r1810b,"Oct 22. 2½ more leagues. 'All the country has wood, water in the river and lakes, but the land is low, flooded.'",,,Cook note 14,
moraga-expeditions,r1810b-7-cuyens-village,,Cuyens Village,,,circa,37.7,-121.35,area,expedition-leg,r1810b,"Oct 23. Met friendly Cuyens Indians. 'Bearing as a gift three very big, red, salmon.'",,,,
moraga-expeditions,r1810b-8-mayem-village,,Mayem Village,,,circa,37.65,-121.26,area,expedition-leg,r1810b,Oct 23. 4 leagues total. 'Approached us with much fear and a tendency to prevaricate.' Deny harboring Christians. Lt. threatens flogging.,,,Cook note 14: Mayem 9 leagues from Pescadero,
moraga-expeditions,r1810b-9-ford-opposite-taualames,,Ford Opposite Taualames,,,circa,37.58,-121.15,area,expedition-leg,r1810b,"Oct 23 afternoon. 2 leagues. 'Ford across the river — very bad, wide and deep.' Crossed without incident. Sent boy to village.",,,Cook note 14–15,
moraga-expeditions,r1810b-10-toward-tuolumne-blocked,,Toward Tuolumne — Blocked,,,circa,37.55,-121.1,area,expedition-leg,r1810b,"Oct 24. Scouted N toward Tuolumne (Dolores), 2–3 leagues away. 'On account of so many sloughs, swamps, and ponds we turned back.'",,,,
moraga-expeditions,r1810b-11-past-apelamenes-tatives,,Past Apelamenes & Tatives,,,circa,37.5,-121.05,area,expedition-leg,r1810b,"Oct 24 afternoon. 6 leagues SSE. 'Passed in front of the Apelamenes and Tatives Indians, who had fought us on the former occasion.'",,,,
moraga-expeditions,r1810b-12-merced-river,,Merced River,,,circa,37.38,-120.9,area,expedition-leg,r1810b,"Oct 24. Reached Merced R. 'Almost swimming the horses.' Much wood — oak, cypress, cottonwood.",,,Cook note 15,
moraga-expeditions,r1810b-13-crossed-san-joaquin,,Crossed San Joaquin,,,circa,37.35,-121.0,area,expedition-leg,r1810b,"Oct 25. SW. 'Crossed several other swampy sloughs. Southward no more trees, only tules.'",,,,
moraga-expeditions,r1810b-14-battle-shaving-place,,'Battle / Shaving Place',,,circa,37.42,-121.05,area,expedition-leg,r1810b,"Oct 25. 2½ leagues downstream. 'At this point now, as previously, the soldiers shave themselves.'",,,,
moraga-expeditions,r1810b-15-orestimba-creek-apalamenes,,Orestimba Creek — Apalamenes,,,circa,37.44,-121.02,area,expedition-leg,r1810b,"Oct 25. 1 league. 'Allies of the Tatives when they fought us.' Creek dry. 'Least bad spot — only firewood, river water, and good fish.'",,,Cook note 9/16,
moraga-expeditions,r1810b-16-opposite-taualames-return,,Opposite Taualames (return),,,circa,37.58,-121.15,area,expedition-leg,r1810b,"Oct 25. 2 leagues. 'Refused to come out, saying they were afraid. They guessed right for they would have been taken captive.'",,,,
moraga-expeditions,r1810b-17-del-puerto-creek-corpus-christi,,Del Puerto Creek — Corpus Christi,,,circa,37.53,-121.35,area,expedition-leg,r1810b,Oct 25. 3 leagues W. 'Spent the night without water for the horses. Had to dig a well in the sand.',,,Cook note 16: Del Puerto Cr.,
moraga-expeditions,r1810b-18-el-toro,,El Toro,,,circa,37.45,-121.55,area,expedition-leg,r1810b,"Oct 26. 6 leagues W. Mountains, bad trails. Lunch stop.",,,,
moraga-expeditions,r1810b-19-san-guillermo,,San Guillermo,,,circa,37.4,-121.7,area,expedition-leg,r1810b,Oct 26. 6 more leagues W. 'Extremely bad trail.' Pools of good water.,,,,
moraga-expeditions,r1810b-20-old-village-of-patenos,,Old Village of Patenos,,,circa,37.38,-121.8,area,expedition-leg,r1810b,Oct 27. 6 leagues W. Lunch stop.,,,Cook note 16: through hills NE of Mt. Hamilton,
moraga-expeditions,r1810b-21-mission-santa-clara,,Mission Santa Clara,,,circa,37.3496,-121.939,area,expedition-leg,r1810b,"Oct 27. 5 leagues NW. 'In good condition, thanks be to God.' Signed Fr. José Viader, Oct 28, 1810.",,,,
moraga-expeditions,rsuisun-1-presidio-of-san-francisco,,Presidio of San Francisco,,,circa,37.7862,-122.4572,area,expedition-leg,rSuisun,"May 1810. Governor Arrillaga orders Moraga to pursue the Suisun, who have killed 16 Christians over 3 years. Moraga departs with 17 men.",,,"Arrillaga report, Prov. Rec. ix. 122–3 (C-A 25).",
moraga-expeditions,rsuisun-2-overland-march-east-bay-hills,,Overland March — East Bay Hills,,,circa,37.85,-122.25,area,expedition-leg,rSuisun,"Route overland from the Presidio, skirting the south shore of the Bay toward the Strait. Exact route unknown but likely through modern Oakland/Richmond hills.",,,No diary survives for this expedition.,
moraga-expeditions,rsuisun-3-carquinez-strait-crossing,,Carquinez Strait Crossing,,,circa,38.044,-122.129,area,crossing,rSuisun,"Troops had no boats. Found a single small vessel. 'With great sacrifice, the Ensign embarked his troops and horses, making several crossings.' Multiple trips across the narrows.",,,Arrillaga report. Vallejo calls it the 'Karkin-aku pass.',
moraga-expeditions,rsuisun-4-skirmish-on-suisun-creek,,Skirmish on Suisun Creek,,,circa,38.17,-122.08,area,skirmish,rSuisun,"Initial engagement. After crossing the strait, troops fought Suisun warriors along the banks of a creek. Vallejo (via Sánchez): the Suisun chief drew the Spanish inland toward the main body of warriors. Sgt. Francisco Soto left as rear guard with horses.",,,"Vallejo, Recuerdos Históricos, i. 131–5. Vallejo attributes to Sánchez (1817) but likely describes 1810.",
moraga-expeditions,rsuisun-5-battle-at-malaca-s-rancheria,,Battle at Malaca's Ranchería,,,circa,38.27,-122.13,area,skirmish,rSuisun,"Main engagement, May 22, 1810. Captured 18 gentiles (released — too wounded to transport). Survivors retreated into 3 tule huts. 2 corporals (Herrera, Soto) and 2 soldiers (Briones, Zúñiga) wounded. After 2 huts stormed, 3rd set on fire. Defenders burned alive rather than surrender. ~120 Suisun fighters. Chief Malaca's speech: 'It is better to die free than to live as slaves, despised by our Puy.'",,,"Bancroft II, p. 91 fn. 24. Arrillaga: Prov. Rec. ix. 122–3. Royal Order: Prov. St. Pap. xix. 314. Vallejo: MS. i. 131–5.",
moraga-expeditions,rsuisun-6-return-crossing-carquinez-strait,,Return Crossing — Carquinez Strait,,,circa,38.044,-122.129,area,expedition-leg,rSuisun,Vallejo: 'At dawn they tried to ford a creek and came back over the Carquines Strait.' Return to south shore after the battle.,,,"Vallejo, Recuerdos, i. 131–5.",
moraga-expeditions,rsuisun-7-return-to-presidio,,Return to Presidio,,,circa,37.7862,-122.4572,area,expedition-leg,rSuisun,"Moraga returns to the Presidio. Arrillaga reports to the Viceroy on June 20, 1810. Royal Order arrives Nov. 12, 1811: Moraga promoted to brevet Lieutenant of Cavalry.",,,,
moraga-expeditions,rbodega-1-presidio-of-san-francisco,,Presidio of San Francisco,,,circa,37.7862,-122.4572,area,expedition-leg,rBodega,"October 3, 1810. Governor orders Moraga to investigate Russian fur-hunting at Bodega Bay. 10-day reconnaissance.",,,"Langelier & Rosen, fn. 52: 'Gabriel Moraga's Diary of his Expedition to the Port of Bodega, Oct. 3, 1810, Prov. St. Pap., XII, 276–79.' Diary survives in the Archives of California.",
moraga-expeditions,rbodega-2-bay-crossing-to-marin,,Bay Crossing — to Marin,,,circa,37.81,-122.427,area,crossing,rBodega,Crossed the bay from the Presidio to the Marin shore. Method uncertain — possibly native balsas or a borrowed vessel.,,,SF Presidio had limited boat access. See boat-problem article.,
moraga-expeditions,rbodega-3-san-rafael-area,,San Rafael Area,,,circa,37.9735,-122.5311,area,expedition-leg,rBodega,"Passed through future site of Mission San Rafael. Bancroft: 'The site was probably selected on the advice of Moraga, who had several times passed it on his way to and from Bodega.'",,,"Bancroft, II, p. 330.",
moraga-expeditions,rbodega-4-novato-olompali-area,,Novato / Olompali Area,,,circa,38.1,-122.72,area,expedition-leg,rBodega,Route north through Marin. Approximate — following the natural corridor through the Novato gap toward Petaluma Creek and the coast.,,,Exact route not specified in diary abstract.,
moraga-expeditions,rbodega-5-petaluma-creek-estuary,,Petaluma Creek / Estuary,,,circa,38.23,-122.88,area,expedition-leg,rBodega,Likely crossed or followed Petaluma Creek toward the coast. Natural route from interior Marin to Bodega Bay.,,,Route reconstruction based on geography.,
moraga-expeditions,rbodega-6-bodega-bay,,Bodega Bay,,,circa,38.31,-122.98,area,expedition-leg,rBodega,Arrived at Bodega Bay. Found an American ship and Alaskan Indians (Aleut hunters working for the Russian-American Company). 10-day reconnaissance of the area. Wrote a diary of the expedition.,,,"Langelier & Rosen: 'finds an American ship and Alaskan Indians.' Diary: Prov. St. Pap., XII, 276–79.",
moraga-expeditions,rbodega-7-return-to-presidio,,Return to Presidio,,,circa,37.7862,-122.4572,area,expedition-leg,rBodega,Returns after 10 days. Report confirms Russian presence and fur-hunting operations at Bodega.,,,,
moraga-expeditions,rross1812-1-presidio-of-san-francisco,,Presidio of San Francisco,,,circa,37.7862,-122.4572,area,expedition-leg,rRoss1812,"July 1812. Argüello sends Moraga with 4 men to investigate construction of a small Russian fort on the Sonoma coast. Fort Ross had been dedicated Sept. 10, 1812 — but Kuskov had been building since spring.",,,"Langelier & Rosen, Ch. 3.",
moraga-expeditions,rross1812-2-bay-crossing-to-marin,,Bay Crossing — to Marin,,,circa,37.81,-122.427,area,crossing,rRoss1812,Crossed the bay to the Marin shore.,,,,
moraga-expeditions,rross1812-3-san-rafael-area,,San Rafael Area,,,circa,37.9735,-122.5311,area,expedition-leg,rRoss1812,Through future Mission San Rafael site. Moraga's repeated passage through here informed his later recommendation of the site.,,,,
moraga-expeditions,rross1812-4-petaluma-creek-area,,Petaluma Creek Area,,,circa,38.23,-122.88,area,expedition-leg,rRoss1812,North through Marin toward the coast. Approximate route.,,,,
moraga-expeditions,rross1812-5-bodega-bay,,Bodega Bay,,,circa,38.31,-122.98,area,expedition-leg,rRoss1812,Passed through or near Bodega Bay en route to Fort Ross.,,,,
moraga-expeditions,rross1812-6-fort-ross,,Fort Ross,,,circa,38.5133,-123.2442,area,expedition-leg,rRoss1812,Moraga identifies the Russian settlement: a brigantine-anchored base with a 150-yard-square stockade and cannon. Notes the Russians' friendly manner. Fort Ross had been dedicated by Kuskov with 95 Russians and ~80 Aleut hunters.,,,Langelier & Rosen: '150-yard-square stockade and cannon; notes the Russians' friendly manner.',
moraga-expeditions,rross1812-7-return-to-presidio,,Return to Presidio,,,circa,37.7862,-122.4572,area,expedition-leg,rRoss1812,Returns to SF. Report filed with Argüello.,,,,
moraga-expeditions,rross1813-1-presidio-of-san-francisco,,Presidio of San Francisco,,,circa,37.7862,-122.4572,area,expedition-leg,rRoss1813,January 1813. Moraga drives 20 cattle and 3 horses to Fort Ross — practical diplomacy. Returns again in 1814 with Cadet Gervasio Argüello.,,,"Langelier & Rosen, Ch. 3.",
moraga-expeditions,rross1813-2-bay-crossing-to-marin,,Bay Crossing — to Marin,,,circa,37.81,-122.427,area,crossing,rRoss1813,Crossed bay to Marin shore with livestock.,,,,
moraga-expeditions,rross1813-3-san-rafael-area,,San Rafael Area,,,circa,37.9735,-122.5311,area,expedition-leg,rRoss1813,"Through future mission site, driving cattle north.",,,,
moraga-expeditions,rross1813-4-bodega-bay-area,,Bodega Bay Area,,,circa,38.31,-122.98,area,expedition-leg,rRoss1813,Through Bodega country toward Fort Ross.,,,,
moraga-expeditions,rross1813-5-fort-ross,,Fort Ross,,,circa,38.5133,-123.2442,area,expedition-leg,rRoss1813,"Jan. 1813: Delivered 20 cattle, 3 horses as goodwill gesture. 1814 return: accompanied by Cadet Gervasio Argüello. Wrote a report describing 40 gente de razón and many Kodiak Indians, cannon, glass windows in the commandant's house. Also carried official demands for Russian withdrawal.",,,"Langelier & Rosen: '40 gente de razón and many Kodiak Indians, cannon guarding the place, and glass windows in the commandant's house.'",
moraga-expeditions,rross1813-6-return-to-presidio,,Return to Presidio,,,circa,37.7862,-122.4572,area,expedition-leg,rRoss1813,Returns to SF Presidio.,,,,
moraga-expeditions,rsanrafael-1-presidio-of-san-francisco,,Presidio of San Francisco,,,circa,37.7862,-122.4572,area,expedition-leg,rSanRafael,c. 1817. Moraga reconnoiters the site north of the Bay for a new establishment. He had passed through this area multiple times on trips to Bodega and Fort Ross since 1810.,,,"Bancroft II, p. 330: 'The site was probably selected on the advice of Moraga.'",
moraga-expeditions,rsanrafael-2-bay-crossing-to-marin,,Bay Crossing — to Marin,,,circa,37.81,-122.427,area,crossing,rSanRafael,Crossed the bay to the Marin shore. SF Presidio had no proper boat from Feb. 1816 to Nov. 1818 — crossing method uncertain. Possibly native tule balsas.,,,See boat-problem article. Vallejo mentions 'a small boat belonging to the San Francisco presidio.',
moraga-expeditions,rsanrafael-3-mission-san-rafael-site,,Mission San Rafael Site,,,circa,37.9735,-122.5311,area,expedition-leg,rSanRafael,"Moraga selects this site — 5 leagues north of the Presidio, on the other side of the Bay. Warmer climate, near homeland of many SF neophytes. Mission founded Dec. 14, 1817 under Fr. Luis Gil y Taboada, escorted by Cpl. José Herrera (wounded at Suisun 1810, promoted to Sgt.). Vallejo says the Suisun victory led directly to the decision to found the mission.",,,Solá letter: Prov. Rec. ix. 583–604 (C-A 25). Founded 83 days after Hagemeister-Pomo treaty.,
moraga-expeditions,rsanrafael-4-return-to-presidio,,Return to Presidio,,,circa,37.7862,-122.4572,area,expedition-leg,rSanRafael,Returns to the Presidio with his recommendation. Governor Solá approves the plan in consultation with Prefect Sarría.,,,,
native-california,t-hupa,,Hupa,,,exact,40.9625,-123.56,area,event,atha,"The Trinity River valley, inland from the Yurok.",,,"Territory boundaries: Handbook of North American Indians, vol. 8, California (Smithsonian, 1978), as digitized by the Salton Sea Database Program, University of Redlands. Boundaries are the Handbook's scholarly reconstruction, not exact lines.","Boundary follows the Handbook's map; territories interlocked and shifted, and no line here is exact. These are living nations."
native-california,t-chimariko,,Chimariko,,,exact,40.8772,-123.27,area,event,hokan,,,,"Territory boundaries: Handbook of North American Indians, vol. 8, California (Smithsonian, 1978), as digitized by the Salton Sea Database Program, University of Redlands. Boundaries are the Handbook's scholarly reconstruction, not exact lines.","Boundary follows the Handbook's map; territories interlocked and shifted, and no line here is exact. These are living nations."
native-california,t-whilkut,,Whilkut,,,exact,40.7692,-123.7626,area,event,atha,,,,"Territory boundaries: Handbook of North American Indians, vol. 8, California (Smithsonian, 1978), as digitized by the Salton Sea Database Program, University of Redlands. Boundaries are the Handbook's scholarly reconstruction, not exact lines.","Boundary follows the Handbook's map; territories interlocked and shifted, and no line here is exact. These are living nations."
native-california,t-lassik,,Lassik,,,exact,40.221,-123.2867,area,event,atha,,,,"Territory boundaries: Handbook of North American Indians, vol. 8, California (Smithsonian, 1978), as digitized by the Salton Sea Database Program, University of Redlands. Boundaries are the Handbook's scholarly reconstruction, not exact lines.","Boundary follows the Handbook's map; territories interlocked and shifted, and no line here is exact. These are living nations."
native-california,t-wailaki,,Wailaki,,,exact,40.0147,-123.3149,area,event,atha,,,,"Territory boundaries: Handbook of North American Indians, vol. 8, California (Smithsonian, 1978), as digitized by the Salton Sea Database Program, University of Redlands. Boundaries are the Handbook's scholarly reconstruction, not exact lines.","Boundary follows the Handbook's map; territories interlocked and shifted, and no line here is exact. These are living nations."
native-california,t-cahto,,Cahto,,,exact,39.7819,-123.5341,area,event,atha,The Athabaskan-speaking Cahto of the upper Eel River country.,,,"Territory boundaries: Handbook of North American Indians, vol. 8, California (Smithsonian, 1978), as digitized by the Salton Sea Database Program, University of Redlands. Boundaries are the Handbook's scholarly reconstruction, not exact lines.","Boundary follows the Handbook's map; territories interlocked and shifted, and no line here is exact. These are living nations."
native-california,t-wappo,,Wappo,,,exact,39.0045,-122.7679,area,event,yukian,The Napa Valley and Mount St. Helena country.,,,"Territory boundaries: Handbook of North American Indians, vol. 8, California (Smithsonian, 1978), as digitized by the Salton Sea Database Program, University of Redlands. Boundaries are the Handbook's scholarly reconstruction, not exact lines.","Boundary follows the Handbook's map; territories interlocked and shifted, and no line here is exact. These are living nations."
native-california,t-lake-miwok,,Lake Miwok,,,exact,38.8419,-122.5362,area,event,penutian,The Clear Lake basin's southern edge.,,,"Territory boundaries: Handbook of North American Indians, vol. 8, California (Smithsonian, 1978), as digitized by the Salton Sea Database Program, University of Redlands. Boundaries are the Handbook's scholarly reconstruction, not exact lines.","Boundary follows the Handbook's map; territories interlocked and shifted, and no line here is exact. These are living nations."
native-california,t-wappo-2,,Wappo (detached area),,,exact,38.5985,-122.5405,area,event,yukian,The Napa Valley and Mount St. Helena country.,,,"Territory boundaries: Handbook of North American Indians, vol. 8, California (Smithsonian, 1978), as digitized by the Salton Sea Database Program, University of Redlands. Boundaries are the Handbook's scholarly reconstruction, not exact lines.","Boundary follows the Handbook's map; territories interlocked and shifted, and no line here is exact. These are living nations."
native-california,t-tataviam,,Tataviam,,,exact,34.5936,-118.5565,area,event,uto,"The upper Santa Clara River, north of the San Fernando Valley.",,,"Territory boundaries: Handbook of North American Indians, vol. 8, California (Smithsonian, 1978), as digitized by the Salton Sea Database Program, University of Redlands. Boundaries are the Handbook's scholarly reconstruction, not exact lines.","Boundary follows the Handbook's map; territories interlocked and shifted, and no line here is exact. These are living nations."
native-california,t-cupeno,,Cupeño,,,exact,33.3188,-116.5736,area,event,uto,The hot springs country at Warner's ranch.,,,"Territory boundaries: Handbook of North American Indians, vol. 8, California (Smithsonian, 1978), as digitized by the Salton Sea Database Program, University of Redlands. Boundaries are the Handbook's scholarly reconstruction, not exact lines.","Boundary follows the Handbook's map; territories interlocked and shifted, and no line here is exact. These are living nations."
native-california,t-tolowa,,Tolowa,,,exact,41.8115,-124.0141,area,event,atha,The Smith River country in the far northwest corner.,,,"Territory boundaries: Handbook of North American Indians, vol. 8, California (Smithsonian, 1978), as digitized by the Salton Sea Database Program, University of Redlands. Boundaries are the Handbook's scholarly reconstruction, not exact lines.","Boundary follows the Handbook's map; territories interlocked and shifted, and no line here is exact. These are living nations."
native-california,t-karuk,,Karuk,,,exact,41.6715,-123.4042,area,event,hokan,The middle Klamath River.,,,"Territory boundaries: Handbook of North American Indians, vol. 8, California (Smithsonian, 1978), as digitized by the Salton Sea Database Program, University of Redlands. Boundaries are the Handbook's scholarly reconstruction, not exact lines.","Boundary follows the Handbook's map; territories interlocked and shifted, and no line here is exact. These are living nations."
native-california,t-shasta,,Shasta,,,exact,41.41,-122.7747,area,event,hokan,The Shasta Valley and upper Klamath country.,,,"Territory boundaries: Handbook of North American Indians, vol. 8, California (Smithsonian, 1978), as digitized by the Salton Sea Database Program, University of Redlands. Boundaries are the Handbook's scholarly reconstruction, not exact lines.","Boundary follows the Handbook's map; territories interlocked and shifted, and no line here is exact. These are living nations."
native-california,t-modoc,,Modoc,,,exact,41.7374,-121.5412,area,event,penutian,,,,"Territory boundaries: Handbook of North American Indians, vol. 8, California (Smithsonian, 1978), as digitized by the Salton Sea Database Program, University of Redlands. Boundaries are the Handbook's scholarly reconstruction, not exact lines.","Boundary follows the Handbook's map; territories interlocked and shifted, and no line here is exact. These are living nations."
native-california,t-yurok,,Yurok,,,exact,41.3722,-123.9787,area,event,algic,Lower Klamath River and the adjacent coast.,,,"Territory boundaries: Handbook of North American Indians, vol. 8, California (Smithsonian, 1978), as digitized by the Salton Sea Database Program, University of Redlands. Boundaries are the Handbook's scholarly reconstruction, not exact lines.","Boundary follows the Handbook's map; territories interlocked and shifted, and no line here is exact. These are living nations."
native-california,t-wintu,,Wintu,,,exact,40.8481,-122.6338,area,event,penutian,The upper Sacramento Valley and Trinity foothills.,,,"Territory boundaries: Handbook of North American Indians, vol. 8, California (Smithsonian, 1978), as digitized by the Salton Sea Database Program, University of Redlands. Boundaries are the Handbook's scholarly reconstruction, not exact lines.","Boundary follows the Handbook's map; territories interlocked and shifted, and no line here is exact. These are living nations."
native-california,t-chilula,,Chilula,,,exact,41.0966,-123.8451,area,event,atha,,,,"Territory boundaries: Handbook of North American Indians, vol. 8, California (Smithsonian, 1978), as digitized by the Salton Sea Database Program, University of Redlands. Boundaries are the Handbook's scholarly reconstruction, not exact lines.","Boundary follows the Handbook's map; territories interlocked and shifted, and no line here is exact. These are living nations."
native-california,t-wiyot,,Wiyot,,,exact,40.7746,-124.1457,area,event,algic,Humboldt Bay and the lower Eel River.,,,"Territory boundaries: Handbook of North American Indians, vol. 8, California (Smithsonian, 1978), as digitized by the Salton Sea Database Program, University of Redlands. Boundaries are the Handbook's scholarly reconstruction, not exact lines.","Boundary follows the Handbook's map; territories interlocked and shifted, and no line here is exact. These are living nations."
native-california,t-yana,,Yana,,,exact,40.3964,-121.8403,area,event,hokan,The eastern Sacramento Valley foothills.,,,"Territory boundaries: Handbook of North American Indians, vol. 8, California (Smithsonian, 1978), as digitized by the Salton Sea Database Program, University of Redlands. Boundaries are the Handbook's scholarly reconstruction, not exact lines.","Boundary follows the Handbook's map; territories interlocked and shifted, and no line here is exact. These are living nations."
native-california,t-nongatl,,Nongatl,,,exact,40.5202,-123.6769,area,event,atha,,,,"Territory boundaries: Handbook of North American Indians, vol. 8, California (Smithsonian, 1978), as digitized by the Salton Sea Database Program, University of Redlands. Boundaries are the Handbook's scholarly reconstruction, not exact lines.","Boundary follows the Handbook's map; territories interlocked and shifted, and no line here is exact. These are living nations."
native-california,t-mattole,,Mattole,,,exact,40.3905,-124.2247,area,event,atha,,,,"Territory boundaries: Handbook of North American Indians, vol. 8, California (Smithsonian, 1978), as digitized by the Salton Sea Database Program, University of Redlands. Boundaries are the Handbook's scholarly reconstruction, not exact lines.","Boundary follows the Handbook's map; territories interlocked and shifted, and no line here is exact. These are living nations."
native-california,t-sinkyone,,Sinkyone,,,exact,40.1197,-123.9511,area,event,atha,,,,"Territory boundaries: Handbook of North American Indians, vol. 8, California (Smithsonian, 1978), as digitized by the Salton Sea Database Program, University of Redlands. Boundaries are the Handbook's scholarly reconstruction, not exact lines.","Boundary follows the Handbook's map; territories interlocked and shifted, and no line here is exact. These are living nations."
native-california,t-nomlaki,,Nomlaki,,,exact,40.0386,-122.466,area,event,penutian,The west side of the middle Sacramento Valley.,,,"Territory boundaries: Handbook of North American Indians, vol. 8, California (Smithsonian, 1978), as digitized by the Salton Sea Database Program, University of Redlands. Boundaries are the Handbook's scholarly reconstruction, not exact lines.","Boundary follows the Handbook's map; territories interlocked and shifted, and no line here is exact. These are living nations."
native-california,t-yuki,,Yuki,,,exact,39.8071,-123.2527,area,event,yukian,Round Valley and the upper Eel River; a language family unique to California.,,,"Territory boundaries: Handbook of North American Indians, vol. 8, California (Smithsonian, 1978), as digitized by the Salton Sea Database Program, University of Redlands. Boundaries are the Handbook's scholarly reconstruction, not exact lines.","Boundary follows the Handbook's map; territories interlocked and shifted, and no line here is exact. These are living nations."
native-california,t-konkow,,Konkow,,,exact,39.7298,-121.6684,area,event,penutian,The Feather River foothills.,,,"Territory boundaries: Handbook of North American Indians, vol. 8, California (Smithsonian, 1978), as digitized by the Salton Sea Database Program, University of Redlands. Boundaries are the Handbook's scholarly reconstruction, not exact lines.","Boundary follows the Handbook's map; territories interlocked and shifted, and no line here is exact. These are living nations."
native-california,t-pomo,,Pomo,,,exact,38.9609,-123.2888,area,event,hokan,"The Russian River country and Clear Lake; several distinct languages share the name. The Kashaya, on whose coast Fort Ross was built, are the southwestern Pomo people.",,,"Territory boundaries: Handbook of North American Indians, vol. 8, California (Smithsonian, 1978), as digitized by the Salton Sea Database Program, University of Redlands. Boundaries are the Handbook's scholarly reconstruction, not exact lines.","Boundary follows the Handbook's map; territories interlocked and shifted, and no line here is exact. These are living nations."
native-california,t-patwin,,Patwin,,,exact,38.4945,-122.0888,area,event,penutian,The lower west side of the Sacramento Valley; the Suisun people of the 1810–17 campaigns spoke a Patwin language.,,,"Territory boundaries: Handbook of North American Indians, vol. 8, California (Smithsonian, 1978), as digitized by the Salton Sea Database Program, University of Redlands. Boundaries are the Handbook's scholarly reconstruction, not exact lines.","Boundary follows the Handbook's map; territories interlocked and shifted, and no line here is exact. These are living nations. Editorial deviation: a coastal strip on the strait's north shore (Crockett to Benicia, to about two miles inland) is assigned to the Karkin (Ohlone); Vallejo and the Suisun plain remain Patwin."
native-california,t-eastern-miwok,,Eastern Miwok,,,exact,38.1408,-120.75,area,event,penutian,,,,"Territory boundaries: Handbook of North American Indians, vol. 8, California (Smithsonian, 1978), as digitized by the Salton Sea Database Program, University of Redlands. Boundaries are the Handbook's scholarly reconstruction, not exact lines.","Boundary follows the Handbook's map; territories interlocked and shifted, and no line here is exact. These are living nations."
native-california,t-coast-miwok,,Coast Miwok,,,exact,38.093,-122.7244,area,event,penutian,"The Marin and Bodega coast; the people who met Drake, guided and misdirected Spanish expeditions, and negotiated with the Russians at Bodega on their own account.",,,"Territory boundaries: Handbook of North American Indians, vol. 8, California (Smithsonian, 1978), as digitized by the Salton Sea Database Program, University of Redlands. Boundaries are the Handbook's scholarly reconstruction, not exact lines.","Boundary follows the Handbook's map; territories interlocked and shifted, and no line here is exact. These are living nations."
native-california,t-northern-paiute,,Northern Paiute,,,exact,37.9652,-119.0399,area,event,uto,,,,"Territory boundaries: Handbook of North American Indians, vol. 8, California (Smithsonian, 1978), as digitized by the Salton Sea Database Program, University of Redlands. Boundaries are the Handbook's scholarly reconstruction, not exact lines.","Boundary follows the Handbook's map; territories interlocked and shifted, and no line here is exact. These are living nations."
native-california,t-northern-valley-yokuts,,Northern Valley Yokuts,,,exact,37.3615,-120.8861,area,event,penutian,,,,"Territory boundaries: Handbook of North American Indians, vol. 8, California (Smithsonian, 1978), as digitized by the Salton Sea Database Program, University of Redlands. Boundaries are the Handbook's scholarly reconstruction, not exact lines.","Boundary follows the Handbook's map; territories interlocked and shifted, and no line here is exact. These are living nations."
native-california,t-eastern-miwok-2,,Eastern Miwok (detached area),,,exact,38.011,-121.7737,area,event,penutian,,,,"Territory boundaries: Handbook of North American Indians, vol. 8, California (Smithsonian, 1978), as digitized by the Salton Sea Database Program, University of Redlands. Boundaries are the Handbook's scholarly reconstruction, not exact lines.","Boundary follows the Handbook's map; territories interlocked and shifted, and no line here is exact. These are living nations."
native-california,t-ohlone-costanoan,,Ohlone (Costanoan),,,exact,37.3468,-122.0559,area,event,penutian,"The San Francisco peninsula, the East Bay, and the Monterey Bay country; the peoples of Missions Dolores, Santa Clara, San José, and Carmel. Shown here holding both shores of Carquinez Strait through the Karkin: a coastal strip about two miles deep on the north shore, from Crockett past Benicia. An editorial departure from the Handbook plate, which ends Costanoan territory at the south shore.",,,"Territory boundaries: Handbook of North American Indians, vol. 8, California (Smithsonian, 1978), as digitized by the Salton Sea Database Program, University of Redlands. Boundaries are the Handbook's scholarly reconstruction, not exact lines.","Boundary follows the Handbook's map; territories interlocked and shifted, and no line here is exact. These are living nations. Editorial deviation at Carquinez, drawn and flagged; Vallejo and the Napa plain remain Patwin."
native-california,t-owens-valley-paiute,,Owens Valley Paiute,,,exact,36.973,-118.6438,area,event,uto,,,,"Territory boundaries: Handbook of North American Indians, vol. 8, California (Smithsonian, 1978), as digitized by the Salton Sea Database Program, University of Redlands. Boundaries are the Handbook's scholarly reconstruction, not exact lines.","Boundary follows the Handbook's map; territories interlocked and shifted, and no line here is exact. These are living nations."
native-california,t-western-shoshone,,Western Shoshone,,,exact,36.3828,-117.7475,area,event,uto,,,,"Territory boundaries: Handbook of North American Indians, vol. 8, California (Smithsonian, 1978), as digitized by the Salton Sea Database Program, University of Redlands. Boundaries are the Handbook's scholarly reconstruction, not exact lines.","Boundary follows the Handbook's map; territories interlocked and shifted, and no line here is exact. These are living nations."
native-california,t-foothill-yokuts,,Foothill Yokuts,,,exact,36.5679,-119.1238,area,event,penutian,,,,"Territory boundaries: Handbook of North American Indians, vol. 8, California (Smithsonian, 1978), as digitized by the Salton Sea Database Program, University of Redlands. Boundaries are the Handbook's scholarly reconstruction, not exact lines.","Boundary follows the Handbook's map; territories interlocked and shifted, and no line here is exact. These are living nations."
native-california,t-monache,,Monache,,,exact,36.8614,-119.0959,area,event,uto,The upper San Joaquin and Kings River high country (Western Mono).,,,"Territory boundaries: Handbook of North American Indians, vol. 8, California (Smithsonian, 1978), as digitized by the Salton Sea Database Program, University of Redlands. Boundaries are the Handbook's scholarly reconstruction, not exact lines.","Boundary follows the Handbook's map; territories interlocked and shifted, and no line here is exact. These are living nations."
native-california,t-southern-valley-yokuts,,Southern Valley Yokuts,,,exact,35.9619,-119.525,area,event,penutian,,,,"Territory boundaries: Handbook of North American Indians, vol. 8, California (Smithsonian, 1978), as digitized by the Salton Sea Database Program, University of Redlands. Boundaries are the Handbook's scholarly reconstruction, not exact lines.","Boundary follows the Handbook's map; territories interlocked and shifted, and no line here is exact. These are living nations."
native-california,t-tubatulabal,,Tübatulabal,,,exact,36.1377,-118.3388,area,event,uto,The Kern River forks.,,,"Territory boundaries: Handbook of North American Indians, vol. 8, California (Smithsonian, 1978), as digitized by the Salton Sea Database Program, University of Redlands. Boundaries are the Handbook's scholarly reconstruction, not exact lines.","Boundary follows the Handbook's map; territories interlocked and shifted, and no line here is exact. These are living nations."
native-california,t-esselen,,Esselen,,,exact,36.3187,-121.6626,area,event,hokan,The Santa Lucia mountains south of Monterey.,,,"Territory boundaries: Handbook of North American Indians, vol. 8, California (Smithsonian, 1978), as digitized by the Salton Sea Database Program, University of Redlands. Boundaries are the Handbook's scholarly reconstruction, not exact lines.","Boundary follows the Handbook's map; territories interlocked and shifted, and no line here is exact. These are living nations."
native-california,t-salinan,,Salinan,,,exact,35.798,-120.8625,area,event,hokan,The upper Salinas River country; drawn into Missions San Antonio and San Miguel.,,,"Territory boundaries: Handbook of North American Indians, vol. 8, California (Smithsonian, 1978), as digitized by the Salton Sea Database Program, University of Redlands. Boundaries are the Handbook's scholarly reconstruction, not exact lines.","Boundary follows the Handbook's map; territories interlocked and shifted, and no line here is exact. These are living nations."
native-california,t-kawaiisu,,Kawaiisu,,,exact,35.4832,-117.7417,area,event,uto,,,,"Territory boundaries: Handbook of North American Indians, vol. 8, California (Smithsonian, 1978), as digitized by the Salton Sea Database Program, University of Redlands. Boundaries are the Handbook's scholarly reconstruction, not exact lines.","Boundary follows the Handbook's map; territories interlocked and shifted, and no line here is exact. These are living nations."
native-california,t-chumash,,Chumash,,,exact,34.6817,-119.7283,area,event,hokan,"The Santa Barbara Channel, its islands, and the coast from Malibu toward San Luis Obispo. Maritime towns, plank canoes, and the largest mission-era revolt (1824).",,,"Territory boundaries: Handbook of North American Indians, vol. 8, California (Smithsonian, 1978), as digitized by the Salton Sea Database Program, University of Redlands. Boundaries are the Handbook's scholarly reconstruction, not exact lines.","Boundary follows the Handbook's map; territories interlocked and shifted, and no line here is exact. These are living nations."
native-california,t-kitanemuk,,Kitanemuk,,,exact,35.069,-118.2949,area,event,uto,The Tehachapi country.,,,"Territory boundaries: Handbook of North American Indians, vol. 8, California (Smithsonian, 1978), as digitized by the Salton Sea Database Program, University of Redlands. Boundaries are the Handbook's scholarly reconstruction, not exact lines.","Boundary follows the Handbook's map; territories interlocked and shifted, and no line here is exact. These are living nations."
native-california,t-serrano,,Serrano,,,exact,34.5803,-116.8256,area,event,uto,The San Bernardino mountains and the desert beyond Cajon Pass.,,,"Territory boundaries: Handbook of North American Indians, vol. 8, California (Smithsonian, 1978), as digitized by the Salton Sea Database Program, University of Redlands. Boundaries are the Handbook's scholarly reconstruction, not exact lines.","Boundary follows the Handbook's map; territories interlocked and shifted, and no line here is exact. These are living nations."
native-california,t-tongva-gabrielino,,Tongva (Gabrielino),,,exact,33.8729,-118.1102,area,event,uto,The Los Angeles basin and the southern Channel Islands; the people of Mission San Gabriel and of Toypurina's 1785 revolt.,,,"Territory boundaries: Handbook of North American Indians, vol. 8, California (Smithsonian, 1978), as digitized by the Salton Sea Database Program, University of Redlands. Boundaries are the Handbook's scholarly reconstruction, not exact lines.","Boundary follows the Handbook's map; territories interlocked and shifted, and no line here is exact. These are living nations."
native-california,t-chumash-2,,Chumash (detached area),,,exact,34.0415,-120.3765,area,event,hokan,"The Santa Barbara Channel, its islands, and the coast from Malibu toward San Luis Obispo. Maritime towns, plank canoes, and the largest mission-era revolt (1824).",,,"Territory boundaries: Handbook of North American Indians, vol. 8, California (Smithsonian, 1978), as digitized by the Salton Sea Database Program, University of Redlands. Boundaries are the Handbook's scholarly reconstruction, not exact lines.","Boundary follows the Handbook's map; territories interlocked and shifted, and no line here is exact. These are living nations."
native-california,t-chumash-3,,Chumash (detached area),,,exact,34.0302,-119.7163,area,event,hokan,"The Santa Barbara Channel, its islands, and the coast from Malibu toward San Luis Obispo. Maritime towns, plank canoes, and the largest mission-era revolt (1824).",,,"Territory boundaries: Handbook of North American Indians, vol. 8, California (Smithsonian, 1978), as digitized by the Salton Sea Database Program, University of Redlands. Boundaries are the Handbook's scholarly reconstruction, not exact lines.","Boundary follows the Handbook's map; territories interlocked and shifted, and no line here is exact. These are living nations."
native-california,t-chumash-4,,Chumash (detached area),,,exact,33.9737,-120.0986,area,event,hokan,"The Santa Barbara Channel, its islands, and the coast from Malibu toward San Luis Obispo. Maritime towns, plank canoes, and the largest mission-era revolt (1824).",,,"Territory boundaries: Handbook of North American Indians, vol. 8, California (Smithsonian, 1978), as digitized by the Salton Sea Database Program, University of Redlands. Boundaries are the Handbook's scholarly reconstruction, not exact lines.","Boundary follows the Handbook's map; territories interlocked and shifted, and no line here is exact. These are living nations."
native-california,t-chumash-5,,Chumash (detached area),,,exact,34.0101,-119.4195,area,event,hokan,"The Santa Barbara Channel, its islands, and the coast from Malibu toward San Luis Obispo. Maritime towns, plank canoes, and the largest mission-era revolt (1824).",,,"Territory boundaries: Handbook of North American Indians, vol. 8, California (Smithsonian, 1978), as digitized by the Salton Sea Database Program, University of Redlands. Boundaries are the Handbook's scholarly reconstruction, not exact lines.","Boundary follows the Handbook's map; territories interlocked and shifted, and no line here is exact. These are living nations."
native-california,t-chumash-6,,Chumash (detached area),,,exact,34.0061,-119.3955,area,event,hokan,"The Santa Barbara Channel, its islands, and the coast from Malibu toward San Luis Obispo. Maritime towns, plank canoes, and the largest mission-era revolt (1824).",,,"Territory boundaries: Handbook of North American Indians, vol. 8, California (Smithsonian, 1978), as digitized by the Salton Sea Database Program, University of Redlands. Boundaries are the Handbook's scholarly reconstruction, not exact lines.","Boundary follows the Handbook's map; territories interlocked and shifted, and no line here is exact. These are living nations."
native-california,t-luiseno,,Luiseño,,,exact,33.4182,-117.3121,area,event,uto,"The San Luis Rey and San Jacinto country; the people of Mission San Luis Rey. Also recorded as Juaneno, in part.",,,"Territory boundaries: Handbook of North American Indians, vol. 8, California (Smithsonian, 1978), as digitized by the Salton Sea Database Program, University of Redlands. Boundaries are the Handbook's scholarly reconstruction, not exact lines.","Boundary follows the Handbook's map; territories interlocked and shifted, and no line here is exact. These are living nations."
native-california,t-quechan,,Quechan,,,exact,33.062,-114.7399,area,event,hokan,The Colorado River crossing at the Gila junction. Their 1781 victory destroyed two Spanish settlements and closed the overland road to California for the rest of the colonial period. Also recorded as Yuma.,,,"Territory boundaries: Handbook of North American Indians, vol. 8, California (Smithsonian, 1978), as digitized by the Salton Sea Database Program, University of Redlands. Boundaries are the Handbook's scholarly reconstruction, not exact lines.","Boundary follows the Handbook's map; territories interlocked and shifted, and no line here is exact. These are living nations."
native-california,t-tongva-gabrielino-2,,Tongva (Gabrielino) (detached area),,,exact,33.4739,-119.0354,area,event,uto,The Los Angeles basin and the southern Channel Islands; the people of Mission San Gabriel and of Toypurina's 1785 revolt.,,,"Territory boundaries: Handbook of North American Indians, vol. 8, California (Smithsonian, 1978), as digitized by the Salton Sea Database Program, University of Redlands. Boundaries are the Handbook's scholarly reconstruction, not exact lines.","Boundary follows the Handbook's map; territories interlocked and shifted, and no line here is exact. These are living nations."
native-california,t-tongva-gabrielino-3,,Tongva (Gabrielino) (detached area),,,exact,33.4009,-118.4579,area,event,uto,The Los Angeles basin and the southern Channel Islands; the people of Mission San Gabriel and of Toypurina's 1785 revolt.,,,"Territory boundaries: Handbook of North American Indians, vol. 8, California (Smithsonian, 1978), as digitized by the Salton Sea Database Program, University of Redlands. Boundaries are the Handbook's scholarly reconstruction, not exact lines.","Boundary follows the Handbook's map; territories interlocked and shifted, and no line here is exact. These are living nations."
native-california,t-tipai-kumeyaay,,Tipai (Kumeyaay),,,exact,32.81,-116.7621,area,event,hokan,"The southern Kumeyaay, into northern Baja California; the Jacum country of the 1837 battle. Also recorded as Kamia.",,,"Territory boundaries: Handbook of North American Indians, vol. 8, California (Smithsonian, 1978), as digitized by the Salton Sea Database Program, University of Redlands. Boundaries are the Handbook's scholarly reconstruction, not exact lines.","Boundary follows the Handbook's map; territories interlocked and shifted, and no line here is exact. These are living nations."
native-california,t-tongva-gabrielino-4,,Tongva (Gabrielino) (detached area),,,exact,33.2523,-119.5122,area,event,uto,The Los Angeles basin and the southern Channel Islands; the people of Mission San Gabriel and of Toypurina's 1785 revolt.,,,"Territory boundaries: Handbook of North American Indians, vol. 8, California (Smithsonian, 1978), as digitized by the Salton Sea Database Program, University of Redlands. Boundaries are the Handbook's scholarly reconstruction, not exact lines.","Boundary follows the Handbook's map; territories interlocked and shifted, and no line here is exact. These are living nations."
native-california,t-ipai-kumeyaay,,Ipai (Kumeyaay),,,exact,32.974,-116.9793,area,event,hokan,"The northern Kumeyaay, from the San Diego coast into the mountains. With the Tipai, the peoples of the most persistent military resistance on the southern frontier, from the 1775 destruction of Mission San Diego onward. Also recorded as Diegueno.",,,"Territory boundaries: Handbook of North American Indians, vol. 8, California (Smithsonian, 1978), as digitized by the Salton Sea Database Program, University of Redlands. Boundaries are the Handbook's scholarly reconstruction, not exact lines.","Boundary follows the Handbook's map; territories interlocked and shifted, and no line here is exact. These are living nations."
native-california,t-tongva-gabrielino-5,,Tongva (Gabrielino) (detached area),,,exact,32.9183,-118.5108,area,event,uto,The Los Angeles basin and the southern Channel Islands; the people of Mission San Gabriel and of Toypurina's 1785 revolt.,,,"Territory boundaries: Handbook of North American Indians, vol. 8, California (Smithsonian, 1978), as digitized by the Salton Sea Database Program, University of Redlands. Boundaries are the Handbook's scholarly reconstruction, not exact lines.","Boundary follows the Handbook's map; territories interlocked and shifted, and no line here is exact. These are living nations."
native-california,t-achumawi,,Achumawi,,,exact,41.3275,-121.1499,area,event,hokan,,,,"Territory boundaries: Handbook of North American Indians, vol. 8, California (Smithsonian, 1978), as digitized by the Salton Sea Database Program, University of Redlands. Boundaries are the Handbook's scholarly reconstruction, not exact lines.","Boundary follows the Handbook's map; territories interlocked and shifted, and no line here is exact. These are living nations."
native-california,t-northern-paiute-2,,Northern Paiute (detached area),,,exact,41.1617,-120.183,area,event,algic,,,,"Territory boundaries: Handbook of North American Indians, vol. 8, California (Smithsonian, 1978), as digitized by the Salton Sea Database Program, University of Redlands. Boundaries are the Handbook's scholarly reconstruction, not exact lines.","Boundary follows the Handbook's map; territories interlocked and shifted, and no line here is exact. These are living nations."
native-california,t-atsugewi,,Atsugewi,,,exact,40.8559,-121.124,area,event,hokan,,,,"Territory boundaries: Handbook of North American Indians, vol. 8, California (Smithsonian, 1978), as digitized by the Salton Sea Database Program, University of Redlands. Boundaries are the Handbook's scholarly reconstruction, not exact lines.","Boundary follows the Handbook's map; territories interlocked and shifted, and no line here is exact. These are living nations."
native-california,t-maidu,,Maidu,,,exact,40.1864,-120.6985,area,event,penutian,,,,"Territory boundaries: Handbook of North American Indians, vol. 8, California (Smithsonian, 1978), as digitized by the Salton Sea Database Program, University of Redlands. Boundaries are the Handbook's scholarly reconstruction, not exact lines.","Boundary follows the Handbook's map; territories interlocked and shifted, and no line here is exact. These are living nations."
native-california,t-washoe,,Washoe,,,exact,39.1038,-120.0848,area,event,hokan,,,,"Territory boundaries: Handbook of North American Indians, vol. 8, California (Smithsonian, 1978), as digitized by the Salton Sea Database Program, University of Redlands. Boundaries are the Handbook's scholarly reconstruction, not exact lines.","Boundary follows the Handbook's map; territories interlocked and shifted, and no line here is exact. These are living nations."
native-california,t-nisenan,,Nisenan,,,exact,39.1485,-121.0021,area,event,penutian,"The American, Bear, and Yuba river country.",,,"Territory boundaries: Handbook of North American Indians, vol. 8, California (Smithsonian, 1978), as digitized by the Salton Sea Database Program, University of Redlands. Boundaries are the Handbook's scholarly reconstruction, not exact lines.","Boundary follows the Handbook's map; territories interlocked and shifted, and no line here is exact. These are living nations."
native-california,t-southern-paiute,,Southern Paiute,,,exact,35.3123,-115.9031,area,event,uto,,,,"Territory boundaries: Handbook of North American Indians, vol. 8, California (Smithsonian, 1978), as digitized by the Salton Sea Database Program, University of Redlands. Boundaries are the Handbook's scholarly reconstruction, not exact lines.","Boundary follows the Handbook's map; territories interlocked and shifted, and no line here is exact. These are living nations."
native-california,t-chemehuevi,,Chemehuevi,,,exact,34.5623,-114.9262,area,event,uto,The desert west of the Colorado River.,,,"Territory boundaries: Handbook of North American Indians, vol. 8, California (Smithsonian, 1978), as digitized by the Salton Sea Database Program, University of Redlands. Boundaries are the Handbook's scholarly reconstruction, not exact lines.","Boundary follows the Handbook's map; territories interlocked and shifted, and no line here is exact. These are living nations."
native-california,t-mohave,,Mohave,,,exact,34.6708,-114.5087,area,event,hokan,Also recorded as Mojave.,,,"Territory boundaries: Handbook of North American Indians, vol. 8, California (Smithsonian, 1978), as digitized by the Salton Sea Database Program, University of Redlands. Boundaries are the Handbook's scholarly reconstruction, not exact lines.","Boundary follows the Handbook's map; territories interlocked and shifted, and no line here is exact. These are living nations."
native-california,t-halchidhoma,,Halchidhoma,,,exact,33.8355,-114.5299,area,event,hokan,Also recorded as Mojave.,,,"Territory boundaries: Handbook of North American Indians, vol. 8, California (Smithsonian, 1978), as digitized by the Salton Sea Database Program, University of Redlands. Boundaries are the Handbook's scholarly reconstruction, not exact lines.","Boundary follows the Handbook's map; territories interlocked and shifted, and no line here is exact. These are living nations."
native-california,t-cahuilla,,Cahuilla,,,exact,33.7479,-116.1229,area,event,uto,The desert and mountain country from San Gorgonio Pass to the Salton sink; in the frontier records as both auxiliaries and raiders' targets. Also recorded as Coahuilla.,,,"Territory boundaries: Handbook of North American Indians, vol. 8, California (Smithsonian, 1978), as digitized by the Salton Sea Database Program, University of Redlands. Boundaries are the Handbook's scholarly reconstruction, not exact lines.","Boundary follows the Handbook's map; territories interlocked and shifted, and no line here is exact. These are living nations."
native-california,sub-karkin,,Karkin (Ohlone),,,exact,38.06,-122.18,area,event,subgroups,The Ohlone people of the Carquinez Strait. Mission-era records write them as Carquin; the strait keeps their name. Standard references map their villages on the south shore; the north-shore band shown on this map is the site’s logged editorial extension (see the errata page).,,,"Subgroup names and approximate locations after the Handbook of North American Indians, vol. 8 (1978) chapters and standard references; label positions approximate, no boundaries implied.","A label, not a boundary: the position is an approximate center within the parent nation's territory."
native-california,sub-ramaytush,,Ramaytush (Ohlone),,,exact,37.72,-122.44,area,event,subgroups,The San Francisco peninsula Ohlone; the people of Mission Dolores' home shore.,,,"Subgroup names and approximate locations after the Handbook of North American Indians, vol. 8 (1978) chapters and standard references; label positions approximate, no boundaries implied.","A label, not a boundary: the position is an approximate center within the parent nation's territory."
native-california,sub-chochenyo,,Chochenyo (Ohlone),,,exact,37.7,-122.05,area,event,subgroups,"The East Bay Ohlone, from the Oakland shore to Mission San José's country.",,,"Subgroup names and approximate locations after the Handbook of North American Indians, vol. 8 (1978) chapters and standard references; label positions approximate, no boundaries implied.","A label, not a boundary: the position is an approximate center within the parent nation's territory."
native-california,sub-tamyen,,Tamyen (Ohlone),,,exact,37.32,-121.9,area,event,subgroups,"The Santa Clara Valley Ohlone, around Mission Santa Clara and the pueblo of San José.",,,"Subgroup names and approximate locations after the Handbook of North American Indians, vol. 8 (1978) chapters and standard references; label positions approximate, no boundaries implied.","A label, not a boundary: the position is an approximate center within the parent nation's territory."
native-california,sub-awaswas,,Awaswas (Ohlone),,,exact,37.0,-122.05,area,event,subgroups,The Santa Cruz coast Ohlone.,,,"Subgroup names and approximate locations after the Handbook of North American Indians, vol. 8 (1978) chapters and standard references; label positions approximate, no boundaries implied.","A label, not a boundary: the position is an approximate center within the parent nation's territory."
native-california,sub-mutsun,,Mutsun (Ohlone),,,exact,36.85,-121.55,area,event,subgroups,The San Juan Bautista country Ohlone; their language is among the best documented.,,,"Subgroup names and approximate locations after the Handbook of North American Indians, vol. 8 (1978) chapters and standard references; label positions approximate, no boundaries implied.","A label, not a boundary: the position is an approximate center within the parent nation's territory."
native-california,sub-rumsen,,Rumsen (Ohlone),,,exact,36.55,-121.9,area,event,subgroups,The Monterey and Carmel Ohlone; the people the Portolá expedition and Mission San Carlos met first.,,,"Subgroup names and approximate locations after the Handbook of North American Indians, vol. 8 (1978) chapters and standard references; label positions approximate, no boundaries implied.","A label, not a boundary: the position is an approximate center within the parent nation's territory."
native-california,sub-chalon,,Chalon (Ohlone),,,exact,36.55,-121.2,area,event,subgroups,"The inland Ohlone of the upper Salinas tributaries, toward Soledad.",,,"Subgroup names and approximate locations after the Handbook of North American Indians, vol. 8 (1978) chapters and standard references; label positions approximate, no boundaries implied.","A label, not a boundary: the position is an approximate center within the parent nation's territory."
native-california,sub-kashaya,,Kashaya (Pomo),,,exact,38.58,-123.3,area,event,subgroups,The southwestern Pomo of the Fort Ross coast; the people on whose land the Russian colony was built.,,,"Subgroup names and approximate locations after the Handbook of North American Indians, vol. 8 (1978) chapters and standard references; label positions approximate, no boundaries implied.","A label, not a boundary: the position is an approximate center within the parent nation's territory."
native-california,sub-southern-pomo,,Southern Pomo (Pomo),,,exact,38.45,-122.95,area,event,subgroups,The lower Russian River country.,,,"Subgroup names and approximate locations after the Handbook of North American Indians, vol. 8 (1978) chapters and standard references; label positions approximate, no boundaries implied.","A label, not a boundary: the position is an approximate center within the parent nation's territory."
native-california,sub-central-pomo,,Central Pomo (Pomo),,,exact,39.0,-123.35,area,event,subgroups,The coast and river country around Point Arena and Hopland.,,,"Subgroup names and approximate locations after the Handbook of North American Indians, vol. 8 (1978) chapters and standard references; label positions approximate, no boundaries implied.","A label, not a boundary: the position is an approximate center within the parent nation's territory."
native-california,sub-northern-pomo,,Northern Pomo (Pomo),,,exact,39.4,-123.35,area,event,subgroups,The upper Russian River and the Willits country.,,,"Subgroup names and approximate locations after the Handbook of North American Indians, vol. 8 (1978) chapters and standard references; label positions approximate, no boundaries implied.","A label, not a boundary: the position is an approximate center within the parent nation's territory."
native-california,sub-eastern-pomo,,Eastern Pomo (Pomo),,,exact,39.05,-122.9,area,event,subgroups,The western Clear Lake shore.,,,"Subgroup names and approximate locations after the Handbook of North American Indians, vol. 8 (1978) chapters and standard references; label positions approximate, no boundaries implied.","A label, not a boundary: the position is an approximate center within the parent nation's territory."
native-california,sub-southeastern-pomo,,Southeastern Pomo (Pomo),,,exact,39.0,-122.65,area,event,subgroups,The island towns of eastern Clear Lake.,,,"Subgroup names and approximate locations after the Handbook of North American Indians, vol. 8 (1978) chapters and standard references; label positions approximate, no boundaries implied.","A label, not a boundary: the position is an approximate center within the parent nation's territory."
native-california,sub-olamentko-bodega-miwok,,Olamentko (Bodega Miwok) (Coast Miwok),,,exact,38.335,-123.0,area,event,subgroups,The Coast Miwok of Bodega Bay itself; the communities the 1775 and 1793 Spanish expeditions and the Russians at Port Rumiantsev all dealt with.,,,"Subgroup names and approximate locations after the Handbook of North American Indians, vol. 8 (1978) chapters and standard references; label positions approximate, no boundaries implied.","A label, not a boundary: the position is an approximate center within the parent nation's territory."
native-california,sub-hookooeko-marin-miwok,,Hookooeko (Marin Miwok) (Coast Miwok),,,exact,38.05,-122.7,area,event,subgroups,The Coast Miwok of the Marin peninsula and Tomales Bay (Merriam’s Hookooeko).,,,"Subgroup names and approximate locations after the Handbook of North American Indians, vol. 8 (1978) chapters and standard references; label positions approximate, no boundaries implied.","A label, not a boundary: the position is an approximate center within the parent nation's territory."
native-california,sub-lekahtewutko-petaluma,,Lekahtewutko (Coast Miwok),,,exact,38.23,-122.63,area,event,subgroups,The southern Sonoma Coast Miwok of the Petaluma plain (Merriam’s Lekahtewutko).,,,"Subgroup names and approximate locations after the Handbook of North American Indians, vol. 8 (1978) chapters and standard references; label positions approximate, no boundaries implied.","A label, not a boundary: the position is an approximate center within the parent nation's territory."
native-california,sub-suisun,,Suisun (Patwin),,,exact,38.25,-122.0,area,event,subgroups,The southern Patwin of the Suisun plain; Moraga's 1810 campaign and Chief Solano's later prominence made them the best-recorded Patwin community.,,,"Subgroup names and approximate locations after the Handbook of North American Indians, vol. 8 (1978) chapters and standard references; label positions approximate, no boundaries implied.","A label, not a boundary: the position is an approximate center within the parent nation's territory."
native-california,sub-napa-patwin,,Napa Patwin (Patwin),,,exact,38.22,-122.29,area,event,subgroups,The southern Patwin of the lower Napa Valley.,,,"Subgroup names and approximate locations after the Handbook of North American Indians, vol. 8 (1978) chapters and standard references; label positions approximate, no boundaries implied.","A label, not a boundary: the position is an approximate center within the parent nation's territory."
native-california,sub-northern-sierra-miwok,,Northern Sierra Miwok (Eastern Miwok),,,exact,38.3,-120.65,area,event,subgroups,The Mokelumne and Calaveras high country.,,,"Subgroup names and approximate locations after the Handbook of North American Indians, vol. 8 (1978) chapters and standard references; label positions approximate, no boundaries implied.","A label, not a boundary: the position is an approximate center within the parent nation's territory."
native-california,sub-central-sierra-miwok,,Central Sierra Miwok (Eastern Miwok),,,exact,37.95,-120.3,area,event,subgroups,The Stanislaus and Tuolumne foothills; the Southern Mines country of the Gold Rush.,,,"Subgroup names and approximate locations after the Handbook of North American Indians, vol. 8 (1978) chapters and standard references; label positions approximate, no boundaries implied.","A label, not a boundary: the position is an approximate center within the parent nation's territory."
native-california,sub-southern-sierra-miwok,,Southern Sierra Miwok (Eastern Miwok),,,exact,37.55,-119.95,area,event,subgroups,The Merced and Mariposa country toward Yosemite.,,,"Subgroup names and approximate locations after the Handbook of North American Indians, vol. 8 (1978) chapters and standard references; label positions approximate, no boundaries implied.","A label, not a boundary: the position is an approximate center within the parent nation's territory."
native-california,sub-tachi,,Tachi (Yokuts),,,exact,36.15,-119.85,area,event,subgroups,Southern Valley Yokuts of the Tulare Lake shore; frequent in the mission-era expedition records.,,,"Subgroup names and approximate locations after the Handbook of North American Indians, vol. 8 (1978) chapters and standard references; label positions approximate, no boundaries implied.","A label, not a boundary: the position is an approximate center within the parent nation's territory."
native-california,sub-chowchilla,,Chowchilla (Yokuts),,,exact,37.15,-120.25,area,event,subgroups,Northern Valley Yokuts of the Chowchilla River; their name marks the river and town.,,,"Subgroup names and approximate locations after the Handbook of North American Indians, vol. 8 (1978) chapters and standard references; label positions approximate, no boundaries implied.","A label, not a boundary: the position is an approximate center within the parent nation's territory."
native-california,sub-chunut,,Chunut (Yokuts),,,exact,36.05,-119.6,area,event,subgroups,Southern Valley Yokuts of Tulare Lake's eastern shore.,,,"Subgroup names and approximate locations after the Handbook of North American Indians, vol. 8 (1978) chapters and standard references; label positions approximate, no boundaries implied.","A label, not a boundary: the position is an approximate center within the parent nation's territory."
native-california,sub-yauelmani,,Yauelmani (Yokuts),,,exact,35.55,-119.2,area,event,subgroups,Southern Valley Yokuts of the Kern delta country.,,,"Subgroup names and approximate locations after the Handbook of North American Indians, vol. 8 (1978) chapters and standard references; label positions approximate, no boundaries implied.","A label, not a boundary: the position is an approximate center within the parent nation's territory."
native-california,sub-obispeno,,Obispeño (Chumash),,,exact,35.28,-120.66,area,event,subgroups,"The northernmost Chumash, around San Luis Obispo.",,,"Subgroup names and approximate locations after the Handbook of North American Indians, vol. 8 (1978) chapters and standard references; label positions approximate, no boundaries implied.","A label, not a boundary: the position is an approximate center within the parent nation's territory."
native-california,sub-purisimeno,,Purisimeño (Chumash),,,exact,34.67,-120.45,area,event,subgroups,The Chumash of the Lompoc country around Mission La Purísima.,,,"Subgroup names and approximate locations after the Handbook of North American Indians, vol. 8 (1978) chapters and standard references; label positions approximate, no boundaries implied.","A label, not a boundary: the position is an approximate center within the parent nation's territory."
native-california,sub-ineseno-samala,,Ineseño (Samala) (Chumash),,,exact,34.6,-120.1,area,event,subgroups,The Chumash of the Santa Ynez Valley; Samala is the community's own name.,,,"Subgroup names and approximate locations after the Handbook of North American Indians, vol. 8 (1978) chapters and standard references; label positions approximate, no boundaries implied.","A label, not a boundary: the position is an approximate center within the parent nation's territory."
native-california,sub-barbareno,,Barbareño (Chumash),,,exact,34.43,-119.7,area,event,subgroups,The Chumash of the Santa Barbara coast.,,,"Subgroup names and approximate locations after the Handbook of North American Indians, vol. 8 (1978) chapters and standard references; label positions approximate, no boundaries implied.","A label, not a boundary: the position is an approximate center within the parent nation's territory."
native-california,sub-ventureno,,Ventureño (Chumash),,,exact,34.3,-119.2,area,event,subgroups,The Chumash of the Ventura River and coast.,,,"Subgroup names and approximate locations after the Handbook of North American Indians, vol. 8 (1978) chapters and standard references; label positions approximate, no boundaries implied.","A label, not a boundary: the position is an approximate center within the parent nation's territory."
native-california,sub-island-chumash,,Island Chumash (Chumash),,,exact,34.0,-119.75,area,event,subgroups,"The Chumash of Santa Cruz, Santa Rosa, and San Miguel islands, removed to the mainland missions by the 1820s.",,,"Subgroup names and approximate locations after the Handbook of North American Indians, vol. 8 (1978) chapters and standard references; label positions approximate, no boundaries implied.","A label, not a boundary: the position is an approximate center within the parent nation's territory."
native-california,sub-mountain-cahuilla,,Mountain Cahuilla (Cahuilla),,,exact,33.55,-116.6,area,event,subgroups,The San Jacinto and Santa Rosa mountain villages.,,,"Subgroup names and approximate locations after the Handbook of North American Indians, vol. 8 (1978) chapters and standard references; label positions approximate, no boundaries implied.","A label, not a boundary: the position is an approximate center within the parent nation's territory."
native-california,sub-desert-cahuilla,,Desert Cahuilla (Cahuilla),,,exact,33.55,-116.1,area,event,subgroups,The Coachella Valley and the wells of the desert floor.,,,"Subgroup names and approximate locations after the Handbook of North American Indians, vol. 8 (1978) chapters and standard references; label positions approximate, no boundaries implied.","A label, not a boundary: the position is an approximate center within the parent nation's territory."
native-california,sub-pass-cahuilla,,Pass Cahuilla (Cahuilla),,,exact,33.9,-116.8,area,event,subgroups,The San Gorgonio Pass villages.,,,"Subgroup names and approximate locations after the Handbook of North American Indians, vol. 8 (1978) chapters and standard references; label positions approximate, no boundaries implied.","A label, not a boundary: the position is an approximate center within the parent nation's territory."
population-californias,prov-alta,,Alta California (province-wide counts),,1769–1846,exact,36.6002,-121.8947,exact,event,province,"The whole colony, counted. In 1790 the entire Spanish population of Alta California was 910 people, inside a mission population of 7,353. The cumulative mission ledgers then state the system's demographic arithmetic: by 1817, 64,675 baptized against 41,757 dead; by Durán's 1833 cuadro — covering the 13 southern (Fernandino) missions only, after the Zacatecan split — 52,882 baptized, 38,417 dead, 10,482 living.","One province, three generations, counted into decline",,All rows from the Archives of California survey catalogs; C-A 50 unless noted. Figures are the documents' own.,Placed at Monterey as the capital; the counts are province-wide.
population-californias,prov-baja,,Antigua (Baja) California (province-wide),,context,exact,26.0115,-111.3486,exact,event,province,"The old province counted alongside the new: Arrillaga's 1791 census tables cover 18 poblaciones, presidio and missions, with the men, women, and children of each.",,,All rows from the Archives of California survey catalogs; C-A 50 unless noted. Figures are the documents' own.,Placed at Loreto; see the individual Baja pins for 1790 figures.
population-californias,pu-san-jose,,Pueblo San José de Guadalupe,,founded 1777,exact,37.3382,-121.8863,exact,settlement,pueblos,"The first pueblo, counted at 78 souls in 1790 — one europeo, 33 espanoles, 8 indios, 8 mulatos, 28 otras castas. Four decades later it had grown to 602.",,,All rows from the Archives of California survey catalogs; C-A 50 unless noted. Figures are the documents' own.,
population-californias,pu-los-angeles,,Pueblo de Los Ángeles,,founded 1781,exact,34.0537,-118.2428,exact,settlement,pueblos,"The pueblo's whole arc in five counts: 139 souls in the 1790 province table, 148 in 1792, 274 in 1817, then the Mexican-era growth to over a thousand — with the padrones counting Indians separately, in the pueblo and on its ranchos.",,,All rows from the Archives of California survey catalogs; C-A 50 unless noted. Figures are the documents' own.,"The 1790 counts disagree: the province table says 139, the pueblo's own August roll 141 — both shown. The 1828 vs 1830 drop reflects changing padron scope as much as population."
population-californias,pu-branciforte,,Villa de Branciforte,,founded 1797,exact,36.9797,-122.026,exact,settlement,pueblos,"The third and smallest pueblo, founded 1797 across the river from Mission Santa Cruz. The 1823 padrones catch it at 128 souls, or 67 by the summer count — the two returns are shown as recorded.",,,All rows from the Archives of California survey catalogs; C-A 50 unless noted. Figures are the documents' own.,The June and December 1823 figures differ in scope; both preserved.
population-californias,tw-monterey,,Monterey (town & jurisdiction),,capital,exact,36.6002,-121.8947,exact,settlement,pueblos,The capital counted as a town: the 1826 vecindario census breaks out gente de razon by sex and age beside the Indians living among them; by 1829 the town and its named ranchos held 867.,,,All rows from the Archives of California survey catalogs; C-A 50 unless noted. Figures are the documents' own.,
population-californias,sac-1847,,Sacramento District (New Helvetia),,est. 1839,exact,38.5722,-121.47,exact,settlement,pueblos,"The arc's endpoint: the December 1847 statistics of population of the Sacramento district, compiled at Sutter's fort in the first American winter — the count that closes the era this map covers.",,,All rows from the Archives of California survey catalogs; C-A 50 unless noted. Figures are the documents' own.,
population-californias,pr-san-francisco,,Presidio of San Francisco,,founded 1776,exact,37.7899,-122.4585,exact,presidio,presidios,"The 1790 padron names every household of the company with casta, birthplace, age, wife, and children — 144 souls at the Golden Gate. By 1830 the whole SF jurisdiction, missions included, counted 5,469, of whom 5,240 were Indians.",,,All rows from the Archives of California survey catalogs; C-A 50 unless noted. Figures are the documents' own.,
population-californias,pr-santa-barbara,,Presidio of Santa Bárbara,,founded 1782,exact,34.4221,-119.6989,exact,presidio,presidios,"The 1785 padron is a nominal roll of 67 heads of household — officers, sergeants, corporals, soldiers, vecinos, and the San Blas paquebot's servants — with casta, age, and family.",,,All rows from the Archives of California survey catalogs; C-A 50 unless noted. Figures are the documents' own.,
population-californias,pr-san-diego,,Presidio & town of San Diego,,founded 1769,exact,32.7573,-117.1966,exact,presidio,presidios,"San Diego's late-Mexican padrones count the men who could bear arms: 53 in 1845, 73 in 1846 — the municipality on the eve of the conquest.",,,All rows from the Archives of California survey catalogs; C-A 50 unless noted. Figures are the documents' own.,
population-californias,pr-loreto,,Presidio of Loreto (Baja),,founded 1697,exact,26.0115,-111.3486,exact,presidio,presidios,"The old capital counted in 1790: 399 souls, a fifth of them under the fuero militar.",,,All rows from the Archives of California survey catalogs; C-A 50 unless noted. Figures are the documents' own.,
population-californias,ba-real-santa-ana,,Real de Santa Ana (Baja mining district),,context,exact,23.69,-110.08,place,settlement,presidios,"The southern mining district, the most casta-diverse place in either California: 696 souls with 5 miners, 16 rancheros, and 93 others by trade.",,,All rows from the Archives of California survey catalogs; C-A 50 unless noted. Figures are the documents' own.,
population-californias,mi-san-carlos,,Mission San Carlos (Carmel),,founded 1770,exact,36.5433,-121.919,exact,mission,missions,Neophyte population as the annual registros and the 1790 censo campaign recorded it.,,,All rows from the Archives of California survey catalogs; C-A 50 unless noted. Figures are the documents' own.,"The counts are of people living AT the mission when counted; flight, death, and new baptism churn beneath every figure. A 1795 nominal padron of the Monterey-district missions exists (C-A 50 Doc 54)."
population-californias,mi-san-diego,,Mission San Diego,,founded 1769,exact,32.7844,-117.1064,exact,mission,missions,Neophyte population as the annual registros and the 1790 censo campaign recorded it.,,,All rows from the Archives of California survey catalogs; C-A 50 unless noted. Figures are the documents' own.,"The counts are of people living AT the mission when counted; flight, death, and new baptism churn beneath every figure. A 1795 nominal padron of the Monterey-district missions exists (C-A 50 Doc 54)."
population-californias,mi-san-juan-capistrano,,Mission San Juan Capistrano,,founded 1776,exact,33.5017,-117.6628,exact,mission,missions,Neophyte population as the annual registros and the 1790 censo campaign recorded it.,,,All rows from the Archives of California survey catalogs; C-A 50 unless noted. Figures are the documents' own.,"The counts are of people living AT the mission when counted; flight, death, and new baptism churn beneath every figure. A 1795 nominal padron of the Monterey-district missions exists (C-A 50 Doc 54)."
population-californias,mi-san-gabriel,,Mission San Gabriel,,founded 1771,exact,34.0967,-118.1067,exact,mission,missions,Neophyte population as the annual registros and the 1790 censo campaign recorded it.,,,All rows from the Archives of California survey catalogs; C-A 50 unless noted. Figures are the documents' own.,"The counts are of people living AT the mission when counted; flight, death, and new baptism churn beneath every figure. A 1795 nominal padron of the Monterey-district missions exists (C-A 50 Doc 54)."
population-californias,mi-san-antonio-de-padua,,Mission San Antonio de Padua,,founded 1771,exact,36.0144,-121.2497,exact,mission,missions,Neophyte population as the annual registros and the 1790 censo campaign recorded it.,,,All rows from the Archives of California survey catalogs; C-A 50 unless noted. Figures are the documents' own.,"The counts are of people living AT the mission when counted; flight, death, and new baptism churn beneath every figure. A 1795 nominal padron of the Monterey-district missions exists (C-A 50 Doc 54)."
population-californias,mi-san-luis-obispo,,Mission San Luis Obispo,,founded 1772,exact,35.281,-120.664,exact,mission,missions,Neophyte population as the annual registros and the 1790 censo campaign recorded it.,,,All rows from the Archives of California survey catalogs; C-A 50 unless noted. Figures are the documents' own.,"The counts are of people living AT the mission when counted; flight, death, and new baptism churn beneath every figure. A 1795 nominal padron of the Monterey-district missions exists (C-A 50 Doc 54)."
population-californias,mi-san-francisco,,Mission San Francisco (Dolores),,founded 1776,exact,37.7644,-122.4269,exact,mission,missions,Neophyte population as the annual registros and the 1790 censo campaign recorded it.,,,All rows from the Archives of California survey catalogs; C-A 50 unless noted. Figures are the documents' own.,"The counts are of people living AT the mission when counted; flight, death, and new baptism churn beneath every figure. A 1795 nominal padron of the Monterey-district missions exists (C-A 50 Doc 54)."
population-californias,mi-santa-clara,,Mission Santa Clara,,founded 1777,exact,37.3496,-121.939,exact,mission,missions,Neophyte population as the annual registros and the 1790 censo campaign recorded it.,,,All rows from the Archives of California survey catalogs; C-A 50 unless noted. Figures are the documents' own.,"The counts are of people living AT the mission when counted; flight, death, and new baptism churn beneath every figure. A 1795 nominal padron of the Monterey-district missions exists (C-A 50 Doc 54)."
population-californias,mi-san-buenaventura,,Mission San Buenaventura,,founded 1782,exact,34.2805,-119.2945,exact,mission,missions,Neophyte population as the annual registros and the 1790 censo campaign recorded it.,,,All rows from the Archives of California survey catalogs; C-A 50 unless noted. Figures are the documents' own.,"The counts are of people living AT the mission when counted; flight, death, and new baptism churn beneath every figure. A 1795 nominal padron of the Monterey-district missions exists (C-A 50 Doc 54)."
population-californias,mi-santa-bárbara,,Mission Santa Bárbara (mission),,founded 1786,exact,34.4378,-119.7137,exact,mission,missions,Neophyte population as the annual registros and the 1790 censo campaign recorded it.,,,All rows from the Archives of California survey catalogs; C-A 50 unless noted. Figures are the documents' own.,"The counts are of people living AT the mission when counted; flight, death, and new baptism churn beneath every figure. A 1795 nominal padron of the Monterey-district missions exists (C-A 50 Doc 54)."
population-californias,mi-santa-cruz,,Mission Santa Cruz,,founded 1791,exact,36.9797,-122.0308,exact,mission,missions,Neophyte population as the annual registros and the 1790 censo campaign recorded it.,,,All rows from the Archives of California survey catalogs; C-A 50 unless noted. Figures are the documents' own.,"The counts are of people living AT the mission when counted; flight, death, and new baptism churn beneath every figure. A 1795 nominal padron of the Monterey-district missions exists (C-A 50 Doc 54)."
population-californias,mi-san-juan-bautista,,Mission San Juan Bautista,,founded 1797,exact,36.8455,-121.537,exact,mission,missions,Neophyte population as the annual registros and the 1790 censo campaign recorded it.,,,All rows from the Archives of California survey catalogs; C-A 50 unless noted. Figures are the documents' own.,"The counts are of people living AT the mission when counted; flight, death, and new baptism churn beneath every figure. A 1795 nominal padron of the Monterey-district missions exists (C-A 50 Doc 54)."
population-californias,mi-san-luis-rey,,Mission San Luis Rey,,founded 1798,exact,33.2318,-117.3178,exact,mission,missions,Neophyte population as the annual registros and the 1790 censo campaign recorded it.,,,All rows from the Archives of California survey catalogs; C-A 50 unless noted. Figures are the documents' own.,"The counts are of people living AT the mission when counted; flight, death, and new baptism churn beneath every figure. A 1795 nominal padron of the Monterey-district missions exists (C-A 50 Doc 54)."
population-californias,mi-la-purísima,,Mission La Purísima,,founded 1787,exact,34.6724,-120.4239,exact,mission,missions,Neophyte population as the annual registros and the 1790 censo campaign recorded it.,,,All rows from the Archives of California survey catalogs; C-A 50 unless noted. Figures are the documents' own.,"The counts are of people living AT the mission when counted; flight, death, and new baptism churn beneath every figure. A 1795 nominal padron of the Monterey-district missions exists (C-A 50 Doc 54)."
population-californias,bm-san-francisco-de-borja,,Mission San Francisco de Borja (Baja),,context,exact,28.744,-113.753,place,mission,baja,The Dominican frontier counted in the same 1790 campaign.,,,All rows from the Archives of California survey catalogs; C-A 50 unless noted. Figures are the documents' own.,
population-californias,bm-san-fernando-velicatá,,Mission San Fernando Velicatá (Baja),,context,exact,29.971,-115.236,place,mission,baja,The Dominican frontier counted in the same 1790 campaign.,,,All rows from the Archives of California survey catalogs; C-A 50 unless noted. Figures are the documents' own.,
population-californias,bm-el-rosario,,Mission El Rosario (Baja),,context,exact,30.062,-115.723,place,mission,baja,The Dominican frontier counted in the same 1790 campaign.,,,All rows from the Archives of California survey catalogs; C-A 50 unless noted. Figures are the documents' own.,Two mission sites: the 1774 first site by the modern town (plotted) and the 1802 second site ~2.8 km southwest.
population-californias,bm-san-vicente,,Mission San Vicente (Baja),,context,exact,31.333,-116.25,place,mission,baja,The Dominican frontier counted in the same 1790 campaign.,,,All rows from the Archives of California survey catalogs; C-A 50 unless noted. Figures are the documents' own.,
population-californias,bm-santo-domingo,,Mission Santo Domingo (Baja),,context,exact,30.769,-115.937,place,mission,baja,The Dominican frontier counted in the same 1790 campaign.,,,All rows from the Archives of California survey catalogs; C-A 50 unless noted. Figures are the documents' own.,
population-californias,bm-san-miguel-de-la-frontera,,Mission San Miguel de la Frontera (Baja),,context,exact,32.096,-116.848,place,mission,baja,The Dominican frontier counted in the same 1790 campaign.,,,All rows from the Archives of California survey catalogs; C-A 50 unless noted. Figures are the documents' own.,
presidial-system,presidio-san-francisco,,Presidio of San Francisco,,founded 1776,exact,37.7862,-122.4572,exact,presidio,presidios,"The northernmost presidio, founded 1776, responsible for the whole contested frontier facing Bodega and Ross. Its company ran about 30 to 56 men for most of the Spanish period and never surged to meet the Russian arrival in 1812.",Roughly 30 to 70 men guarding the Golden Gate across five decades,,"Presidio garrison & artillery register (vault), compiled from C-A 10, 16, 21, 54",
presidial-system,castillo-san-joaquin-sf,,"Castillo de San Joaquín (Fort Point, San Francisco)",,blessed Dec 1794,exact,37.8107,-122.477,exact,presidio,forts,"The battery at the Golden Gate narrows, blessed December 1794. Built for 6,491 pesos, partly with mission mule labor. The register's headline series: the fort's serviceable guns never exceeded a handful, and a single Russian outpost at Ross reported more mounted cannon than the whole San Francisco defense.",At its documented best (1802): about 5 mounted serviceable guns,,"Presidio garrison & artillery register (vault); build cost C-A 24 Docs 62, 70",The 1793 (2 vs 6) and 1823 (2 vs 3) figures each differ between Savage copies of the same report; both discrepancies are preserved rather than harmonized.
presidial-system,bateria-yerba-buena,,Batería de Yerba Buena (San Francisco),,1797,exact,37.8065,-122.4266,area,presidio,forts,"The cove battery east of the presidio, garrisoned in the 1790s by a Catalan Volunteers detail relieved every 8 days. Ordered recomposed with adobe, earth, and fascine in 1799; abandoned by 1800 per the intelligence layer of the borderlands map.",,,Presidio garrison & artillery register (vault),
presidial-system,presidio-monterey,,Presidio of Monterey,,founded 1770,exact,36.6002,-121.8947,exact,presidio,presidios,"The capital's presidio and the largest company in the province, with the Real Cuerpo de Artillería headquartered here. Even so, in 1809 its ~85 men were dispersed as mission escorts and herd guards, with only 4 men on the battery.","The largest single garrison, comparable to Ross's combined personnel, 100+ miles from the contested ground",,Presidio garrison & artillery register (vault),
presidial-system,presidio-santa-barbara,,Presidio of Santa Bárbara,,founded 1782,exact,34.4221,-119.6989,exact,presidio,presidios,Founded 1782 with about 58 men and holding near that strength for decades. In 1797 its artillery inventory recorded 118 cartridges and no artilleryman.,,,Presidio garrison & artillery register (vault),
presidial-system,presidio-san-diego,,Presidio of San Diego,,founded 1769,exact,32.7573,-117.1966,exact,presidio,presidios,"The first presidio, founded 1769. In September 1783 the whole company held 72 cartridges. Its guns were dismounted in 1793 with nobody able to operate them.",,,Presidio garrison & artillery register (vault),
presidial-system,fort-guijarros-sd,,"Fort Guijarros (Punta de Guijarros, San Diego)",,battery manned by 1802,exact,32.6866,-117.2333,place,presidio,forts,"The harbor battery on Ballast Point, formally the Castillo de San Joaquín de Punta de Guijarros. The province had two forts of that name; this is the San Diego one. In 1798 it mounted 7 six-pounders of which 2 were serviceable; the 1820 census found the bronze guns vent-worn and the carriages rotted.",,,Presidio garrison & artillery register (vault),
presidial-system,presidio-loreto,,Presidio of Loreto (Baja California),,founded 1697,exact,26.0115,-111.3486,exact,presidio,presidios,"The old Baja capital, included for context: its company (47 to 85 men plus a small marine department) was comparable to any Alta California presidio.",,,Presidio garrison & artillery register (vault),
presidial-system,colony-ross,,Colony Ross (Russian benchmark),,"founded 1812, sold 1841",exact,38.5144,-123.2444,exact,event,ross,"The measuring stick. A single Russian-American Company outpost, founded September 1812 with about 95 Russians and 80 Alaska Native hunters. A 1813 Spanish intelligence report credited it with about 13 mounted cannon; Moraga's 1814 eyewitness reconnaissance counted 8 cannon in two corner towers with embrasures for far more. Either figure matches or exceeds the serviceable artillery of the entire San Francisco defense in the same decade.","One Russian fort ≈ the principal Spanish fort, in guns and in men",,"Presidio garrison & artillery register (vault), section 0","Both the Ross figure (a Spanish estimate) and the SF figure (a Spanish self-inventory) are Spanish-sourced, so the comparison is internally consistent. The defensible claim is order-of-magnitude parity, not a precise gun-for-gun ratio."
presidial-system,armed-san-buenaventura,,Mission San Buenaventura (armed),,,exact,34.2805,-119.2945,exact,mission,armed,"Armed against the coastal threat: 2 four-pounders in the 1798 census, 3-pounders by 1805.",,,Presidio garrison & artillery register (vault),
presidial-system,armed-mission-santa-barbara,,Mission Santa Bárbara (armed),,,exact,34.4378,-119.7137,exact,mission,armed,One 2-pounder in the 1798 census of the armed Channel missions.,,,Presidio garrison & artillery register (vault),
presidial-system,armed-la-purisima,,Mission La Purísima (armed),,,exact,34.6724,-120.4239,exact,mission,armed,"One 2-pounder in 1798, still armed in the 1803 and 1805 censuses.",,,Presidio garrison & artillery register (vault),
presidial-system,armed-santa-ines,,Mission Santa Inés (armed),,,exact,34.5964,-120.137,exact,mission,armed,3-pounders in the 1805 census of armed Channel missions.,,,Presidio garrison & artillery register (vault),
presidial-system,armed-san-fernando,,Mission San Fernando (armed),,,exact,34.2733,-118.462,exact,mission,armed,2-pounders in the 1805 census of armed missions.,,,Presidio garrison & artillery register (vault),
presidial-system,armed-san-juan-bautista,,"Mission San Juan Bautista (armed, post-Bouchard)",,,exact,36.8455,-121.537,exact,mission,armed,"Up to 3 cannons emplaced in 1819 'para impedir el desembarco de algunos invasores', part of the scramble after Bouchard burned Monterey.",,,Presidio garrison & artillery register (vault),
presidial-system,armed-pueblo-san-jose,,Pueblo San José (pedrero),,,exact,37.3382,-121.8863,place,settlement,armed,A pedrero (swivel gun) posted at the pueblo in the 1798 ordnance census.,,,Presidio garrison & artillery register (vault),
presidial-system,armed-mission-san-luis,,Mission San Luis Obispo (pedrero),,,exact,35.281,-120.6646,place,mission,armed,A pedrero listed at 'Mission San Luis' in the 1798 Monterey-district ordnance census.,,,Presidio garrison & artillery register (vault),The 1798 census says 'Mission San Luis' without specifying Obispo or Rey; Obispo is the Monterey-district reading. Flagged.
ranchos,rancho-buena-ventura-0,,Buena Ventura (Pierson B. Reading),1844,1844,year,40.50284,-122.29566,exact,rancho,micheltorena,Granted 1844 by Manuel Micheltorena to Pierson B. Reading. Present-day Shasta County.,,,Boundary: NAHC/CNRA California Land Grants (PLSS reconstruction),
ranchos,rancho-primer-canon-o-rio-de-los-berrendos-1,,Primer Cañon o Rio de Los Berrendos (Job Francis Dye),1844,1844,year,40.13685,-122.09251,exact,rancho,micheltorena,Granted 1844 by Manuel Micheltorena to Job Francis Dye. Present-day Tehama County.,,,Diseño (Bancroft Land Case Maps) | Boundary: NAHC/CNRA California Land Grants (PLSS reconstruction),
ranchos,rancho-barranca-colorado-2,,Barranca Colorado (Josiah Belden),1844,1844,year,40.1274,-122.21315,exact,rancho,micheltorena,Granted 1844 by Manuel Micheltorena to Josiah Belden. Present-day Tehama County.,,,Boundary: NAHC/CNRA California Land Grants (PLSS reconstruction),
ranchos,rancho-las-flores-3,,Las Flores (William Chard),1844,1844,year,40.08574,-122.13593,exact,rancho,micheltorena,Granted 1844 by Manuel Micheltorena to William Chard. Present-day Tehama County.,,,Diseño (Bancroft Land Case Maps) | Boundary: NAHC/CNRA California Land Grants (PLSS reconstruction),
ranchos,rancho-saucos-4,,Saucos (Robert Thomes),1844,1844,year,40.00282,-122.11539,exact,rancho,micheltorena,Granted 1844 by Manuel Micheltorena to Robert Thomes. Present-day Tehama County.,,,Diseño (Bancroft Land Case Maps) | Boundary: NAHC/CNRA California Land Grants (PLSS reconstruction),
ranchos,rancho-rio-de-los-molinos-5,,Rio de los Molinos (Albert Toomes),1844,1844,year,39.98717,-122.06604,exact,rancho,micheltorena,Granted 1844 by Manuel Micheltorena to Albert Toomes. Present-day Tehama County.,,,Diseño (Bancroft Land Case Maps) | Boundary: NAHC/CNRA California Land Grants (PLSS reconstruction),
ranchos,rancho-bosquejo-6,,Bosquejo (Peter Lassen),1844,1844,year,39.83581,-121.99498,exact,rancho,micheltorena,Granted 1844 by Manuel Micheltorena to Peter Lassen. Present-day Tehama County.,,,Diseño (Bancroft Land Case Maps) | Boundary: NAHC/CNRA California Land Grants (PLSS reconstruction),
ranchos,rancho-capay-7,,Capay (Maria Josefa Soto),1844,1844,year,39.76243,-121.98849,exact,rancho,micheltorena,Granted 1844 by Manuel Micheltorena to Maria Josefa Soto. Present-day Tehama County.,,,Diseño (Bancroft Land Case Maps) | Boundary: NAHC/CNRA California Land Grants (PLSS reconstruction),
ranchos,rancho-jacinto-8,,Jacinto (Jacinto Rodriguez),1844,1844,year,39.61951,-121.98773,exact,rancho,micheltorena,Granted 1844 by Manuel Micheltorena to Jacinto Rodriguez. Present-day Glenn County.,,,Diseño (Bancroft Land Case Maps) | Boundary: NAHC/CNRA California Land Grants (PLSS reconstruction),
ranchos,rancho-larkins-children-9,,Larkin’s Children (Children of Thomas O Larkin),1844,1844,year,39.43278,-122.00248,exact,rancho,micheltorena,Granted 1844 by Manuel Micheltorena to Children of Thomas O Larkin. Present-day Glenn County.,,,Diseño (Bancroft Land Case Maps) | Boundary: NAHC/CNRA California Land Grants (PLSS reconstruction),
ranchos,rancho-farwell-10,,Farwell (Edward Farwell),1844,1844,year,39.65565,-121.91134,exact,rancho,micheltorena,Granted 1844 by Manuel Micheltorena to Edward Farwell. Present-day Butte County.,,,Diseño (Bancroft Land Case Maps) | Boundary: NAHC/CNRA California Land Grants (PLSS reconstruction),
ranchos,rancho-farwell-11,,Farwell (Edward Farwell),1844,1844,year,39.69324,-121.89988,exact,rancho,micheltorena,Granted 1844 by Manuel Micheltorena to Edward Farwell. Present-day Butte County.,,,Diseño (Bancroft Land Case Maps) | Boundary: NAHC/CNRA California Land Grants (PLSS reconstruction),
ranchos,rancho-arroyo-chico-12,,Arroyo Chico (William Dickey),1844,1844,year,39.75718,-121.81959,exact,rancho,micheltorena,"This diseño of Rancho Arroyo Chico in the upper Sacramento Valley was drawn by the pioneer John Bidwell, who owned the rancho and founded the town of Chico. Bidwell had arrived with the 1841 Bartleson-Bidwell party and became a leading figure in early American California.",,,Diseño (Bancroft Land Case Maps) | Boundary: NAHC/CNRA California Land Grants (PLSS reconstruction),
ranchos,rancho-esquon-13,,Esquon (Samuel Neal),1844,1844,year,39.60159,-121.736,exact,rancho,micheltorena,Granted 1844 by Manuel Micheltorena to Samuel Neal. Present-day Butte County.,,,Diseño (Bancroft Land Case Maps) | Boundary: NAHC/CNRA California Land Grants (PLSS reconstruction),
ranchos,rancho-aguas-frias-14,,Aguas Frias (Antonio Osio),1844,1844,year,39.54522,-121.84081,exact,rancho,micheltorena,Granted 1844 by Manuel Micheltorena to Antonio Osio. Present-day Butte County.,,,Boundary: NAHC/CNRA California Land Grants (PLSS reconstruction),
ranchos,rancho-fernandez-15,,Fernandez (Dionisio Fernandez),1846,1846,year,39.4702,-121.59793,exact,rancho,pico,Granted 1846 by Pio Pico to Dionisio Fernandez. Present-day Butte County.,,,Diseño (Bancroft Land Case Maps) | Boundary: NAHC/CNRA California Land Grants (PLSS reconstruction),
ranchos,rancho-boga-16,,Boga (Charles W. Flugge),1844,1844,year,39.30622,-121.62654,exact,rancho,micheltorena,Granted 1844 by Manuel Micheltorena to Charles W. Flugge. Present-day Sutter County.,,,Boundary: NAHC/CNRA California Land Grants (PLSS reconstruction),
ranchos,rancho-honcut-17,,Honcut (Theodor Cordua),1844,1844,year,39.23384,-121.55687,exact,rancho,micheltorena,Granted 1844 by Manuel Micheltorena to Theodor Cordua. Present-day Yuba County.,,,Diseño (Bancroft Land Case Maps) | Boundary: NAHC/CNRA California Land Grants (PLSS reconstruction),
ranchos,rancho-new-helvetia-18,,New Helvetia (John Sutter),1841,1841,year,39.09618,-121.54358,exact,rancho,alvarado,Granted 1841 by Juan Alvarado to John Sutter. Present-day Yuba County.,,,Diseño (Bancroft Land Case Maps) | Boundary: NAHC/CNRA California Land Grants (PLSS reconstruction),
ranchos,rancho-johnson-19,,Johnson (Pablo Gutierrez),1844,1844,year,39.0122,-121.40093,exact,rancho,micheltorena,Granted 1844 by Manuel Micheltorena to Pablo Gutierrez. Present-day Yuba County.,,,Diseño (Bancroft Land Case Maps) | Boundary: NAHC/CNRA California Land Grants (PLSS reconstruction),
ranchos,rancho-llano-seco-20,,Llano Seco (Sebastian Kayser),1845,1845,year,39.57086,-121.91906,exact,rancho,pico,Granted 1845 by Pio Pico to Sebastian Kayser. Present-day Butte County.,,,Diseño (Bancroft Land Case Maps) | Boundary: NAHC/CNRA California Land Grants (PLSS reconstruction),
ranchos,rancho-jimeno-21,,Jimeno (Manuel Jimeno),1844,1844,year,39.14924,-121.92897,exact,rancho,micheltorena,Granted 1844 by Manuel Micheltorena to Manuel Jimeno. Present-day Colusa County.,,,Diseño (Bancroft Land Case Maps) | Boundary: NAHC/CNRA California Land Grants (PLSS reconstruction),
ranchos,rancho-del-paso-22,,Del Paso (Elias Grimes),1844,1844,year,38.57717,-121.36829,exact,rancho,micheltorena,Granted 1844 by Manuel Micheltorena to Elias Grimes. Present-day Sacramento County.,,,Diseño (Bancroft Land Case Maps) | Boundary: NAHC/CNRA California Land Grants (PLSS reconstruction),
ranchos,rancho-canada-de-capay-23,,Cañada de Capay (Francisco Berryessa),1846,1846,year,38.83777,-122.15303,exact,rancho,pico,Granted 1846 by Pio Pico to Francisco Berryessa. Present-day Yolo County.,,,Diseño (Bancroft Land Case Maps) | Boundary: NAHC/CNRA California Land Grants (PLSS reconstruction),
ranchos,rancho-rio-de-jesus-maria-24,,Rio de Jesus Maria (Thomas Hardy),1843,1843,year,38.73809,-121.7161,exact,rancho,micheltorena,Granted 1843 by Manuel Micheltorena to Thomas Hardy. Present-day Yolo County.,,,Diseño (Bancroft Land Case Maps) | Boundary: NAHC/CNRA California Land Grants (PLSS reconstruction),
ranchos,rancho-quesesosi-25,,Quesesosi (William Gordon),1843,1843,year,38.7004,-121.88432,exact,rancho,micheltorena,Granted 1843 by Manuel Micheltorena to William Gordon. Present-day Yolo County.,,,Boundary: NAHC/CNRA California Land Grants (PLSS reconstruction),
ranchos,rancho-san-juan-26,,San Juan (Joel P Dedmond),1844,1844,year,38.6516,-121.2259,exact,rancho,micheltorena,Granted 1844 by Manuel Micheltorena to Joel P Dedmond. Present-day Sacramento County.,,,Diseño (Bancroft Land Case Maps) | Boundary: NAHC/CNRA California Land Grants (PLSS reconstruction),
ranchos,rancho-rio-de-los-americanos-27,,Rio de los Americanos (William Leidesdorff),1844,1844,year,38.57086,-121.22896,exact,rancho,micheltorena,Granted 1844 by Manuel Micheltorena to William Leidesdorff. Present-day Sacramento County.,,,Diseño (Bancroft Land Case Maps) | Boundary: NAHC/CNRA California Land Grants (PLSS reconstruction),
ranchos,rancho-los-putos-28,,Los Putos (Juan Vaca and Juan Peña),1843,1843,year,38.45361,-121.87861,exact,rancho,micheltorena,Granted 1843 by Manuel Micheltorena to Juan Vaca and Juan Peña. Present-day Solano County.,,,Diseño (Bancroft Land Case Maps) | Boundary: NAHC/CNRA California Land Grants (PLSS reconstruction),
ranchos,rancho-rio-de-los-putos-29,,Rio de los Putos (William Wolfskill),1842,1842,year,38.52029,-121.8818,exact,rancho,alvarado,Granted 1842 by Juan Alvarado to William Wolfskill. Present-day Solano County.,,,Diseño (Bancroft Land Case Maps) | Boundary: NAHC/CNRA California Land Grants (PLSS reconstruction),
ranchos,rancho-rincon-del-diablo-30,,Rincon del Diablo (Juan Alvarado),1843,1843,year,33.1099,-117.09069,exact,rancho,micheltorena,Granted 1843 by Manuel Micheltorena to Juan Alvarado. Present-day San Diego County.,,,Boundary: NAHC/CNRA California Land Grants (PLSS reconstruction),
ranchos,rancho-san-bernardo-31,,San Bernardo (Jose Francisco Snook),1842,1842,year,33.05386,-117.11216,exact,rancho,alvarado,Granted 1842 by Juan Alvarado to Jose Francisco Snook. Present-day San Diego County.,,,Diseño (Bancroft Land Case Maps) | Boundary: NAHC/CNRA California Land Grants (PLSS reconstruction),
ranchos,rancho-agua-hedionda-32,,Agua Hedionda (Juan María Marrón),1842,1842,year,33.14834,-117.31712,exact,rancho,alvarado,Granted 1842 by Juan Alvarado to Juan María Marrón. Present-day San Diego County.,,,Diseño (Bancroft Land Case Maps) | Boundary: NAHC/CNRA California Land Grants (PLSS reconstruction),
ranchos,rancho-los-encenitos-33,,Los Encenitos (Andres and Joae Manuel),1842,1842,year,33.049,-117.26522,exact,rancho,pico,Granted 1842 by Pio Pico to Andres and Joae Manuel. Present-day San Diego County.,,,Boundary: NAHC/CNRA California Land Grants (PLSS reconstruction),
ranchos,rancho-guejito-y-canada-de-paloma-34,,Guejito y Cañada de Paloma (Jose Maria Orozco),1845,1845,year,33.1796,-116.96283,exact,rancho,pico,Granted 1845 by Pio Pico to Jose Maria Orozco. Present-day San Diego County.,,,Boundary: NAHC/CNRA California Land Grants (PLSS reconstruction),
ranchos,rancho-otay-35,,Otay (Magdelena Estudillo),1829,1829,year,32.60227,-117.03375,exact,rancho,echeandia,Granted 1829 by José María de Echeandía to Magdelena Estudillo. Present-day San Diego County.,,,Boundary: NAHC/CNRA California Land Grants (PLSS reconstruction),
ranchos,rancho-el-cajon-36,,El Cajon (Maria Estudillo),1845,1845,year,32.8622,-116.99142,exact,rancho,pico,Granted 1845 by Pio Pico to Maria Estudillo. Present-day San Diego County.,,,Diseño (Bancroft Land Case Maps) | Boundary: NAHC/CNRA California Land Grants (PLSS reconstruction),
ranchos,rancho-de-la-nacion-37,,de la Nación (John (Don Juan) Forster),1845,1845,year,32.62921,-117.10608,exact,rancho,pico,Granted 1845 by Pío Pico to John (Don Juan) Forster. Present-day San Diego County.,,,Diseño (Bancroft Land Case Maps) | Boundary: NAHC/CNRA California Land Grants (PLSS reconstruction),
ranchos,rancho-jamacha-38,,Jamacha (Apolinara Lorenzana),1840,1840,year,32.71624,-117.01824,exact,rancho,alvarado,Granted 1840 by Juan Alvarado to Apolinara Lorenzana. Present-day San Diego County.,,,Diseño (Bancroft Land Case Maps) | Boundary: NAHC/CNRA California Land Grants (PLSS reconstruction),
ranchos,rancho-san-diego-island-39,,San Diego Island (Pedro C. Carrillo),1846,1846,year,32.77773,-117.2225,exact,rancho,pico,Granted 1846 by Pío Pico to Pedro C. Carrillo. Present-day San Diego County.,,,Boundary: NAHC/CNRA California Land Grants (PLSS reconstruction),
ranchos,rancho-valle-de-san-felipe-40,,Valle de San Felipe (Felipe Castillo),1846,1846,year,33.13172,-116.57907,exact,rancho,pico,Granted 1846 by Pio Pico to Felipe Castillo. Present-day San Diego County.,,,Boundary: NAHC/CNRA California Land Grants (PLSS reconstruction),
ranchos,rancho-temecula-41,,Temecula (Felix Valdez),1844,1844,year,33.52167,-117.21298,exact,rancho,micheltorena,Granted 1844 by Manuel Micheltorena to Felix Valdez. Present-day Riverside County.,,,Diseño (Bancroft Land Case Maps) | Boundary: NAHC/CNRA California Land Grants (PLSS reconstruction),
ranchos,rancho-pauba-42,,Pauba (Vicente Moraga),1844,1844,year,33.5184,-117.08782,exact,rancho,micheltorena,Granted 1844 by Manuel Micheltorena to Vicente Moraga. Present-day Riverside County.,,,Diseño (Bancroft Land Case Maps) | Boundary: NAHC/CNRA California Land Grants (PLSS reconstruction),
ranchos,rancho-canada-de-los-alisos-43,,Cañada de los Alisos (José Serrano),1842,1842,year,33.66102,-117.71332,exact,rancho,alvarado,Granted 1842 by Juan Alvarado to José Serrano. Present-day Orange County.,,,Diseño (Bancroft Land Case Maps) | Boundary: NAHC/CNRA California Land Grants (PLSS reconstruction),
ranchos,rancho-trabuco-44,,Trabuco (John (Don Juan) Forster),1846,1846,year,33.63642,-117.68435,exact,rancho,pico,Granted 1846 by Pio Pico to John (Don Juan) Forster. Present-day Orange County.,,,Diseño (Bancroft Land Case Maps) | Boundary: NAHC/CNRA California Land Grants (PLSS reconstruction),
ranchos,rancho-mision-vieja-45,,Misión Vieja (John (Don Juan) Forster),1845,1845,year,33.52858,-117.6547,exact,rancho,pico,Granted 1845 by Pio Pico to John (Don Juan) Forster. Present-day Orange County.,,,Diseño (Bancroft Land Case Maps) | Boundary: NAHC/CNRA California Land Grants (PLSS reconstruction),
ranchos,rancho-sanel-46,,Sanel (Fernando Feliz),1844,1844,year,39.00936,-123.13157,exact,rancho,micheltorena,Granted 1844 by Manuel Micheltorena to Fernando Feliz. Present-day Mendocino County.,,,Diseño (Bancroft Land Case Maps) | Boundary: NAHC/CNRA California Land Grants (PLSS reconstruction),
ranchos,rancho-yokaya-47,,Yokaya (Cayetano Juarez),1845,1845,year,39.17101,-123.15531,exact,rancho,pico,Granted 1845 by Pio Pico to Cayetano Juarez. Present-day Mendocino County.,,,Boundary: NAHC/CNRA California Land Grants (PLSS reconstruction),
ranchos,rancho-rincon-de-musalacon-48,,Rincon de Musalacon (Francisco Berryessa),1846,1846,year,38.79501,-122.97026,exact,rancho,pico,Granted 1846 by Pio Pico to Francisco Berryessa. Present-day Sonoma County.,,,Diseño (Bancroft Land Case Maps) | Boundary: NAHC/CNRA California Land Grants (PLSS reconstruction),
ranchos,rancho-tzabaco-49,,Tzabaco (Jose German Pina),1843,1843,year,38.72658,-122.89772,exact,rancho,micheltorena,Rancho Tzabaco lay along Dry Creek in the Alexander Valley area of Sonoma County and was granted in the early 1840s to Jose German Pina. The United States survey was later confirmed to Pina's heirs.,,,Diseño (Bancroft Land Case Maps) | Boundary: NAHC/CNRA California Land Grants (PLSS reconstruction),
ranchos,rancho-sotoyome-50,,Sotoyome (Henry D. Fitch),1844,1844,year,38.63985,-122.86265,exact,rancho,micheltorena,"Rancho Sotoyome, around present Healdsburg on the Russian River, was granted in 1841 to Henry Delano Fitch, the San Diego merchant who had famously eloped with Josefa Carrillo. This survey drawing is credited to Jasper (Gaspar) O'Farrell.",,,Diseño (Bancroft Land Case Maps) | Boundary: NAHC/CNRA California Land Grants (PLSS reconstruction),
ranchos,rancho-collayomi-51,,Collayomi (Robert Ridley),1844,1844,year,38.75224,-122.55604,exact,rancho,micheltorena,Granted 1844 by Manuel Micheltorena to Robert Ridley. Present-day Lake County.,,,Diseño (Bancroft Land Case Maps) | Boundary: NAHC/CNRA California Land Grants (PLSS reconstruction),
ranchos,rancho-guenoc-52,,Guenoc (George Rock),1845,1845,year,38.76673,-122.53127,exact,rancho,pico,Granted 1845 by Pio Pico to George Rock. Present-day Lake County.,,,Diseño (Bancroft Land Case Maps) | Boundary: NAHC/CNRA California Land Grants (PLSS reconstruction),
ranchos,rancho-german-53,,German (Ernest Rufus),1846,1846,year,38.69346,-123.41123,exact,rancho,pico,Granted 1846 by Pio Pico to Ernest Rufus. Present-day Sonoma County.,,,Boundary: NAHC/CNRA California Land Grants (PLSS reconstruction),
ranchos,rancho-muniz-54,,Muniz (Manuel Torres),1845,1845,year,38.51019,-123.19963,exact,rancho,pico,Granted 1845 by Pio Pico to Manuel Torres. Present-day Sonoma County.,,,Boundary: NAHC/CNRA California Land Grants (PLSS reconstruction),
ranchos,rancho-bodega-55,,Bodega (Stephen Smith),1844,1844,year,38.41061,-123.02729,exact,rancho,micheltorena,"This diseño, drawn by Jean Jacques Vioget in December 1843, accompanied Captain Stephen (Estevan) Smith's petition for Rancho Bodega on the Sonoma coast. Bodega Bay had served as the maritime port of the Russian-American Company's Fort Ross colony until the Russians withdrew in 1841, and the grant was formalized to Smith about 1844 under Governor Micheltorena. Smith is credited with introducing the first steam-powered sawmill to California.",,,Diseño (Bancroft Land Case Maps) | Boundary: NAHC/CNRA California Land Grants (PLSS reconstruction),
ranchos,rancho-canada-de-pogolimi-56,,Cañada de Pogolimi (James Dawson),1844,1844,year,38.32592,-122.86593,exact,rancho,micheltorena,Granted 1844 by Manuel Micheltorena to James Dawson. Present-day Sonoma County.,,,Boundary: NAHC/CNRA California Land Grants (PLSS reconstruction),
ranchos,rancho-blucher-57,,Blucher (Jean Jacques Vioget),1844,1844,year,38.29775,-122.90415,exact,rancho,micheltorena,Granted 1844 by Manuel Micheltorena to Jean Jacques Vioget. Present-day Marin County.,,,Diseño (Bancroft Land Case Maps) | Boundary: NAHC/CNRA California Land Grants (PLSS reconstruction),
ranchos,rancho-canada-de-jonive-58,,Cañada de Jonive (James Black),1845,1845,year,38.4121,-122.8613,exact,rancho,pico,Granted 1845 by Pio Pico to James Black. Present-day Sonoma County.,,,Diseño (Bancroft Land Case Maps) | Boundary: NAHC/CNRA California Land Grants (PLSS reconstruction),
ranchos,rancho-los-molinos-59,,Los Molinos (John B. R. Cooper),1833,1833,year,38.47709,-122.84819,exact,rancho,figueroa,Granted 1833 by Jose Figueroa to John B. R. Cooper. Present-day Sonoma County.,,,Diseño (Bancroft Land Case Maps) | Boundary: NAHC/CNRA California Land Grants (PLSS reconstruction),
ranchos,rancho-cabeza-de-santa-rosa-60,,Cabeza de Santa Rosa (Maria Ygnacia Lopez),1841,1841,year,38.45535,-122.69047,exact,rancho,alvarado,"Rancho Cabeza de Santa Rosa was granted in 1841 to Maria Ignacia Lopez de Carrillo, the widowed mother-in-law of Mariano Guadalupe Vallejo. The rancho encompassed the site of present-day Santa Rosa.",,,Diseño (Bancroft Land Case Maps) | Boundary: NAHC/CNRA California Land Grants (PLSS reconstruction),
ranchos,rancho-roblar-de-la-miseria-61,,Roblar de la Miseria (Juan Nepomuceno Padilla),1845,1845,year,38.29688,-122.7013,exact,rancho,pico,Granted 1845 by Pio Pico to Juan Nepomuceno Padilla. Present-day Sonoma County.,,,Diseño (Bancroft Land Case Maps) | Boundary: NAHC/CNRA California Land Grants (PLSS reconstruction),
ranchos,rancho-cotate-62,,Cotate (Juan Casteneda),1844,1844,year,38.34179,-122.64326,exact,rancho,micheltorena,Granted 1844 by Manuel Micheltorena to Juan Casteneda. Present-day Sonoma County.,,,Boundary: NAHC/CNRA California Land Grants (PLSS reconstruction),
ranchos,rancho-laguna-de-san-antonio-63,,Laguna de San Antonio (Bartoleme Bojorquez),1845,1845,year,38.22449,-122.70143,exact,rancho,pico,Granted 1845 by Pio Pico to Bartoleme Bojorquez. Present-day Marin County.,,,Diseño (Bancroft Land Case Maps) | Boundary: NAHC/CNRA California Land Grants (PLSS reconstruction),
ranchos,rancho-llano-de-santa-rosa-64,,Llano de Santa Rosa (Joaquin Carrillo),1844,1844,year,38.4052,-122.73944,exact,rancho,micheltorena,Granted 1844 by Manuel Micheltorena to Joaquin Carrillo. Present-day Sonoma County.,,,Diseño (Bancroft Land Case Maps) | Boundary: NAHC/CNRA California Land Grants (PLSS reconstruction),
ranchos,rancho-san-miguel-65,,San Miguel (William Marcus West),1840,1840,year,38.45838,-122.78341,exact,rancho,alvarado,Granted 1840 by Juan Alvarado to William Marcus West. Present-day Sonoma County.,,,Diseño (Bancroft Land Case Maps) | Boundary: NAHC/CNRA California Land Grants (PLSS reconstruction),
ranchos,rancho-mallacomes-66,,Mallacomes (José de los Santos Berreyesa),1843,1843,year,38.65679,-122.69836,exact,rancho,micheltorena,Granted 1843 by Manuel Micheltorena to José de los Santos Berreyesa. Present-day Napa County.,,,Diseño (Bancroft Land Case Maps) | Boundary: NAHC/CNRA California Land Grants (PLSS reconstruction),
ranchos,rancho-mallacomes-67,,Mallacomes (José de los Santos Berreyesa),1843,1843,year,38.63496,-122.66968,exact,rancho,micheltorena,Granted 1843 by Manuel Micheltorena to José de los Santos Berreyesa. Present-day Napa County.,,,Diseño (Bancroft Land Case Maps) | Boundary: NAHC/CNRA California Land Grants (PLSS reconstruction),
ranchos,rancho-mallacomes-68,,Mallacomes (José de los Santos Berreyesa),1843,1843,year,38.61239,-122.61937,exact,rancho,micheltorena,Granted 1843 by Manuel Micheltorena to José de los Santos Berreyesa. Present-day Napa County.,,,Diseño (Bancroft Land Case Maps) | Boundary: NAHC/CNRA California Land Grants (PLSS reconstruction),
ranchos,rancho-caymus-69,,Caymus (George C. Yount),1836,1836,year,38.46439,-122.38014,exact,rancho,interim,Granted 1836 by Nicolas Gutierrez to George C. Yount. Present-day Napa County.,,,Diseño (Bancroft Land Case Maps) | Boundary: NAHC/CNRA California Land Grants (PLSS reconstruction),
ranchos,rancho-carne-humana-70,,Carne Humana (Edward Turner Bale),1841,1841,year,38.54323,-122.5015,exact,rancho,alvarado,Granted 1841 by Juan Alvarado to Edward Turner Bale. Present-day Napa County.,,,Diseño (Bancroft Land Case Maps) | Boundary: NAHC/CNRA California Land Grants (PLSS reconstruction),
ranchos,rancho-los-guilicos-71,,Los Guilicos (John Wilson),1837,1837,year,38.42883,-122.56146,exact,rancho,alvarado,Granted 1837 by Juan Alvarado to John Wilson. Present-day Sonoma County.,,,Diseño (Bancroft Land Case Maps) | Boundary: NAHC/CNRA California Land Grants (PLSS reconstruction),
ranchos,rancho-las-putas-72,,Las Putas (Jose de Jesus Berreyesa and Sexto Berreyesa),1843,1843,year,38.60592,-122.21868,exact,rancho,micheltorena,Granted 1843 by Manuel Micheltorena to Jose de Jesus Berreyesa and Sexto Berreyesa. Present-day Napa County.,,,Diseño (Bancroft Land Case Maps) | Boundary: NAHC/CNRA California Land Grants (PLSS reconstruction),
ranchos,rancho-la-jota-73,,La Jota (George C. Yount),1843,1843,year,38.58038,-122.40089,exact,rancho,micheltorena,Granted 1843 by Manuel Micheltorena to George C. Yount. Present-day Napa County.,,,Boundary: NAHC/CNRA California Land Grants (PLSS reconstruction),
ranchos,rancho-locoallomi-74,,Locoallomi (William (Julien) Pope),1841,1841,year,38.62667,-122.3909,exact,rancho,alvarado,Granted 1841 by Manuel Jimeno to William (Julien) Pope. Present-day Napa County.,,,Boundary: NAHC/CNRA California Land Grants (PLSS reconstruction),
ranchos,rancho-entre-napa-75,,Entre Napa (Nicolas Higuera),1836,1836,year,38.24718,-122.27553,exact,rancho,interim,Granted 1836 by Mariano Chico to Nicolas Higuera. Present-day Napa County.,,,Diseño (Bancroft Land Case Maps) | Boundary: NAHC/CNRA California Land Grants (PLSS reconstruction),
ranchos,rancho-tulucay-76,,Tulucay (Cayetano Juarez),1840,1840,year,38.28782,-122.23891,exact,rancho,alvarado,Granted 1840 by Manuel Jimeno to Cayetano Juarez. Present-day Napa County.,,,Diseño (Bancroft Land Case Maps) | Boundary: NAHC/CNRA California Land Grants (PLSS reconstruction),
ranchos,rancho-yajome-77,,Yajome (Damaso Antonio Rodriquez),1841,1841,year,38.37889,-122.27337,exact,rancho,alvarado,Granted 1841 by Juan Alvarado to Damaso Antonio Rodriquez. Present-day Napa County.,,,Diseño (Bancroft Land Case Maps) | Boundary: NAHC/CNRA California Land Grants (PLSS reconstruction),
ranchos,rancho-napa-78,,Napa (Salvador Vallejo),1838,1838,year,38.32663,-122.33775,exact,rancho,alvarado,Granted 1838 by Juan Alvarado to Salvador Vallejo. Present-day Napa County.,,,Boundary: NAHC/CNRA California Land Grants (PLSS reconstruction),
ranchos,rancho-napa-79,,Napa (Salvador Vallejo),1838,1838,year,38.35139,-122.27996,exact,rancho,alvarado,Granted 1838 by Juan Alvarado to Salvador Vallejo. Present-day Napa County.,,,Boundary: NAHC/CNRA California Land Grants (PLSS reconstruction),
ranchos,rancho-napa-80,,Napa (Salvador Vallejo),1838,1838,year,38.348,-122.31098,exact,rancho,alvarado,Granted 1838 by Juan Alvarado to Salvador Vallejo. Present-day Napa County.,,,Boundary: NAHC/CNRA California Land Grants (PLSS reconstruction),
ranchos,rancho-huichica-81,,Huichica (Jacob P. Leese),1841,1841,year,38.26928,-122.36898,exact,rancho,alvarado,Granted 1841 by Manuel Jimeno to Jacob P. Leese. Present-day Napa County.,,,Diseño (Bancroft Land Case Maps) | Boundary: NAHC/CNRA California Land Grants (PLSS reconstruction),
ranchos,rancho-chimiles-82,,Chimiles (Jose Ygnacio Berreyesa),1846,1846,year,38.38464,-122.13723,exact,rancho,pico,Granted 1846 by Pio Pico to Jose Ygnacio Berreyesa. Present-day Napa County.,,,Diseño (Bancroft Land Case Maps) | Boundary: NAHC/CNRA California Land Grants (PLSS reconstruction),
ranchos,rancho-suisun-83,,Suisun (Francisco Solano),1842,1842,year,38.24176,-122.06587,exact,rancho,alvarado,"Rancho Suisun, in present Solano County, was granted about 1842 to Francisco Solano (Sem-Yeto), the Patwin/Suisun chief and ally of Mariano Vallejo who was baptized under that name. It is one of the few grants made to a Native Californian, and the land later passed into Vallejo family hands.",,,Diseño (Bancroft Land Case Maps) | Boundary: NAHC/CNRA California Land Grants (PLSS reconstruction),
ranchos,rancho-catacula-84,,Catacula (Joseph B. Chiles),1844,1844,year,38.55361,-122.31767,exact,rancho,micheltorena,Granted 1844 by Manuel Micheltorena to Joseph B. Chiles. Present-day Napa County.,,,Diseño (Bancroft Land Case Maps) | Boundary: NAHC/CNRA California Land Grants (PLSS reconstruction),
ranchos,rancho-farwell-85,,Farwell (Edward Farwell),1844,1844,year,39.71939,-121.8354,exact,rancho,micheltorena,Granted 1844 by Manuel Micheltorena to Edward Farwell. Present-day Butte County.,,,Diseño (Bancroft Land Case Maps) | Boundary: NAHC/CNRA California Land Grants (PLSS reconstruction),
ranchos,rancho-arroyo-seco-86,,Arroyo Seco (Teodocio Yorba),1840,1840,year,38.33414,-120.9763,exact,rancho,alvarado,Granted 1840 by Juan Alvarado to Teodocio Yorba. Present-day Amador County.,,,Diseño (Bancroft Land Case Maps) | Boundary: NAHC/CNRA California Land Grants (PLSS reconstruction),
ranchos,rancho-sanjon-de-los-moquelumnes-87,,Sanjon de los Moquelumnes (Anastasio and María Chaboya),1844,1844,year,38.21128,-121.34235,exact,rancho,micheltorena,Granted 1844 by Manuel Micheltorena to Anastasio and María Chaboya. Present-day San Joaquin County.,,,Diseño (Bancroft Land Case Maps) | Boundary: NAHC/CNRA California Land Grants (PLSS reconstruction),
ranchos,rancho-campo-de-los-franceses-88,,Campo de los Franceses (William Gulnac),1844,1844,year,37.95272,-121.21715,exact,rancho,micheltorena,Granted 1844 by Manuel Micheltorena to William Gulnac. Present-day San Joaquin County.,,,Diseño (Bancroft Land Case Maps) | Boundary: NAHC/CNRA California Land Grants (PLSS reconstruction),
ranchos,rancho-del-rio-estanislao-89,,Del Rio Estanislao (Francisco Rico and José Castro),1843,1843,year,37.81974,-120.70296,exact,rancho,micheltorena,Granted 1843 by Manuel Micheltorena to Francisco Rico and José Castro. Present-day Stanislaus County.,,,Diseño (Bancroft Land Case Maps) | Boundary: NAHC/CNRA California Land Grants (PLSS reconstruction),
ranchos,rancho-thompson-90,,Thompson (Alpheus Basil Thompson),1846,1846,year,37.78743,-120.87107,exact,rancho,pico,Granted 1846 by Pio Pico to Alpheus Basil Thompson. Present-day Stanislaus County.,,,Diseño (Bancroft Land Case Maps) | Boundary: NAHC/CNRA California Land Grants (PLSS reconstruction),
ranchos,rancho-pescadero-91,,Pescadero (Antonio Maria Pico),1843,1843,year,37.79488,-121.43426,exact,rancho,micheltorena,Granted 1843 by Manuel Micheltorena to Antonio Maria Pico. Present-day San Joaquin County.,,,Diseño (Bancroft Land Case Maps) | Boundary: NAHC/CNRA California Land Grants (PLSS reconstruction),
ranchos,rancho-pescadero-92,,Pescadero (Antonio Maria Pico),1843,1843,year,37.637,-121.2298,exact,rancho,micheltorena,Granted 1843 by Manuel Micheltorena to Antonio Maria Pico. Present-day San Joaquin County.,,,Diseño (Bancroft Land Case Maps) | Boundary: NAHC/CNRA California Land Grants (PLSS reconstruction),
ranchos,rancho-del-puerto-93,,Del Puerto (Mariano and Pedro Hernández),1844,1844,year,37.42145,-121.05372,exact,rancho,micheltorena,Granted 1844 by Manuel Micheltorena to Mariano and Pedro Hernández. Present-day Stanislaus County.,,,Diseño (Bancroft Land Case Maps) | Boundary: NAHC/CNRA California Land Grants (PLSS reconstruction),
ranchos,rancho-rancho-orestimba-y-las-garzas-94,,Rancho Orestimba y Las Garzas (Sebastian Nunez),1844,1844,year,37.32763,-121.00062,exact,rancho,micheltorena,Granted 1844 by Manuel Micheltorena to Sebastian Nunez. Present-day Stanislaus County.,,,Boundary: NAHC/CNRA California Land Grants (PLSS reconstruction),
ranchos,rancho-yerba-buena-95,,Yerba Buena (Antonio Chaboya),1833,1833,year,37.28144,-121.75722,exact,rancho,figueroa,Granted 1833 by José Figueroa to Antonio Chaboya. Present-day Santa Clara County.,,,Diseño (Bancroft Land Case Maps) | Boundary: NAHC/CNRA California Land Grants (PLSS reconstruction),
ranchos,rancho-canada-de-pala-96,,Cañada de Pala (José de Jesús Bernal),1839,1839,year,37.35326,-121.70193,exact,rancho,alvarado,Granted 1839 by Juan Alvarado to José de Jesús Bernal. Present-day Santa Clara County.,,,Diseño (Bancroft Land Case Maps) | Boundary: NAHC/CNRA California Land Grants (PLSS reconstruction),
ranchos,rancho-laguna-seca-97,,Laguna Seca (Juan Alvires),1834,1834,year,37.19473,-121.6975,exact,rancho,figueroa,Granted 1834 by José Figueroa to Juan Alvires. Present-day Santa Clara County.,,,Diseño (Bancroft Land Case Maps) | Boundary: NAHC/CNRA California Land Grants (PLSS reconstruction),
ranchos,rancho-canada-de-san-felipe-y-las-animas-98,,Cañada de San Felipe y Las Animas (Thomas Bowen),1839,1839,year,37.22253,-121.63558,exact,rancho,alvarado,Granted 1839 by Manuel Jimeno to Thomas Bowen. Present-day Santa Clara County.,,,Boundary: NAHC/CNRA California Land Grants (PLSS reconstruction),
ranchos,rancho-las-uvas-99,,Las Uvas (Lorenzo Pineda),1842,1842,year,37.11844,-121.68939,exact,rancho,alvarado,Granted 1842 by Juan Alvarado to Lorenzo Pineda. Present-day Santa Clara County.,,,Boundary: NAHC/CNRA California Land Grants (PLSS reconstruction),
ranchos,rancho-ojo-del-agua-de-la-coche-100,,Ojo del Agua de la Coche (Juan M. Hernadez),1835,1835,year,37.12597,-121.65219,exact,rancho,figueroa,Granted 1835 by José Figueroa to Juan M. Hernadez. Present-day Santa Clara County.,,,Boundary: NAHC/CNRA California Land Grants (PLSS reconstruction),
ranchos,rancho-monte-del-diablo-101,,Monte del Diablo (Salvio Pacheco),1834,1834,year,37.99252,-122.02284,exact,rancho,figueroa,Granted 1834 by José Figueroa to Salvio Pacheco. Present-day Contra Costa County.,,,Diseño (Bancroft Land Case Maps) | Boundary: NAHC/CNRA California Land Grants (PLSS reconstruction),
ranchos,rancho-san-ramon-102,,San Ramon (Jose Maria Amador),1834,1834,year,37.74541,-121.91507,exact,rancho,figueroa,Granted 1834 by José Figueroa to Jose Maria Amador. Present-day Contra Costa County.,,,Diseño (Bancroft Land Case Maps) | Boundary: NAHC/CNRA California Land Grants (PLSS reconstruction),
ranchos,rancho-santa-rita-103,,Santa Rita (Jose Pacheco),1839,1839,year,37.68755,-121.84355,exact,rancho,alvarado,Granted 1839 by Juan Alvarado to Jose Pacheco. Present-day Alameda County.,,,Diseño (Bancroft Land Case Maps) | Boundary: NAHC/CNRA California Land Grants (PLSS reconstruction),
ranchos,rancho-agua-caliente-104,,Agua Caliente (Fulgencio Higuera),1839,1839,year,37.47111,-121.90591,exact,rancho,alvarado,Granted 1839 by Juan Alvarado to Fulgencio Higuera. Present-day Alameda County.,,,Diseño (Bancroft Land Case Maps) | Boundary: NAHC/CNRA California Land Grants (PLSS reconstruction),
ranchos,rancho-pastoria-de-las-borregas-105,,Pastoria de las Borregas (Francisco Estrada),1842,1842,year,37.3945,-122.02806,exact,rancho,alvarado,Granted 1842 by Juan Alvarado to Francisco Estrada. Present-day Santa Clara County.,,,Diseño (Bancroft Land Case Maps) | Boundary: NAHC/CNRA California Land Grants (PLSS reconstruction),
ranchos,rancho-potrero-de-santa-clara-106,,Potrero de Santa Clara (James Alexander Forbes),1844,1844,year,37.32332,-121.88623,exact,rancho,micheltorena,Granted 1844 by Manuel Micheltorena to James Alexander Forbes. Present-day Santa Clara County.,,,Boundary: NAHC/CNRA California Land Grants (PLSS reconstruction),
ranchos,rancho-san-juan-bautista-107,,San Juan Bautista (Jose Narvaez),1844,1844,year,37.29024,-121.86627,exact,rancho,micheltorena,Granted 1844 by Manuel Micheltorena to Jose Narvaez. Present-day Santa Clara County.,,,Diseño (Bancroft Land Case Maps) | Boundary: NAHC/CNRA California Land Grants (PLSS reconstruction),
ranchos,rancho-rinconada-de-los-gatos-108,,Rinconada de Los Gatos (Jose Maria Hernandez and Sebastian Fabian Peralta),1839,1839,year,37.26359,-121.95383,exact,rancho,alvarado,Granted 1839 by Juan Alvarado to Jose Maria Hernandez and Sebastian Fabian Peralta. Present-day Santa Clara County.,,,Diseño (Bancroft Land Case Maps) | Boundary: NAHC/CNRA California Land Grants (PLSS reconstruction),
ranchos,rancho-rancho-san-antonio-de-padua-109,,Rancho San Antonio de Padua (Juan Prado Mesa),1839,1839,year,37.3563,-122.09093,exact,rancho,alvarado,Granted 1839 by Juan Alvarado to Juan Prado Mesa. Present-day Santa Clara County.,,,Boundary: NAHC/CNRA California Land Grants (PLSS reconstruction),
ranchos,rancho-rancho-san-antonio-de-padua-110,,Rancho San Antonio de Padua (Juan Prado Mesa),1839,1839,year,37.33685,-122.06665,exact,rancho,alvarado,Granted 1839 by Juan Alvarado to Juan Prado Mesa. Present-day Santa Clara County.,,,Boundary: NAHC/CNRA California Land Grants (PLSS reconstruction),
ranchos,rancho-corte-de-madera-111,,Corte de Madera (Maximo Martinez),1844,1844,year,37.38656,-122.21728,exact,rancho,micheltorena,Granted 1844 by Manuel Micheltorena to Maximo Martinez. Present-day Santa Clara County.,,,Diseño (Bancroft Land Case Maps) | Boundary: NAHC/CNRA California Land Grants (PLSS reconstruction),
ranchos,rancho-canada-de-verde-y-arroyo-de-la-purisima-112,,Cañada de Verde y Arroyo de la Purisima (José María Alviso),1838,1838,year,37.40675,-122.3568,exact,rancho,alvarado,Granted 1838 by Juan Alvarado to José María Alviso. Present-day San Mateo County.,,,Diseño (Bancroft Land Case Maps) | Boundary: NAHC/CNRA California Land Grants (PLSS reconstruction),
ranchos,rancho-san-gregorio-113,,San Gregorio (Antonio Buelna),1839,1839,year,37.33931,-122.33199,exact,rancho,alvarado,Granted 1839 by Juan Alvarado to Antonio Buelna. Present-day San Mateo County.,,,Diseño (Bancroft Land Case Maps) | Boundary: NAHC/CNRA California Land Grants (PLSS reconstruction),
ranchos,rancho-canada-de-raymundo-114,,Cañada de Raymundo (John Coppinger),1840,1840,year,37.44353,-122.28125,exact,rancho,alvarado,Granted 1840 by Juan Alvarado to John Coppinger. Present-day San Mateo County.,,,Diseño (Bancroft Land Case Maps) | Boundary: NAHC/CNRA California Land Grants (PLSS reconstruction),
ranchos,rancho-las-pulgas-115,,Las Pulgas (José Dario Argüello and Luis Antonio Argüello),1795,1795,year,37.4859,-122.18767,exact,rancho,spanish,Granted 1795 by Diego de Borica to José Dario Argüello and Luis Antonio Argüello. Present-day San Mateo County.,,,Diseño (Bancroft Land Case Maps) | Boundary: NAHC/CNRA California Land Grants (PLSS reconstruction),
ranchos,rancho-san-mateo-116,,San Mateo (Cayetano Arenas),1846,1846,year,37.57902,-122.31772,exact,rancho,pico,Granted 1846 by Pio Pico to Cayetano Arenas. Present-day San Mateo County.,,,Diseño (Bancroft Land Case Maps) | Boundary: NAHC/CNRA California Land Grants (PLSS reconstruction),
ranchos,rancho-rincon-de-las-salinas-y-potrero-viejo-117,,Rincon de las Salinas y Potrero Viejo (Cornelio Bernal),1839,1839,year,37.74102,-122.41591,exact,rancho,alvarado,Granted 1839 by Manuel Jimeno to Cornelio Bernal. Present-day San Francisco County.,,,Diseño (Bancroft Land Case Maps) | Boundary: NAHC/CNRA California Land Grants (PLSS reconstruction),
ranchos,rancho-san-pedro-santa-margarita-y-las-gallinas-118,,San Pedro; Santa Margarita y Las Gallinas (Timothy Murphy),1844,1844,year,38.01783,-122.51207,exact,rancho,micheltorena,Granted 1844 by Manuel Micheltorena to Timothy Murphy. Present-day Marin County.,,,Diseño (Bancroft Land Case Maps) | Boundary: NAHC/CNRA California Land Grants (PLSS reconstruction),
ranchos,rancho-san-jose-119,,San Jose (Ygnacio Pacheco),1840,1840,year,38.07279,-122.52602,exact,rancho,alvarado,Granted 1840 by Juan Alvarado to Ygnacio Pacheco. Present-day Marin County.,,,Diseño (Bancroft Land Case Maps) | Boundary: NAHC/CNRA California Land Grants (PLSS reconstruction),
ranchos,rancho-nicasio-120,,Nicasio (Pablo de la Guerra and John B.R. Cooper),1844,1844,year,38.05618,-122.69531,exact,rancho,micheltorena,"Rancho Nicasio was one of the largest land grants in Marin County, laid out on lands formerly attached to Mission San Rafael Arcangel following secularization. Its diseño depicts the interior hill country west of San Rafael.",,,Diseño (Bancroft Land Case Maps) | Boundary: NAHC/CNRA California Land Grants (PLSS reconstruction),
ranchos,rancho-nicasio-121,,Nicasio (Pablo de la Guerra and John B.R. Cooper),1844,1844,year,38.09581,-122.64994,exact,rancho,micheltorena,"Rancho Nicasio was one of the largest land grants in Marin County, laid out on lands formerly attached to Mission San Rafael Arcangel following secularization. Its diseño depicts the interior hill country west of San Rafael.",,,Diseño (Bancroft Land Case Maps) | Boundary: NAHC/CNRA California Land Grants (PLSS reconstruction),
ranchos,rancho-corte-madera-de-novato-122,,Corte Madera de Novato (John (Juan) Martin),1839,1839,year,38.14758,-122.63203,exact,rancho,alvarado,Granted 1839 by Juan Alvarado to John (Juan) Martin. Present-day Marin County.,,,Diseño (Bancroft Land Case Maps) | Boundary: NAHC/CNRA California Land Grants (PLSS reconstruction),
ranchos,rancho-nicasio-123,,Nicasio (Pablo de la Guerra and John B.R. Cooper),1844,1844,year,38.2085,-122.85794,exact,rancho,micheltorena,"Rancho Nicasio was one of the largest land grants in Marin County, laid out on lands formerly attached to Mission San Rafael Arcangel following secularization. Its diseño depicts the interior hill country west of San Rafael.",,,Diseño (Bancroft Land Case Maps) | Boundary: NAHC/CNRA California Land Grants (PLSS reconstruction),
ranchos,rancho-nicasio-124,,Nicasio (Pablo de la Guerra and John B.R. Cooper),1844,1844,year,38.10189,-122.78017,exact,rancho,micheltorena,"Rancho Nicasio was one of the largest land grants in Marin County, laid out on lands formerly attached to Mission San Rafael Arcangel following secularization. Its diseño depicts the interior hill country west of San Rafael.",,,Diseño (Bancroft Land Case Maps) | Boundary: NAHC/CNRA California Land Grants (PLSS reconstruction),
ranchos,rancho-nicasio-125,,Nicasio (Pablo de la Guerra and John B.R. Cooper),1844,1844,year,38.14318,-122.82183,exact,rancho,micheltorena,"Rancho Nicasio was one of the largest land grants in Marin County, laid out on lands formerly attached to Mission San Rafael Arcangel following secularization. Its diseño depicts the interior hill country west of San Rafael.",,,Diseño (Bancroft Land Case Maps) | Boundary: NAHC/CNRA California Land Grants (PLSS reconstruction),
ranchos,rancho-las-baulines-126,,Las Baulines (Gregorio Briones),1846,1846,year,37.92938,-122.68345,exact,rancho,pico,Granted 1846 by Pio Pico to Gregorio Briones. Present-day Marin County.,,,Diseño (Bancroft Land Case Maps) | Boundary: NAHC/CNRA California Land Grants (PLSS reconstruction),
ranchos,rancho-punta-de-los-reyes-127,,Punta de los Reyes (James Richard Berry),1836,1836,year,38.08809,-122.83307,exact,rancho,interim,"This diseño maps the Point Reyes peninsula on the outer Marin coast, granted during the Mexican period. The Point Reyes ranchos later became the subject of extended United States land litigation before passing into large-scale dairy operations.",,,Diseño (Bancroft Land Case Maps) | Boundary: NAHC/CNRA California Land Grants (PLSS reconstruction),
ranchos,rancho-punta-de-los-reyes-sobrante-128,,Punta de los Reyes Sobrante (Antonio Maria Osio),1843,1843,year,38.07219,-122.87026,exact,rancho,micheltorena,Granted 1843 by Manuel Micheltorena to Antonio Maria Osio. Present-day Marin County.,,,Boundary: NAHC/CNRA California Land Grants (PLSS reconstruction),
ranchos,rancho-punta-del-ano-nuevo-129,,Punta del Año Nuevo (Simeon Castro),1842,1842,year,37.20513,-122.34718,exact,rancho,alvarado,Granted 1842 by Juan Alvarado to Simeon Castro. Present-day San Mateo County.,,,Diseño (Bancroft Land Case Maps) | Boundary: NAHC/CNRA California Land Grants (PLSS reconstruction),
ranchos,rancho-san-agustin-130,,San Agustin (José Antonio Bolcoff),1833,1833,year,37.05017,-122.0663,exact,rancho,figueroa,Granted 1833 by José Figueroa to José Antonio Bolcoff. Present-day Santa Cruz County.,,,Boundary: NAHC/CNRA California Land Grants (PLSS reconstruction),
ranchos,rancho-refugio-131,,Refugio (María Candida; Jacinta; and María de los Angeles Castro),1839,1839,year,36.98273,-122.0716,exact,rancho,alvarado,Granted 1839 by Juan Alvarado to María Candida; Jacinta; and María de los Angeles Castro. Present-day Santa Cruz County.,,,Diseño (Bancroft Land Case Maps) | Boundary: NAHC/CNRA California Land Grants (PLSS reconstruction),
ranchos,rancho-canada-del-rincon-en-el-rio-de-san-lorenzo-de-sa-132,,Canada del Rincon en el Rio de San Lorenzo de Santa Cruz (Pedro Sansevain),1843,1843,year,37.07133,-122.01748,exact,rancho,micheltorena,Granted 1843 by Manuel Micheltorena to Pedro Sansevain. Present-day Santa Cruz County.,,,Diseño (Bancroft Land Case Maps) | Boundary: NAHC/CNRA California Land Grants (PLSS reconstruction),
ranchos,rancho-san-francisco-de-las-llagas-133,,San Francisco de las Llagas (Carlos Castro),1834,1834,year,37.08827,-121.59892,exact,rancho,figueroa,Granted 1834 by José Figueroa to Carlos Castro. Present-day Santa Clara County.,,,Diseño (Bancroft Land Case Maps) | Boundary: NAHC/CNRA California Land Grants (PLSS reconstruction),
ranchos,rancho-solis-134,,Solis (Mariano Castro),1831,1831,year,37.03813,-121.64315,exact,rancho,figueroa,Granted 1831 by Jose Figueroa to Mariano Castro. Present-day Santa Clara County.,,,Diseño (Bancroft Land Case Maps) | Boundary: NAHC/CNRA California Land Grants (PLSS reconstruction),
ranchos,rancho-la-polka-135,,La Polka (Ysabel Ortega),1833,1833,year,37.06512,-121.52269,exact,rancho,figueroa,Granted 1833 by José Figueroa to Ysabel Ortega. Present-day Santa Clara County.,,,Diseño (Bancroft Land Case Maps) | Boundary: NAHC/CNRA California Land Grants (PLSS reconstruction),
ranchos,rancho-soquel-136,,Soquel (Martina Castro),1833,1833,year,36.98992,-121.95281,exact,rancho,figueroa,Granted 1833 by José Figueroa to Martina Castro. Present-day Santa Cruz County.,,,Diseño (Bancroft Land Case Maps) | Boundary: NAHC/CNRA California Land Grants (PLSS reconstruction),
ranchos,rancho-aptos-137,,Aptos (Rafael Castro),1833,1833,year,36.98174,-121.87889,exact,rancho,figueroa,Granted 1833 by José Figueroa to Rafael Castro. Present-day Santa Cruz County.,,,Diseño (Bancroft Land Case Maps) | Boundary: NAHC/CNRA California Land Grants (PLSS reconstruction),
ranchos,rancho-soquel-138,,Soquel (Martina Castro),1833,1833,year,37.04562,-121.90841,exact,rancho,figueroa,Granted 1833 by José Figueroa to Martina Castro. Present-day Santa Cruz County.,,,Diseño (Bancroft Land Case Maps) | Boundary: NAHC/CNRA California Land Grants (PLSS reconstruction),
ranchos,rancho-san-andres-139,,San Andrés (José Joaquín Castro),1833,1833,year,36.92649,-121.81705,exact,rancho,figueroa,Granted 1833 by José Figueroa to José Joaquín Castro. Present-day Santa Cruz County.,,,Diseño (Bancroft Land Case Maps) | Boundary: NAHC/CNRA California Land Grants (PLSS reconstruction),
ranchos,rancho-bolsa-del-pajaro-140,,Bolsa del Pajaro (Sebastian Rodriguez),1837,1837,year,36.90846,-121.77038,exact,rancho,alvarado,Granted 1837 by Juan Alvarado to Sebastian Rodriguez. Present-day Santa Cruz County.,,,Diseño (Bancroft Land Case Maps) | Boundary: NAHC/CNRA California Land Grants (PLSS reconstruction),
ranchos,rancho-salsipuedes-141,,Salsipuedes (Manuel Jimeno Casarin),1834,1834,year,36.95625,-121.68202,exact,rancho,figueroa,Granted 1834 by José Figueroa to Manuel Jimeno Casarin. Present-day Santa Cruz County.,,,Diseño (Bancroft Land Case Maps) | Boundary: NAHC/CNRA California Land Grants (PLSS reconstruction),
ranchos,rancho-bolsa-de-san-cayetano-142,,Bolsa de San Cayetano (Ygnacio Vallejo),1824,1824,year,36.89036,-121.7303,exact,rancho,echeandia,Granted 1824 by Luís Antonio Argüello to Ygnacio Vallejo. Present-day Monterey County.,,,Diseño (Bancroft Land Case Maps) | Boundary: NAHC/CNRA California Land Grants (PLSS reconstruction),
ranchos,rancho-vega-del-rio-del-pajaro-143,,Vega del Rio del Pajaro (Antonio Maria Castro),1821,1821,year,36.90526,-121.66461,exact,rancho,spanish,Granted 1821 by Pablo Vicente de Solá to Antonio Maria Castro. Present-day Monterey County.,,,Diseño (Bancroft Land Case Maps) | Boundary: NAHC/CNRA California Land Grants (PLSS reconstruction),
ranchos,rancho-las-aromitas-y-agua-caliente-144,,Las Aromitas y Agua Caliente (Juan Miguel Anzar),1835,1835,year,36.90536,-121.60505,exact,rancho,interim,Granted 1835 by José Castro to Juan Miguel Anzar. Present-day San Benito County.,,,Diseño (Bancroft Land Case Maps) | Boundary: NAHC/CNRA California Land Grants (PLSS reconstruction),
ranchos,rancho-los-carneros-145,,Los Carneros (María Antonia Linares),1842,1842,year,36.84705,-121.5966,exact,rancho,alvarado,Granted 1842 by Juan Alvarado to María Antonia Linares. Present-day Monterey County.,,,Diseño (Bancroft Land Case Maps) | Boundary: NAHC/CNRA California Land Grants (PLSS reconstruction),
ranchos,rancho-lomerias-muertas-146,,Lomerias Muertas (José Castro),1842,1842,year,36.89873,-121.52164,exact,rancho,alvarado,Granted 1842 by Juan Alvarado to José Castro. Present-day San Benito County.,,,Diseño (Bancroft Land Case Maps) | Boundary: NAHC/CNRA California Land Grants (PLSS reconstruction),
ranchos,rancho-san-justo-147,,San Justo (José Castro),1839,1839,year,36.84971,-121.43762,exact,rancho,alvarado,Granted 1839 by Juan Alvarado to José Castro. Present-day San Benito County.,,,Diseño (Bancroft Land Case Maps) | Boundary: NAHC/CNRA California Land Grants (PLSS reconstruction),
ranchos,rancho-el-alisal-148,,El Alisal (Feliciano Soberanes),1834,1834,year,36.67067,-121.53878,exact,rancho,figueroa,Granted 1834 by José Figueroa to Feliciano Soberanes. Present-day Monterey County.,,,Diseño (Bancroft Land Case Maps) | Boundary: NAHC/CNRA California Land Grants (PLSS reconstruction),
ranchos,rancho-sausal-149,,Sausal (Jose Tiburcio Castro),1834,1834,year,36.72022,-121.61892,exact,rancho,figueroa,Granted 1834 by José Figueroa to Jose Tiburcio Castro. Present-day Monterey County.,,,Diseño (Bancroft Land Case Maps) | Boundary: NAHC/CNRA California Land Grants (PLSS reconstruction),
ranchos,rancho-el-alisal-150,,El Alisal (Feliciano Soberanes),1834,1834,year,36.69582,-121.56832,exact,rancho,figueroa,Granted 1834 by José Figueroa to Feliciano Soberanes. Present-day Monterey County.,,,Diseño (Bancroft Land Case Maps) | Boundary: NAHC/CNRA California Land Grants (PLSS reconstruction),
ranchos,rancho-llano-de-buena-vista-151,,Llano de Buena Vista (José Mariano Estrada),1823,1823,year,36.64298,-121.61029,exact,rancho,echeandia,Granted 1823 by Luís Antonio Argüello to José Mariano Estrada. Present-day Monterey County.,,,Boundary: NAHC/CNRA California Land Grants (PLSS reconstruction),
ranchos,rancho-las-salinas-152,,Las Salinas (Gabriel Espinoza),1836,1836,year,36.70172,-121.7351,exact,rancho,interim,Granted 1836 by Nicolás Gutiérrez to Gabriel Espinoza. Present-day Monterey County.,,,Diseño (Bancroft Land Case Maps) | Boundary: NAHC/CNRA California Land Grants (PLSS reconstruction),
ranchos,rancho-bolsa-del-potrero-y-moro-cojo-153,,Bolsa del Potrero y Moro Cojo (Joaquín de la Torre),1844,1844,year,36.75377,-121.7485,exact,rancho,micheltorena,Granted 1844 by Manuel Micheltorena to Joaquín de la Torre. Present-day Monterey County.,,,Diseño (Bancroft Land Case Maps) | Boundary: NAHC/CNRA California Land Grants (PLSS reconstruction),
ranchos,rancho-rincon-de-sanjon-154,,Rincon de Sanjon (Jose Eusebio Boronda),1840,1840,year,36.7164,-121.68824,exact,rancho,alvarado,Granted 1840 by Juan Alvarado to Jose Eusebio Boronda. Present-day Monterey County.,,,Diseño (Bancroft Land Case Maps) | Boundary: NAHC/CNRA California Land Grants (PLSS reconstruction),
ranchos,rancho-laguna-seca-155,,Laguna Seca (Catalina M. Munras),1834,1834,year,36.60411,-121.68572,exact,rancho,figueroa,Granted 1834 by José Figueroa to Catalina M. Munras. Present-day Monterey County.,,,Diseño (Bancroft Land Case Maps) | Boundary: NAHC/CNRA California Land Grants (PLSS reconstruction),
ranchos,rancho-el-toro-156,,El Toro (José Ramón Estrada),1835,1835,year,36.58351,-121.77608,exact,rancho,interim,Granted 1835 by José Castro to José Ramón Estrada. Present-day Monterey County.,,,Boundary: NAHC/CNRA California Land Grants (PLSS reconstruction),
ranchos,rancho-arroyo-seco-157,,Arroyo Seco (Joaquín de la Torre),1840,1840,year,36.59158,-121.82595,exact,rancho,alvarado,Granted 1840 by Juan Alvarado to Joaquín de la Torre. Present-day Monterey County.,,,Diseño (Bancroft Land Case Maps) | Boundary: NAHC/CNRA California Land Grants (PLSS reconstruction),
ranchos,rancho-saucito-158,,Saucito (Graciano Manjares),1833,1833,year,36.62805,-121.81789,exact,rancho,figueroa,Granted 1833 by José Figueroa to Graciano Manjares. Present-day Monterey County.,,,Boundary: NAHC/CNRA California Land Grants (PLSS reconstruction),
ranchos,rancho-canada-de-la-segunda-159,,Cañada de la Segunda (Lazaro Soto),1839,1839,year,36.55008,-121.86526,exact,rancho,interim,Granted 1839 by José Castro to Lazaro Soto. Present-day Monterey County.,,,Diseño (Bancroft Land Case Maps) | Boundary: NAHC/CNRA California Land Grants (PLSS reconstruction),
ranchos,rancho-potrero-de-san-carlos-160,,Potrero de San Carlos (Fructuoso del Real),1839,1839,year,36.53238,-121.85572,exact,rancho,alvarado,Granted 1839 by Juan Alvarado to Fructuoso del Real. Present-day Monterey County.,,,Diseño (Bancroft Land Case Maps) | Boundary: NAHC/CNRA California Land Grants (PLSS reconstruction),
ranchos,rancho-san-francisquito-161,,San Francisquito (Catalina Manzaneli de Munras),1835,1835,year,36.50018,-121.82422,exact,rancho,interim,Granted 1835 by José Castro to Catalina Manzaneli de Munras. Present-day Monterey County.,,,Diseño (Bancroft Land Case Maps) | Boundary: NAHC/CNRA California Land Grants (PLSS reconstruction),
ranchos,rancho-santa-ana-y-quien-sabe-162,,Santa Ana y Quien Sabe (Francisco Negrete),1839,1839,year,36.85129,-121.24614,exact,rancho,alvarado,Granted 1839 by Juan Alvarado to Francisco Negrete. Present-day San Benito County.,,,Diseño (Bancroft Land Case Maps) | Boundary: NAHC/CNRA California Land Grants (PLSS reconstruction),
ranchos,rancho-real-de-los-aguilas-163,,Real de los Aguilas (Francisco Arias and Saturnino Carriaga),1844,1844,year,36.7471,-121.06696,exact,rancho,micheltorena,Granted 1844 by Manuel Micheltorena to Francisco Arias and Saturnino Carriaga. Present-day San Benito County.,,,Boundary: NAHC/CNRA California Land Grants (PLSS reconstruction),
ranchos,rancho-sanjon-de-santa-rita-164,,Sanjon de Santa Rita (Francisco Soberanes),1841,1841,year,37.12304,-120.6659,exact,rancho,alvarado,Granted 1841 by Juan Alvarado to Francisco Soberanes. Present-day Merced County.,,,Boundary: NAHC/CNRA California Land Grants (PLSS reconstruction),
ranchos,rancho-las-mariposas-165,,Las Mariposas (J B Alvarado),1844,1844,year,37.50514,-120.05162,exact,rancho,micheltorena,"This diseño of the floating grant Las Mariposas is certified by former governor Juan Bautista Alvarado, to whom the grant was made in 1844. Alvarado sold it to John C. Fremont in 1847, and it became extraordinarily valuable in the Gold Rush and the subject of the 1855 Supreme Court case Fremont v. United States.",,,Diseño (Bancroft Land Case Maps) | Boundary: NAHC/CNRA California Land Grants (PLSS reconstruction),
ranchos,rancho-laguna-de-tache-166,,Laguna de Tache (Manuel Castro),1846,1846,year,36.44372,-119.69376,exact,rancho,pico,Granted 1846 by Pio Pico to Manuel Castro. Present-day Fresno County.,,,Diseño (Bancroft Land Case Maps) | Boundary: NAHC/CNRA California Land Grants (PLSS reconstruction),
ranchos,rancho-cholame-167,,Cholame (Mauricio Gonzales),1844,1844,year,35.8176,-120.3002,exact,rancho,micheltorena,Granted 1844 by Manuel Micheltorena to Mauricio Gonzales. Present-day San Luis Obispo County.,,,Boundary: NAHC/CNRA California Land Grants (PLSS reconstruction),
ranchos,rancho-huerhuero-168,,Huerhuero (Mariano Bonilla),1842,1842,year,35.54049,-120.52474,exact,rancho,alvarado,Granted 1842 by Juan Alvarado to Mariano Bonilla. Present-day San Luis Obispo County.,,,Diseño (Bancroft Land Case Maps) | Boundary: NAHC/CNRA California Land Grants (PLSS reconstruction),
ranchos,rancho-atascadero-169,,Atascadero (Trifon Garcia),1842,1842,year,35.48726,-120.66394,exact,rancho,alvarado,Granted 1842 by Juan Alvarado to Trifon Garcia. Present-day San Luis Obispo County.,,,Diseño (Bancroft Land Case Maps) | Boundary: NAHC/CNRA California Land Grants (PLSS reconstruction),
ranchos,rancho-santa-margarita-170,,Santa Margarita (Joaquin Estrada),1841,1841,year,35.39533,-120.59812,exact,rancho,alvarado,Granted 1841 by Manuel Jimeno to Joaquin Estrada. Present-day San Luis Obispo County.,,,Diseño (Bancroft Land Case Maps) | Boundary: NAHC/CNRA California Land Grants (PLSS reconstruction),
ranchos,rancho-laguna-alemany-171,,Laguna (Alemany) (Francisco García Diego y Moreno),1844,1844,year,35.27424,-120.69746,exact,rancho,micheltorena,Granted 1844 by Manuel Micheltorena to Francisco García Diego y Moreno. Present-day San Luis Obispo County.,,,Boundary: NAHC/CNRA California Land Grants (PLSS reconstruction),
ranchos,rancho-el-chorro-172,,El Chorro (John Wilson and James Scott),1845,1845,year,35.32048,-120.71687,exact,rancho,pico,Granted 1845 by Pio Pico to John Wilson and James Scott. Present-day San Luis Obispo County.,,,Diseño (Bancroft Land Case Maps) | Boundary: NAHC/CNRA California Land Grants (PLSS reconstruction),
ranchos,rancho-san-luisito-173,,San Luisito (Guadalupe Cantua),1841,1841,year,35.36377,-120.77254,exact,rancho,alvarado,Granted 1841 by Juan Alvarado to Guadalupe Cantua. Present-day San Luis Obispo County.,,,Diseño (Bancroft Land Case Maps) | Boundary: NAHC/CNRA California Land Grants (PLSS reconstruction),
ranchos,rancho-san-bernardo-174,,San Bernardo (Vicente Canet),1840,1840,year,35.37816,-120.79836,exact,rancho,alvarado,Granted 1840 by Juan Alvarado to Vicente Canet. Present-day San Luis Obispo County.,,,Diseño (Bancroft Land Case Maps) | Boundary: NAHC/CNRA California Land Grants (PLSS reconstruction),
ranchos,rancho-paso-de-robles-175,,Paso de Robles (Pedro Narváez),1844,1844,year,35.60825,-120.73168,exact,rancho,micheltorena,Granted 1844 by Manuel Micheltorena to Pedro Narváez. Present-day San Luis Obispo County.,,,Diseño (Bancroft Land Case Maps) | Boundary: NAHC/CNRA California Land Grants (PLSS reconstruction),
ranchos,rancho-santa-ysabel-176,,Santa Ysabel (Francisco Arce),1844,1844,year,35.61655,-120.67319,exact,rancho,micheltorena,Granted 1844 by Manuel Micheltorena to Francisco Arce. Present-day San Luis Obispo County.,,,Diseño (Bancroft Land Case Maps) | Boundary: NAHC/CNRA California Land Grants (PLSS reconstruction),
ranchos,rancho-santa-rosa-177,,Santa Rosa (Julian Estrada),1841,1841,year,35.54738,-121.06188,exact,rancho,alvarado,"Rancho Cabeza de Santa Rosa was granted in 1841 to Maria Ignacia Lopez de Carrillo, the widowed mother-in-law of Mariano Guadalupe Vallejo. The rancho encompassed the site of present-day Santa Rosa.",,,Diseño (Bancroft Land Case Maps) | Boundary: NAHC/CNRA California Land Grants (PLSS reconstruction),
ranchos,rancho-san-simeon-178,,San Simeon (José Ramón Estrada),1842,1842,year,35.61007,-121.11125,exact,rancho,alvarado,Granted 1842 by Juan Alvarado to José Ramón Estrada. Present-day San Luis Obispo County.,,,Boundary: NAHC/CNRA California Land Grants (PLSS reconstruction),
ranchos,rancho-rincon-de-la-puente-del-monte-179,,Rincon de la Puente del Monte (Teodoro Gonzalez),1836,1836,year,36.30542,-121.15542,exact,rancho,interim,Granted 1836 by Nicolas Gutierrez to Teodoro Gonzalez. Present-day Monterey County.,,,Diseño (Bancroft Land Case Maps) | Boundary: NAHC/CNRA California Land Grants (PLSS reconstruction),
ranchos,rancho-posa-de-los-ositos-180,,Posa de los Ositos (Carlos Cayetano Espinoza),1839,1839,year,36.35876,-121.26676,exact,rancho,alvarado,Granted 1839 by Juan Alvarado to Carlos Cayetano Espinoza. Present-day Monterey County.,,,Diseño (Bancroft Land Case Maps) | Boundary: NAHC/CNRA California Land Grants (PLSS reconstruction),
ranchos,rancho-guadalupe-y-llanitos-de-los-correos-181,,Guadalupe y Llanitos de los Correos (Juan Malarin),1833,1833,year,36.55816,-121.52471,exact,rancho,figueroa,Granted 1833 by José Figueroa to Juan Malarin. Present-day Monterey County.,,,Diseño (Bancroft Land Case Maps) | Boundary: NAHC/CNRA California Land Grants (PLSS reconstruction),
ranchos,rancho-paraje-de-sanchez-182,,Paraje de Sanchez (Francisco Lugo),1839,1839,year,36.48495,-121.43861,exact,rancho,alvarado,Granted 1839 by Juan Alvarado to Francisco Lugo. Present-day Monterey County.,,,Diseño (Bancroft Land Case Maps) | Boundary: NAHC/CNRA California Land Grants (PLSS reconstruction),
ranchos,rancho-ex-mission-soledad-183,,Ex-Mission Soledad (Feliciano Soberanes),1845,1845,year,36.43806,-121.35713,exact,rancho,pico,Granted 1845 by Pio Pico to Feliciano Soberanes. Present-day Monterey County.,,,Boundary: NAHC/CNRA California Land Grants (PLSS reconstruction),
ranchos,rancho-san-vicente-184,,San Vicente (Esteban Munras),1835,1835,year,36.45785,-121.34734,exact,rancho,interim,Granted 1835 by José Castro to Esteban Munras. Present-day Monterey County.,,,Diseño (Bancroft Land Case Maps) | Boundary: NAHC/CNRA California Land Grants (PLSS reconstruction),
ranchos,rancho-encinal-y-buena-esperanza-185,,Encinal y Buena Esperanza (David S. Spence),1834,1834,year,36.63429,-121.50017,exact,rancho,figueroa,Granted 1834 by José Figueroa to David S. Spence. Present-day Monterey County.,,,Diseño (Bancroft Land Case Maps) | Boundary: NAHC/CNRA California Land Grants (PLSS reconstruction),
ranchos,rancho-suey-186,,Suey (Ramona Carrillo),1837,1837,year,34.99524,-120.37177,exact,rancho,alvarado,Granted 1837 by Juan Bautista Alvarado to Ramona Carrillo. Present-day Santa Barbara County.,,,Boundary: NAHC/CNRA California Land Grants (PLSS reconstruction),
ranchos,rancho-guadalupe-187,,Guadalupe (Diego Olivera and Teodoro Arellanes),1840,1840,year,34.98036,-120.61139,exact,rancho,alvarado,Granted 1840 by Juan Alvarado to Diego Olivera and Teodoro Arellanes. Present-day Santa Barbara County.,,,Diseño (Bancroft Land Case Maps) | Boundary: NAHC/CNRA California Land Grants (PLSS reconstruction),
ranchos,rancho-casmalia-188,,Casmalia (Antonio Olivera),1840,1840,year,34.85936,-120.60987,exact,rancho,alvarado,Granted 1840 by Juan Alvarado to Antonio Olivera. Present-day Santa Barbara County.,,,Diseño (Bancroft Land Case Maps) | Boundary: NAHC/CNRA California Land Grants (PLSS reconstruction),
ranchos,rancho-nuestra-senora-del-refugio-189,,Nuestra Señora del Refugio (José Francisco Ortega),1794,1794,year,34.49421,-120.31668,exact,rancho,spanish,Granted 1794 by Diego de Borica to José Francisco Ortega. Present-day Santa Barbara County.,,,Boundary: NAHC/CNRA California Land Grants (PLSS reconstruction),
ranchos,rancho-canada-de-los-pinos-190,,Cañada de los Pinos (Seminary of Santa Inez),1843,1843,year,34.62459,-120.0412,exact,rancho,micheltorena,Granted 1843 by Manuel Micheltorena to Seminary of Santa Inez. Present-day Santa Barbara County.,,,Diseño (Bancroft Land Case Maps) | Boundary: NAHC/CNRA California Land Grants (PLSS reconstruction),
ranchos,rancho-simi-191,,Simi (Patricio; Miguel; and Francisco Javier Pico),1795,1795,year,34.23395,-118.82782,exact,rancho,spanish,"Rancho Simi, formally San Jose de Nuestra Señora de Altagracia y Simi, was among the earliest and largest California grants, long held by the Pico family, and lay in present Ventura County. Its bounds covered well over 100,000 acres.",,,Boundary: NAHC/CNRA California Land Grants (PLSS reconstruction),
ranchos,rancho-la-canada-192,,La Cañada (Ygnacio Coronel),1843,1843,year,34.24745,-118.28256,exact,rancho,micheltorena,Granted 1843 by Manuel Micheltorena to Ygnacio Coronel. Present-day Los Angeles County.,,,Diseño (Bancroft Land Case Maps) | Boundary: NAHC/CNRA California Land Grants (PLSS reconstruction),
ranchos,rancho-santa-anita-193,,Santa Anita (Hugo Reid),1845,1845,year,34.15506,-118.08584,exact,rancho,pico,Granted 1845 by Pio Pico to Hugo Reid. Present-day Los Angeles County.,,,Diseño (Bancroft Land Case Maps) | Boundary: NAHC/CNRA California Land Grants (PLSS reconstruction),
ranchos,rancho-san-pascual-194,,San Pascual (Juan Marine),1834,1834,year,34.17815,-118.19779,exact,rancho,figueroa,Granted 1834 by José Figueroa to Juan Marine. Present-day Los Angeles County.,,,Diseño (Bancroft Land Case Maps) | Boundary: NAHC/CNRA California Land Grants (PLSS reconstruction),
ranchos,rancho-potrero-grande-195,,Potrero Grande (Manuel Antonio),1845,1845,year,34.05733,-118.10226,exact,rancho,pico,Granted 1845 by Pio Pico to Manuel Antonio. Present-day Los Angeles County.,,,Diseño (Bancroft Land Case Maps) | Boundary: NAHC/CNRA California Land Grants (PLSS reconstruction),
ranchos,rancho-san-antonio-196,,San Antonio (Antonio Maria Lugo),1810,1810,year,33.9649,-118.19822,exact,rancho,spanish,"Rancho San Antonio was granted in 1820, in the late Spanish period, to Luis Maria Peralta, and covered roughly 44,800 acres across present Oakland, Berkeley, Alameda, and San Leandro. It was later divided among Peralta's four sons.",,,Diseño (Bancroft Land Case Maps) | Boundary: NAHC/CNRA California Land Grants (PLSS reconstruction),
ranchos,rancho-san-pedro-197,,San Pedro (Juan Jose Dominguez),1784,1784,year,33.83155,-118.28477,exact,rancho,spanish,Granted 1784 by Pedro Fages to Juan Jose Dominguez. Present-day Los Angeles County.,,,Diseño (Bancroft Land Case Maps) | Boundary: NAHC/CNRA California Land Grants (PLSS reconstruction),
ranchos,rancho-rincon-de-la-brea-198,,Rincon de la Brea (Gil Ybarra),1841,1841,year,33.98254,-117.90562,exact,rancho,alvarado,Granted 1841 by Juan Alvarado to Gil Ybarra. Present-day Los Angeles County.,,,Diseño (Bancroft Land Case Maps) | Boundary: NAHC/CNRA California Land Grants (PLSS reconstruction),
ranchos,rancho-canon-de-santa-ana-199,,Cañón de Santa Ana (Bernardo Yorba),1834,1834,year,33.89363,-117.77088,exact,rancho,figueroa,Granted 1834 by José Figueroa to Bernardo Yorba. Present-day Orange County.,,,Diseño (Bancroft Land Case Maps) | Boundary: NAHC/CNRA California Land Grants (PLSS reconstruction),
ranchos,rancho-sobrante-de-san-jacinto-200,,Sobrante de San Jacinto (Maria del Rosario Estudillo Aguirre),1846,1846,year,33.8611,-117.51522,exact,rancho,pico,Granted 1846 by Pio Pico to Maria del Rosario Estudillo Aguirre. Present-day Riverside County.,,,Boundary: NAHC/CNRA California Land Grants (PLSS reconstruction),
ranchos,rancho-san-bernardino-201,,San Bernardino (Antonio Maria Lugo),1842,1842,year,34.07573,-117.26441,exact,rancho,alvarado,"Rancho San Bernardino was granted in 1842 to members of the Lugo family. The land was sold in 1851 to Mormon colonists, who founded the city of San Bernardino.",,,Diseño (Bancroft Land Case Maps) | Boundary: NAHC/CNRA California Land Grants (PLSS reconstruction),
ranchos,rancho-cucamonga-202,,Cucamonga (Tiburcio Tapia),1839,1839,year,34.13584,-117.68138,exact,rancho,alvarado,"Rancho Cucamonga was granted in 1839 to Tiburcio Tapia, a Los Angeles merchant and former alcalde. The rancho, in present San Bernardino County, later became noted for its vineyards.",,,Diseño (Bancroft Land Case Maps) | Boundary: NAHC/CNRA California Land Grants (PLSS reconstruction),
ranchos,rancho-san-joaquin-203,,San Joaquín (José Andres Sepúlveda),1842,1842,year,33.63312,-117.84557,exact,rancho,alvarado,Granted 1842 by Juan Alvarado to José Andres Sepúlveda. Present-day Orange County.,,,Diseño (Bancroft Land Case Maps) | Boundary: NAHC/CNRA California Land Grants (PLSS reconstruction),
ranchos,rancho-santiago-de-santa-ana-204,,Santiago de Santa Ana (José Antonio Yorba and Juan Pablo Peralta),1810,1810,year,33.79666,-117.89565,exact,rancho,spanish,"Rancho Santiago de Santa Ana was granted in 1810, in the Spanish period, to Jose Antonio Yorba and his nephew Juan Pablo Peralta. It was one of the earliest and largest grants in the territory that became Orange County.",,,Diseño (Bancroft Land Case Maps) | Boundary: NAHC/CNRA California Land Grants (PLSS reconstruction),
ranchos,rancho-las-bolsas-205,,Las Bolsas (Catarina Ruiz),1834,1834,year,33.72698,-117.9889,exact,rancho,figueroa,Granted 1834 by José Figueroa to Catarina Ruiz. Present-day Orange County.,,,Diseño (Bancroft Land Case Maps) | Boundary: NAHC/CNRA California Land Grants (PLSS reconstruction),
ranchos,rancho-los-coyotes-206,,Los Coyotes (Juan Jose Nieto),1834,1834,year,33.85705,-118.11307,exact,rancho,figueroa,Granted 1834 by José Figueroa to Juan Jose Nieto. Present-day Orange County.,,,Diseño (Bancroft Land Case Maps) | Boundary: NAHC/CNRA California Land Grants (PLSS reconstruction),
ranchos,rancho-la-bolsa-chica-207,,La Bolsa Chica (Joaquín Ruíz),1841,1841,year,33.74415,-118.06588,exact,rancho,alvarado,Granted 1841 by Juan Alvarado to Joaquín Ruíz. Present-day Orange County.,,,Diseño (Bancroft Land Case Maps) | Boundary: NAHC/CNRA California Land Grants (PLSS reconstruction),
ranchos,rancho-los-alamitos-208,,Los Alamitos (Juan Jose Nieto),1834,1834,year,33.77074,-118.15017,exact,rancho,figueroa,Granted 1834 by José Figueroa to Juan Jose Nieto. Present-day Orange County.,,,Diseño (Bancroft Land Case Maps) | Boundary: NAHC/CNRA California Land Grants (PLSS reconstruction),
ranchos,rancho-la-habra-209,,La Habra (Mariano Roldan),1839,1839,year,33.94927,-117.99143,exact,rancho,alvarado,Granted 1839 by Juan Alvarado to Mariano Roldan. Present-day Orange County.,,,Diseño (Bancroft Land Case Maps) | Boundary: NAHC/CNRA California Land Grants (PLSS reconstruction),
ranchos,rancho-santa-gertrudes-210,,Santa Gertrudes (Josefa Cota),1834,1834,year,33.95779,-118.1327,exact,rancho,figueroa,Granted 1834 by José Figueroa to Josefa Cota. Present-day Los Angeles County.,,,Diseño (Bancroft Land Case Maps) | Boundary: NAHC/CNRA California Land Grants (PLSS reconstruction),
ranchos,rancho-la-merced-211,,La Merced (Casilda Soto de Lobo),1844,1844,year,34.03532,-118.11563,exact,rancho,micheltorena,Granted 1844 by Manuel Micheltorena to Casilda Soto de Lobo. Present-day Los Angeles County.,,,Diseño (Bancroft Land Case Maps) | Boundary: NAHC/CNRA California Land Grants (PLSS reconstruction),
ranchos,rancho-potrero-de-felipe-lugo-212,,Potrero de Felipe Lugo (Teodoro Romero and Jorge Morillo),1845,1845,year,34.05629,-118.07082,exact,rancho,pico,Granted 1845 by Pio Pico to Teodoro Romero and Jorge Morillo. Present-day Los Angeles County.,,,Boundary: NAHC/CNRA California Land Grants (PLSS reconstruction),
ranchos,rancho-la-puente-213,,La Puente (John A. Rowland),1842,1842,year,34.04575,-117.99412,exact,rancho,alvarado,"Rancho La Puente in the San Gabriel Valley was granted in the early 1840s to John Rowland and William Workman, Anglo-American settlers who had reached California via the 1841 Rowland-Workman overland party from New Mexico. The grant totaled roughly 48,000 acres.",,,Diseño (Bancroft Land Case Maps) | Boundary: NAHC/CNRA California Land Grants (PLSS reconstruction),
ranchos,rancho-san-francisquito-214,,San Francisquito (Henry Dalton),1845,1845,year,34.10637,-118.05316,exact,rancho,pico,Granted 1845 by Pio Pico to Henry Dalton. Present-day Los Angeles County.,,,Diseño (Bancroft Land Case Maps) | Boundary: NAHC/CNRA California Land Grants (PLSS reconstruction),
ranchos,rancho-azusa-de-duarte-215,,Azusa de Duarte (Andrés Duarte),1841,1841,year,34.14366,-118.0018,exact,rancho,alvarado,Granted 1841 by Juan Alvarado to Andrés Duarte. Present-day Los Angeles County.,,,Boundary: NAHC/CNRA California Land Grants (PLSS reconstruction),
ranchos,rancho-azusa-de-dalton-216,,Azusa de Dalton (Luis Arenas),1841,1841,year,34.14434,-117.95952,exact,rancho,alvarado,Granted 1841 by Juan Alvarado to Luis Arenas. Present-day Los Angeles County.,,,Boundary: NAHC/CNRA California Land Grants (PLSS reconstruction),
ranchos,rancho-san-jose-217,,San Jose (Ygnacio Palomares and Ricardo Vejar),1837,1837,year,34.11856,-117.88146,exact,rancho,alvarado,Granted 1837 by Juan Alvarado to Ygnacio Palomares and Ricardo Vejar. Present-day Los Angeles County.,,,Diseño (Bancroft Land Case Maps) | Boundary: NAHC/CNRA California Land Grants (PLSS reconstruction),
ranchos,rancho-san-jose-218,,San Jose (Ygnacio Palomares and Ricardo Vejar),1837,1837,year,34.07714,-117.81827,exact,rancho,alvarado,Granted 1837 by Juan Alvarado to Ygnacio Palomares and Ricardo Vejar. Present-day Los Angeles County.,,,Diseño (Bancroft Land Case Maps) | Boundary: NAHC/CNRA California Land Grants (PLSS reconstruction),
ranchos,rancho-santa-ana-del-chino-219,,Santa Ana del Chino (Antonio Maria Lugo),1841,1841,year,33.99497,-117.76584,exact,rancho,alvarado,Granted 1841 by Juan Alvarado to Antonio Maria Lugo. Present-day San Bernardino County.,,,Diseño (Bancroft Land Case Maps) | Boundary: NAHC/CNRA California Land Grants (PLSS reconstruction),
ranchos,rancho-el-rincon-220,,El Rincon (Juan Bandini),1839,1839,year,33.93197,-117.6724,exact,rancho,alvarado,Granted 1839 by Juan Alvarado to Juan Bandini. Present-day San Bernardino; Riverside County.,,,Diseño (Bancroft Land Case Maps) | Boundary: NAHC/CNRA California Land Grants (PLSS reconstruction),
ranchos,rancho-jurupa-221,,Jurupa (Juan Bandini),1838,1838,year,33.98577,-117.44262,exact,rancho,alvarado,Granted 1838 by Juan Alvarado to Juan Bandini. Present-day Riverside County.,,,Diseño (Bancroft Land Case Maps) | Boundary: NAHC/CNRA California Land Grants (PLSS reconstruction),
ranchos,rancho-la-tajauta-222,,La Tajauta (Anastasio Avila),1843,1843,year,33.93662,-118.27176,exact,rancho,micheltorena,Granted 1843 by Manuel Micheltorena to Anastasio Avila. Present-day Los Angeles County.,,,Diseño (Bancroft Land Case Maps) | Boundary: NAHC/CNRA California Land Grants (PLSS reconstruction),
ranchos,rancho-la-cienega-o-paso-de-la-tijera-223,,La Cienega o Paso de la Tijera (Vicente Sanchez),1843,1843,year,34.05731,-118.26395,exact,rancho,micheltorena,Granted 1843 by Manuel Micheltorena to Vicente Sanchez. Present-day Los Angeles County.,,,Boundary: NAHC/CNRA California Land Grants (PLSS reconstruction),
ranchos,rancho-la-ballona-224,,La Ballona (Machado and Talamantesfamilies),1839,1839,year,34.00338,-118.45908,exact,rancho,alvarado,Granted 1839 by Juan Alvarado to Machado and Talamantesfamilies. Present-day Los Angeles County.,,,Boundary: NAHC/CNRA California Land Grants (PLSS reconstruction),
ranchos,rancho-san-jose-de-buenos-ayres-225,,San Jose de Buenos Ayres (Maximo Alanis),1843,1843,year,34.06741,-118.4656,exact,rancho,micheltorena,Granted 1843 by Manuel Micheltorena to Maximo Alanis. Present-day Los Angeles County.,,,Diseño (Bancroft Land Case Maps) | Boundary: NAHC/CNRA California Land Grants (PLSS reconstruction),
ranchos,rancho-la-cienega-o-paso-de-la-tijera-226,,La Cienega o Paso de la Tijera (Vicente Sanchez),1843,1843,year,34.04709,-118.38042,exact,rancho,micheltorena,Granted 1843 by Manuel Micheltorena to Vicente Sanchez. Present-day Los Angeles County.,,,Boundary: NAHC/CNRA California Land Grants (PLSS reconstruction),
ranchos,rancho-ex-mission-san-fernando-227,,Ex-Mission San Fernando (Eulogio de Celis),1846,1846,year,34.25824,-118.5351,exact,rancho,pico,Granted 1846 by Pio Pico to Eulogio de Celis. Present-day Los Angeles County.,,,Boundary: NAHC/CNRA California Land Grants (PLSS reconstruction),
ranchos,rancho-tujunga-228,,Tujunga (Francisco and Pedro Lopez),1840,1840,year,34.27811,-118.36119,exact,rancho,alvarado,Granted 1840 by Juan Alvarado to Francisco and Pedro Lopez. Present-day Los Angeles County.,,,Diseño (Bancroft Land Case Maps) | Boundary: NAHC/CNRA California Land Grants (PLSS reconstruction),
ranchos,rancho-san-francisco-229,,San Francisco (Antonio del Valle),1839,1839,year,34.41987,-118.66635,exact,rancho,alvarado,Granted 1839 by Juan Alvarado to Antonio del Valle. Present-day Ventura County.,,,Diseño (Bancroft Land Case Maps) | Boundary: NAHC/CNRA California Land Grants (PLSS reconstruction),
ranchos,rancho-el-conejo-230,,El Conejo (Jose Polanco),1802,1802,year,34.2111,-118.86282,exact,rancho,spanish,Granted 1802 by Jose Joaquin de Arrillaga to Jose Polanco. Present-day Ventura County.,,,Diseño (Bancroft Land Case Maps) | Boundary: NAHC/CNRA California Land Grants (PLSS reconstruction),
ranchos,rancho-calleguas-231,,Calleguas (Jose Pedro Ruiz),1837,1837,year,34.23051,-119.00039,exact,rancho,alvarado,Granted 1837 by Juan Alvarado to Jose Pedro Ruiz. Present-day Ventura County.,,,Diseño (Bancroft Land Case Maps) | Boundary: NAHC/CNRA California Land Grants (PLSS reconstruction),
ranchos,rancho-guadalasca-232,,Guadalasca (Ysabel Yorba),1836,1836,year,34.13937,-119.05087,exact,rancho,interim,Granted 1836 by Mariano Chico to Ysabel Yorba. Present-day Ventura County.,,,Diseño (Bancroft Land Case Maps) | Boundary: NAHC/CNRA California Land Grants (PLSS reconstruction),
ranchos,rancho-las-posas-233,,Las Posas (Jose Carillo),1834,1834,year,34.26082,-119.06097,exact,rancho,figueroa,Granted 1834 by José Figueroa to Jose Carillo. Present-day Ventura County.,,,Diseño (Bancroft Land Case Maps) | Boundary: NAHC/CNRA California Land Grants (PLSS reconstruction),
ranchos,rancho-santa-clara-del-norte-234,,Santa Clara del Norte (Juan M. Sanchez),1837,1837,year,34.2708,-119.1796,exact,rancho,alvarado,Granted 1837 by Juan Alvarado to Juan M. Sanchez. Present-day Ventura County.,,,Boundary: NAHC/CNRA California Land Grants (PLSS reconstruction),
ranchos,rancho-santa-paula-y-saticoy-235,,Santa Paula y Saticoy (Manuel Jimeno),1843,1843,year,34.29581,-119.1946,exact,rancho,micheltorena,Granted 1843 by Manuel Micheltorena to Manuel Jimeno. Present-day Ventura County.,,,Diseño (Bancroft Land Case Maps) | Boundary: NAHC/CNRA California Land Grants (PLSS reconstruction),
ranchos,rancho-ojai-236,,Ojai (Fernando Tico),1837,1837,year,34.44663,-119.17922,exact,rancho,alvarado,Granted 1837 by Juan Alvarado to Fernando Tico. Present-day Ventura County.,,,Boundary: NAHC/CNRA California Land Grants (PLSS reconstruction),
ranchos,rancho-san-miguel-237,,San Miguel (Raimundo Olivas; Felipe Lorenzana),1841,1841,year,34.26693,-119.2657,exact,rancho,alvarado,Granted 1841 by Juan Alvarado to Raimundo Olivas; Felipe Lorenzana. Present-day Ventura County.,,,Diseño (Bancroft Land Case Maps) | Boundary: NAHC/CNRA California Land Grants (PLSS reconstruction),
ranchos,rancho-ex-mission-san-buenaventura-238,,Ex-Mission San Buenaventura (José de Arnaz),1846,1846,year,34.36055,-119.2071,exact,rancho,pico,Granted 1846 by Pio Pico to José de Arnaz. Present-day Ventura County.,,,Diseño (Bancroft Land Case Maps) | Boundary: NAHC/CNRA California Land Grants (PLSS reconstruction),
ranchos,rancho-canada-larga-o-verde-239,,Cañada Larga o Verde (Joaquina Alvarado),1841,1841,year,34.35931,-119.30638,exact,rancho,alvarado,Granted 1841 by Juan Alvarado to Joaquina Alvarado. Present-day Ventura County.,,,Diseño (Bancroft Land Case Maps) | Boundary: NAHC/CNRA California Land Grants (PLSS reconstruction),
ranchos,rancho-canada-de-san-miguelito-240,,Cañada de San Miguelito (Ramon Rodriguez),1846,1846,year,34.33793,-119.3469,exact,rancho,pico,Granted 1846 by Pio Pico to Ramon Rodriguez. Present-day Ventura County.,,,Boundary: NAHC/CNRA California Land Grants (PLSS reconstruction),
ranchos,rancho-santa-ana-241,,Santa Ana (Crisogomo Ayala and Cosme Vanegas),1837,1837,year,34.41025,-119.35835,exact,rancho,alvarado,"Rancho Santiago de Santa Ana was granted in 1810, in the Spanish period, to Jose Antonio Yorba and his nephew Juan Pablo Peralta. It was one of the earliest and largest grants in the territory that became Orange County.",,,Diseño (Bancroft Land Case Maps) | Boundary: NAHC/CNRA California Land Grants (PLSS reconstruction),
ranchos,rancho-el-rincon-242,,El Rincon (Teodoro Arellanes),1835,1835,year,34.40193,-119.49423,exact,rancho,figueroa,Granted 1835 by José Figueroa to Teodoro Arellanes. Present-day Ventura County.,,,Diseño (Bancroft Land Case Maps) | Boundary: NAHC/CNRA California Land Grants (PLSS reconstruction),
ranchos,rancho-las-positas-y-la-calera-243,,Las Positas y La Calera (Narciso Fabregat and Thomas M. Robbins),1843,1843,year,34.42495,-119.79303,exact,rancho,micheltorena,Granted 1843 by Manuel Micheltorena to Narciso Fabregat and Thomas M. Robbins. Present-day Santa Barbara County.,,,Diseño (Bancroft Land Case Maps) | Boundary: NAHC/CNRA California Land Grants (PLSS reconstruction),
ranchos,rancho-la-goleta-244,,La Goleta (Daniel A. Hill),1846,1846,year,34.43242,-119.84246,exact,rancho,pico,Granted 1846 by Pio Pico to Daniel A. Hill. Present-day Santa Barbara County.,,,Diseño (Bancroft Land Case Maps) | Boundary: NAHC/CNRA California Land Grants (PLSS reconstruction),
ranchos,rancho-canada-del-corral-245,,Cañada del Corral (Jose Dolores Ortega),1841,1841,year,34.48546,-120.04022,exact,rancho,alvarado,Granted 1841 by Manuel Jimeno to Jose Dolores Ortega. Present-day Santa Barbara County.,,,Diseño (Bancroft Land Case Maps) | Boundary: NAHC/CNRA California Land Grants (PLSS reconstruction),
ranchos,rancho-dos-pueblos-246,,Dos Pueblos (Nicolas A. Den),1842,1842,year,34.45488,-119.94855,exact,rancho,alvarado,Granted 1842 by Juan Alvarado to Nicolas A. Den. Present-day Santa Barbara County.,,,Diseño (Bancroft Land Case Maps) | Boundary: NAHC/CNRA California Land Grants (PLSS reconstruction),
ranchos,rancho-tequepis-247,,Tequepis (Joaquin Villa),1845,1845,year,34.60845,-119.94349,exact,rancho,pico,Granted 1845 by Pio Pico to Joaquin Villa. Present-day Santa Barbara County.,,,Diseño (Bancroft Land Case Maps) | Boundary: NAHC/CNRA California Land Grants (PLSS reconstruction),
ranchos,rancho-lomas-de-la-purificacion-248,,Lomas de la Purificacion (Agustin Janssens),1844,1844,year,34.60419,-120.07143,exact,rancho,micheltorena,Granted 1844 by Manuel Micheltorena to Agustin Janssens. Present-day Santa Barbara County.,,,Diseño (Bancroft Land Case Maps) | Boundary: NAHC/CNRA California Land Grants (PLSS reconstruction),
ranchos,rancho-nojoqui-249,,Nojoqui (Raimundo Carrillo),1843,1843,year,34.60744,-120.15539,exact,rancho,micheltorena,Granted 1843 by Manuel Micheltorena to Raimundo Carrillo. Present-day Santa Barbara County.,,,Diseño (Bancroft Land Case Maps) | Boundary: NAHC/CNRA California Land Grants (PLSS reconstruction),
ranchos,rancho-san-carlos-de-jonata-250,,San Carlos de Jonata (Joaquín Carrillo and Jose Maria Covarrubias),1845,1845,year,34.64036,-120.19907,exact,rancho,pico,Granted 1845 by Pio Pico to Joaquín Carrillo and Jose Maria Covarrubias. Present-day Santa Barbara County.,,,Boundary: NAHC/CNRA California Land Grants (PLSS reconstruction),
ranchos,rancho-san-marcos-251,,San Marcos (Nicolas A. Den and Richard S. Den),1846,1846,year,34.63284,-119.89015,exact,rancho,pico,Granted 1846 by Pio Pico to Nicolas A. Den and Richard S. Den. Present-day Santa Barbara County.,,,Diseño (Bancroft Land Case Maps) | Boundary: NAHC/CNRA California Land Grants (PLSS reconstruction),
ranchos,rancho-los-alamos-252,,Los Alamos (Jose Antonio de la Guerra),1839,1839,year,34.81915,-120.36295,exact,rancho,alvarado,Granted 1839 by Juan Alvarado to Jose Antonio de la Guerra. Present-day Santa Barbara County.,,,Diseño (Bancroft Land Case Maps) | Boundary: NAHC/CNRA California Land Grants (PLSS reconstruction),
ranchos,rancho-corral-de-cuati-253,,Corral de Cuati (Agustin Davila),1845,1845,year,34.7137,-120.16872,exact,rancho,pico,Granted 1845 by Pio Pico to Agustin Davila. Present-day Santa Barbara County.,,,Boundary: NAHC/CNRA California Land Grants (PLSS reconstruction),
ranchos,rancho-tepusquet-254,,Tepusquet (Tomas Olivera),1837,1837,year,34.90432,-120.31744,exact,rancho,alvarado,Granted 1837 by Juan Alvarado to Tomas Olivera. Present-day Santa Barbara County.,,,Diseño (Bancroft Land Case Maps) | Boundary: NAHC/CNRA California Land Grants (PLSS reconstruction),
ranchos,rancho-sisquoc-255,,Sisquoc (María Dominguez de Caballero),1845,1845,year,34.85481,-120.19805,exact,rancho,pico,Granted 1845 by Pio Pico to María Dominguez de Caballero. Present-day Santa Barbara County.,,,Boundary: NAHC/CNRA California Land Grants (PLSS reconstruction),
ranchos,rancho-tinaquaic-256,,Tinaquaic (Victor Linares),1837,1837,year,34.81508,-120.24289,exact,rancho,alvarado,Granted 1837 by Juan Alvarado to Victor Linares. Present-day Santa Barbara County.,,,Diseño (Bancroft Land Case Maps) | Boundary: NAHC/CNRA California Land Grants (PLSS reconstruction),
ranchos,rancho-jesus-maria-257,,Jesús María (Lucas Antonio Olivera and Jose A. Olivera),1837,1837,year,34.71928,-120.57653,exact,rancho,alvarado,Granted 1837 by Juan Alvarado to Lucas Antonio Olivera and Jose A. Olivera. Present-day Santa Barbara County.,,,Diseño (Bancroft Land Case Maps) | Boundary: NAHC/CNRA California Land Grants (PLSS reconstruction),
ranchos,rancho-punta-de-laguna-258,,Punta de Laguna (Luis Arelanes and E M Ortega),1844,1844,year,34.77444,-120.27323,exact,rancho,micheltorena,Granted 1844 by Manuel Micheltorena to Luis Arelanes and E M Ortega. Present-day Santa Barbara County.,,,Boundary: NAHC/CNRA California Land Grants (PLSS reconstruction),
ranchos,rancho-la-zaca-259,,La Zaca (Antonio),1838,1838,year,34.75807,-120.1715,exact,rancho,alvarado,Granted 1838 by Juan Alvarado to Antonio. Present-day Santa Barbara County.,,,Boundary: NAHC/CNRA California Land Grants (PLSS reconstruction),
ranchos,rancho-ex-mission-la-purisima-260,,Ex-Mission la Purisima (Jonathan Temple),1845,1845,year,34.64938,-120.38084,exact,rancho,pico,Granted 1845 by Pio Pico to Jonathan Temple. Present-day Santa Barbara County.,,,Boundary: NAHC/CNRA California Land Grants (PLSS reconstruction),
ranchos,rancho-santa-rita-261,,Santa Rita (José Ramón Malo),1845,1845,year,34.6941,-120.48338,exact,rancho,pico,Granted 1845 by Pio Pico to José Ramón Malo. Present-day Santa Barbara County.,,,Diseño (Bancroft Land Case Maps) | Boundary: NAHC/CNRA California Land Grants (PLSS reconstruction),
ranchos,rancho-punta-de-la-concepcion-262,,Punta de la Concepcion (Anastasio Jose Carrillo),1837,1837,year,34.5634,-120.55912,exact,rancho,alvarado,Granted 1837 by Juan Alvarado to Anastasio Jose Carrillo. Present-day Santa Barbara County.,,,Diseño (Bancroft Land Case Maps) | Boundary: NAHC/CNRA California Land Grants (PLSS reconstruction),
ranchos,rancho-san-julian-263,,San Julian (José de la Guerra y Noriega),1837,1837,year,34.54642,-120.42399,exact,rancho,alvarado,Granted 1837 by Juan Alvarado to José de la Guerra y Noriega. Present-day Santa Barbara County.,,,Diseño (Bancroft Land Case Maps) | Boundary: NAHC/CNRA California Land Grants (PLSS reconstruction),
ranchos,rancho-lompoc-264,,Lompoc (Jose Antonio Carrillo),1837,1837,year,34.67033,-120.54351,exact,rancho,alvarado,Granted 1837 by Juan Alvarado to Jose Antonio Carrillo. Present-day Santa Barbara County.,,,Diseño (Bancroft Land Case Maps) | Boundary: NAHC/CNRA California Land Grants (PLSS reconstruction),
ranchos,rancho-canada-de-salsipuedes-265,,Cañada de Salsipuedes (Pedro Cordero),1844,1844,year,34.62864,-120.4413,exact,rancho,micheltorena,Granted 1844 by Manuel Micheltorena to Pedro Cordero. Present-day Santa Barbara County.,,,Diseño (Bancroft Land Case Maps) | Boundary: NAHC/CNRA California Land Grants (PLSS reconstruction),
ranchos,rancho-la-purisima-concepcion-266,,La Purisima Concepcion (Jose Gorgonio),1840,1840,year,34.65305,-120.45172,exact,rancho,alvarado,Granted 1840 by Juan Alvarado to Jose Gorgonio. Present-day Santa Clara County.,,,Diseño (Bancroft Land Case Maps) | Boundary: NAHC/CNRA California Land Grants (PLSS reconstruction),
ranchos,rancho-punta-de-laguna-267,,Punta de Laguna (Luis Arelanes and E M Ortega),1844,1844,year,34.93173,-120.53955,exact,rancho,micheltorena,Granted 1844 by Manuel Micheltorena to Luis Arelanes and E M Ortega. Present-day Santa Barbara County.,,,Boundary: NAHC/CNRA California Land Grants (PLSS reconstruction),
ranchos,rancho-nipomo-268,,Nipomo (William Dana),1837,1837,year,35.05143,-120.53204,exact,rancho,alvarado,Granted 1837 by Juan Alvarado to William Dana. Present-day San Luis Obispo County.,,,Diseño (Bancroft Land Case Maps) | Boundary: NAHC/CNRA California Land Grants (PLSS reconstruction),
ranchos,rancho-bolsa-de-chamisal-269,,Bolsa de Chamisal (Francisco Quijado),1837,1837,year,35.06957,-120.615,exact,rancho,alvarado,Granted 1837 by Juan Alvarado to Francisco Quijado. Present-day San Luis Obispo County.,,,Diseño (Bancroft Land Case Maps) | Boundary: NAHC/CNRA California Land Grants (PLSS reconstruction),
ranchos,rancho-pismo-270,,Pismo (Jose Ortega),1840,1840,year,35.13801,-120.6296,exact,rancho,alvarado,Granted 1840 by Manuel Jimeno to Jose Ortega. Present-day San Luis Obispo County.,,,Diseño (Bancroft Land Case Maps) | Boundary: NAHC/CNRA California Land Grants (PLSS reconstruction),
ranchos,rancho-corral-de-piedra-271,,Corral de Piedra (Jose Villavicencia),1841,1841,year,35.17847,-120.56722,exact,rancho,alvarado,Granted 1841 by Juan Alvarado to Jose Villavicencia. Present-day San Luis Obispo County.,,,Diseño (Bancroft Land Case Maps) | Boundary: NAHC/CNRA California Land Grants (PLSS reconstruction),
ranchos,rancho-santa-manuela-272,,Santa Manuela (Francis Branch),1837,1837,year,35.15422,-120.51303,exact,rancho,alvarado,Granted 1837 by Juan Alvarado to Francis Branch. Present-day San Luis Obispo County.,,,Diseño (Bancroft Land Case Maps) | Boundary: NAHC/CNRA California Land Grants (PLSS reconstruction),
ranchos,rancho-arroyo-grande-273,,Arroyo Grande (Zefarino Carlón),1842,1842,year,35.20563,-120.42398,exact,rancho,alvarado,Granted 1842 by Juan Alvarado to Zefarino Carlón. Present-day San Luis Obispo County.,,,Diseño (Bancroft Land Case Maps) | Boundary: NAHC/CNRA California Land Grants (PLSS reconstruction),
ranchos,rancho-huasna-274,,Huasna (Isaac J. Sparks),1843,1843,year,35.13886,-120.36635,exact,rancho,micheltorena,Granted 1843 by Manuel Micheltorena to Isaac J. Sparks. Present-day San Luis Obispo County.,,,Diseño (Bancroft Land Case Maps) | Boundary: NAHC/CNRA California Land Grants (PLSS reconstruction),
ranchos,rancho-san-miguelito-275,,San Miguelito (Miguel Ávila),1842,1842,year,35.21309,-120.74389,exact,rancho,alvarado,Granted 1842 by Juan Alvarado to Miguel Ávila. Present-day San Luis Obispo County.,,,Diseño (Bancroft Land Case Maps) | Boundary: NAHC/CNRA California Land Grants (PLSS reconstruction),
ranchos,rancho-canada-de-los-osos-y-pecho-y-islay-25-276,,Cañada de los Osos y Pecho y Islay[25] (James Scott and John Wilson),1845,1845,year,35.26211,-120.77234,exact,rancho,pico,Granted 1845 by Pio Pico to James Scott and John Wilson. Present-day San Luis Obispo County.,,,Boundary: NAHC/CNRA California Land Grants (PLSS reconstruction),
ranchos,rancho-potrero-de-san-luis-obispo-277,,Potrero de San Luis Obispo (Maria Concepcion Boronda),1842,1842,year,35.33197,-120.68497,exact,rancho,alvarado,Granted 1842 by Juan Alvarado to Maria Concepcion Boronda. Present-day San Luis Obispo County.,,,Diseño (Bancroft Land Case Maps) | Boundary: NAHC/CNRA California Land Grants (PLSS reconstruction),
ranchos,rancho-morro-y-cayucos-278,,Morro y Cayucos (Martin Olivera and Vicente Feliz),1842,1842,year,35.41477,-120.85974,exact,rancho,alvarado,Granted 1842 by Juan Alvarado to Martin Olivera and Vicente Feliz. Present-day San Luis Obispo County.,,,Boundary: NAHC/CNRA California Land Grants (PLSS reconstruction),
ranchos,rancho-asuncion-279,,Asuncion (Pedro Estrada and Francisco Urbano Estrada),1845,1845,year,35.51132,-120.69259,exact,rancho,pico,Granted 1845 by Pio Pico to Pedro Estrada and Francisco Urbano Estrada. Present-day San Luis Obispo County.,,,Diseño (Bancroft Land Case Maps) | Boundary: NAHC/CNRA California Land Grants (PLSS reconstruction),
ranchos,rancho-san-miguelito-de-trinidad-280,,San Miguelito de Trinidad (José Rafael Gonzales),1841,1841,year,35.96214,-121.23553,exact,rancho,alvarado,Granted 1841 by Juan Alvarado to José Rafael Gonzales. Present-day Monterey County.,,,Boundary: NAHC/CNRA California Land Grants (PLSS reconstruction),
ranchos,rancho-el-piojo-281,,El Piojo (Joaquin Soto),1842,1842,year,35.91676,-121.1589,exact,rancho,alvarado,Granted 1842 by Juan Alvarado to Joaquin Soto. Present-day Monterey County.,,,Diseño (Bancroft Land Case Maps) | Boundary: NAHC/CNRA California Land Grants (PLSS reconstruction),
ranchos,rancho-los-ojitos-282,,Los Ojitos (Mariano Soberanes),1842,1842,year,35.94323,-121.11675,exact,rancho,alvarado,Granted 1842 by Juan Alvarado to Mariano Soberanes. Present-day Monterey County.,,,Diseño (Bancroft Land Case Maps) | Boundary: NAHC/CNRA California Land Grants (PLSS reconstruction),
ranchos,rancho-milpitas-283,,Milpitas (Ygnacio Pastor),1838,1838,year,36.09225,-121.32656,exact,rancho,alvarado,Granted 1838 by Juan Alvarado to Ygnacio Pastor. Present-day Monterey County.,,,Diseño (Bancroft Land Case Maps) | Boundary: NAHC/CNRA California Land Grants (PLSS reconstruction),
ranchos,rancho-san-lorenzo-284,,San Lorenzo (Feliciano Soberanes),1841,1841,year,36.2004,-120.79201,exact,rancho,alvarado,Granted 1841 by Juan Alvarado to Feliciano Soberanes. Present-day Monterey County.,,,Diseño (Bancroft Land Case Maps) | Boundary: NAHC/CNRA California Land Grants (PLSS reconstruction),
ranchos,rancho-san-bernardo-285,,San Bernardo (Mariano Soberanes and Juan Soberanes),1841,1841,year,36.08495,-120.95093,exact,rancho,alvarado,Granted 1841 by Juan Alvarado to Mariano Soberanes and Juan Soberanes. Present-day Monterey County.,,,Diseño (Bancroft Land Case Maps) | Boundary: NAHC/CNRA California Land Grants (PLSS reconstruction),
ranchos,rancho-san-lorenzo-286,,San Lorenzo (Feliciano Soberanes),1841,1841,year,36.19544,-121.08642,exact,rancho,alvarado,Granted 1841 by Juan Alvarado to Feliciano Soberanes. Present-day Monterey County.,,,Diseño (Bancroft Land Case Maps) | Boundary: NAHC/CNRA California Land Grants (PLSS reconstruction),
ranchos,rancho-san-benito-287,,San Benito (Francisco Garcia),1842,1842,year,36.1436,-121.02795,exact,rancho,alvarado,Granted 1842 by Juan Alvarado to Francisco Garcia. Present-day Monterey County.,,,Diseño (Bancroft Land Case Maps) | Boundary: NAHC/CNRA California Land Grants (PLSS reconstruction),
ranchos,rancho-san-lucas-288,,San Lucas (Rafael Estrada),1842,1842,year,36.11241,-121.0096,exact,rancho,alvarado,Granted 1842 by Juan Alvarado to Rafael Estrada. Present-day Monterey County.,,,Diseño (Bancroft Land Case Maps) | Boundary: NAHC/CNRA California Land Grants (PLSS reconstruction),
ranchos,rancho-el-sur-289,,El Sur (Juan Alvarado),1834,1834,year,36.29109,-121.8368,exact,rancho,figueroa,Granted 1834 by José Figueroa to Juan Alvarado. Present-day Monterey County.,,,Boundary: NAHC/CNRA California Land Grants (PLSS reconstruction),
ranchos,rancho-los-tularcitos-290,,Los Tularcitos (Rafael Gomez),1834,1834,year,36.47311,-121.63841,exact,rancho,figueroa,Granted 1834 by Jose Figueroa to Rafael Gomez. Present-day Monterey County.,,,Diseño (Bancroft Land Case Maps) | Boundary: NAHC/CNRA California Land Grants (PLSS reconstruction),
ranchos,rancho-aguajito-291,,Aguajito (Gregorio Tapia),1835,1835,year,36.58489,-121.8534,exact,rancho,figueroa,Granted 1835 by José Figueroa to Gregorio Tapia. Present-day Monterey County.,,,Diseño (Bancroft Land Case Maps) | Boundary: NAHC/CNRA California Land Grants (PLSS reconstruction),
ranchos,rancho-pescadero-292,,Pescadero (Fabian Barreto),1836,1836,year,36.575,-121.90904,exact,rancho,interim,Granted 1836 by Nicolas Gutierrez to Fabian Barreto. Present-day Monterey County.,,,Diseño (Bancroft Land Case Maps) | Boundary: NAHC/CNRA California Land Grants (PLSS reconstruction),
ranchos,rancho-punta-de-pinos-293,,Punta de Pinos (José María Armenta and José Abrego),1833,1833,year,36.62506,-121.91886,exact,rancho,figueroa,Granted 1833 by José Figueroa to José María Armenta and José Abrego. Present-day Monterey County.,,,Diseño (Bancroft Land Case Maps) | Boundary: NAHC/CNRA California Land Grants (PLSS reconstruction),
ranchos,rancho-rincon-de-las-salinas-294,,Rincon de las Salinas (Cristina Delgado),1833,1833,year,36.74449,-121.76494,exact,rancho,figueroa,Granted 1833 by Jose Figueroa to Cristina Delgado. Present-day Monterey County.,,,Diseño (Bancroft Land Case Maps) | Boundary: NAHC/CNRA California Land Grants (PLSS reconstruction),
ranchos,rancho-las-salinas-295,,Las Salinas (Antonio Aceves and Antonio Romero),1795,1795,year,36.66312,-121.74826,exact,rancho,spanish,Granted 1795 by Diego de Borica to Antonio Aceves and Antonio Romero. Present-day Monterey County.,,,Diseño (Bancroft Land Case Maps) | Boundary: NAHC/CNRA California Land Grants (PLSS reconstruction),
ranchos,rancho-san-bernabe-296,,San Bernabe (Petronelo Rios),1841,1841,year,36.70277,-121.70942,exact,rancho,alvarado,Granted 1841 by Juan Alvarado to Petronelo Rios. Present-day Monterey County.,,,Diseño (Bancroft Land Case Maps) | Boundary: NAHC/CNRA California Land Grants (PLSS reconstruction),
ranchos,rancho-nacional-297,,Nacional (Vicente Cantua),1839,1839,year,36.67158,-121.66572,exact,rancho,alvarado,Granted 1839 by Juan Alvarado to Vicente Cantua. Present-day Monterey County.,,,Diseño (Bancroft Land Case Maps) | Boundary: NAHC/CNRA California Land Grants (PLSS reconstruction),
ranchos,rancho-la-natividad-298,,La Natividad (Manuel Butron and Nicolas Alviso),1837,1837,year,36.76669,-121.58629,exact,rancho,alvarado,Granted 1837 by Juan Alvarado to Manuel Butron and Nicolas Alviso. Present-day Monterey County.,,,Diseño (Bancroft Land Case Maps) | Boundary: NAHC/CNRA California Land Grants (PLSS reconstruction),
ranchos,rancho-los-vergeles-299,,Los Vergeles (José Joaquin Gomez),1835,1835,year,36.80103,-121.58319,exact,rancho,interim,Granted 1835 by José Castro to José Joaquin Gomez. Present-day Monterey County.,,,Diseño (Bancroft Land Case Maps) | Boundary: NAHC/CNRA California Land Grants (PLSS reconstruction),
ranchos,rancho-bolsa-nueva-y-moro-cojo-300,,Bolsa Nueva y Moro Cojo (María Antonia Pico de Castro),1825,1825,year,36.78601,-121.68215,exact,rancho,echeandia,Granted 1825 by Luís Antonio Argüello to María Antonia Pico de Castro. Present-day Monterey County.,,,Diseño (Bancroft Land Case Maps) | Boundary: NAHC/CNRA California Land Grants (PLSS reconstruction),
ranchos,rancho-los-carneros-301,,Los Carneros (David Littlejohn),1834,1834,year,36.86972,-121.71165,exact,rancho,figueroa,Granted 1834 by José Figueroa to David Littlejohn. Present-day Monterey County.,,,Diseño (Bancroft Land Case Maps) | Boundary: NAHC/CNRA California Land Grants (PLSS reconstruction),
ranchos,rancho-los-corralitos-302,,Los Corralitos (Jose Amesti),1844,1844,year,36.97723,-121.77613,exact,rancho,micheltorena,Granted 1844 by Manuel Micheltorena to Jose Amesti. Present-day Santa Cruz County.,,,Diseño (Bancroft Land Case Maps) | Boundary: NAHC/CNRA California Land Grants (PLSS reconstruction),
ranchos,rancho-zayante-303,,Zayante (Joaquin Buelna),1833,1833,year,37.0748,-122.0532,exact,rancho,figueroa,Granted 1833 by José Figueroa to Joaquin Buelna. Present-day Santa Cruz County.,,,Diseño (Bancroft Land Case Maps) | Boundary: NAHC/CNRA California Land Grants (PLSS reconstruction),
ranchos,rancho-san-vicente-304,,San Vicente (Blas A. Escamilla),1846,1846,year,37.07443,-122.16706,exact,rancho,pico,Granted 1846 by Pío Pico to Blas A. Escamilla. Present-day Santa Cruz County.,,,Diseño (Bancroft Land Case Maps) | Boundary: NAHC/CNRA California Land Grants (PLSS reconstruction),
ranchos,rancho-agua-puerca-y-las-trancas-305,,Agua Puerca y las Trancas (Ramon Rodriguez and Francisco Alviso),1843,1843,year,37.07321,-122.23785,exact,rancho,micheltorena,Granted 1843 by Manuel Micheltorena to Ramon Rodriguez and Francisco Alviso. Present-day Santa Cruz County.,,,Diseño (Bancroft Land Case Maps) | Boundary: NAHC/CNRA California Land Grants (PLSS reconstruction),
ranchos,rancho-butano-306,,Butano (Ramona Sanchez),1838,1838,year,37.24872,-122.37801,exact,rancho,alvarado,Granted 1838 by Juan Alvarado to Ramona Sanchez. Present-day San Mateo County.,,,Diseño (Bancroft Land Case Maps) | Boundary: NAHC/CNRA California Land Grants (PLSS reconstruction),
ranchos,rancho-san-antonio-or-pescadero-307,,San Antonio or Pescadero (Juan Jose Gonzales),1833,1833,year,37.275,-122.38331,exact,rancho,figueroa,Granted 1833 by Jose Figueroa to Juan Jose Gonzales. Present-day San Mateo County.,,,Diseño (Bancroft Land Case Maps) | Boundary: NAHC/CNRA California Land Grants (PLSS reconstruction),
ranchos,rancho-la-purisima-concepcion-308,,La Purisima Concepcion (Jose Gorgonio),1840,1840,year,37.38287,-122.12072,exact,rancho,alvarado,Granted 1840 by Juan Alvarado to Jose Gorgonio. Present-day Santa Clara County.,,,Diseño (Bancroft Land Case Maps) | Boundary: NAHC/CNRA California Land Grants (PLSS reconstruction),
ranchos,rancho-san-francisquito-309,,San Francisquito (Antonio Buelna),1837,1837,year,37.43357,-122.15905,exact,rancho,alvarado,Granted 1837 by Juan Alvarado to Antonio Buelna. Present-day Santa Clara County.,,,Diseño (Bancroft Land Case Maps) | Boundary: NAHC/CNRA California Land Grants (PLSS reconstruction),
ranchos,rancho-rincon-de-san-francisquito-310,,Rincon de San Francisquito (José Peña),1841,1841,year,37.41282,-122.10895,exact,rancho,alvarado,Granted 1841 by Juan Alvarado to José Peña. Present-day Santa Clara County.,,,Diseño (Bancroft Land Case Maps) | Boundary: NAHC/CNRA California Land Grants (PLSS reconstruction),
ranchos,rancho-posolmi-311,,Posolmi (Lope Yñigo),1844,1844,year,37.41259,-122.03865,exact,rancho,micheltorena,Granted 1844 by Manuel Micheltorena to Lope Yñigo. Present-day Santa Clara County.,,,Diseño (Bancroft Land Case Maps) | Boundary: NAHC/CNRA California Land Grants (PLSS reconstruction),
ranchos,rancho-pastoria-de-las-borregas-312,,Pastoria de las Borregas (Francisco Estrada),1842,1842,year,37.37448,-122.00429,exact,rancho,alvarado,Granted 1842 by Juan Alvarado to Francisco Estrada. Present-day Santa Clara County.,,,Diseño (Bancroft Land Case Maps) | Boundary: NAHC/CNRA California Land Grants (PLSS reconstruction),
ranchos,rancho-potrero-de-santa-clara-313,,Potrero de Santa Clara (James Alexander Forbes),1844,1844,year,37.3989,-121.96868,exact,rancho,micheltorena,Granted 1844 by Manuel Micheltorena to James Alexander Forbes. Present-day Santa Clara County.,,,Boundary: NAHC/CNRA California Land Grants (PLSS reconstruction),
ranchos,rancho-quito-314,,Quito (José Zenon Fernandez and Jose Noriega),1841,1841,year,37.30274,-121.9912,exact,rancho,alvarado,Granted 1841 by Juan Alvarado to José Zenon Fernandez and Jose Noriega. Present-day Santa Clara County.,,,Diseño (Bancroft Land Case Maps) | Boundary: NAHC/CNRA California Land Grants (PLSS reconstruction),
ranchos,rancho-los-tularcitos-315,,Los Tularcitos (José Loreto Higuera),1821,1821,year,37.45458,-121.86168,exact,rancho,spanish,Granted 1821 by Pablo Vicente de Solá to José Loreto Higuera. Present-day Santa Clara County.,,,Diseño (Bancroft Land Case Maps) | Boundary: NAHC/CNRA California Land Grants (PLSS reconstruction),
ranchos,rancho-milpitas-316,,Milpitas (José María Alviso),1835,1835,year,37.42016,-121.8772,exact,rancho,interim,Granted 1835 by José Castro to José María Alviso. Present-day Santa Clara County.,,,Diseño (Bancroft Land Case Maps) | Boundary: NAHC/CNRA California Land Grants (PLSS reconstruction),
ranchos,rancho-rincon-de-los-esteros-317,,Rincon de Los Esteros (Ignacio Alviso),1838,1838,year,37.44676,-121.96242,exact,rancho,alvarado,Granted 1838 by Juan Alvarado to Ignacio Alviso. Present-day Santa Clara County.,,,Diseño (Bancroft Land Case Maps) | Boundary: NAHC/CNRA California Land Grants (PLSS reconstruction),
ranchos,rancho-rincon-de-los-esteros-318,,Rincon de Los Esteros (Ignacio Alviso),1838,1838,year,37.40356,-121.91472,exact,rancho,alvarado,Granted 1838 by Juan Alvarado to Ignacio Alviso. Present-day Santa Clara County.,,,Diseño (Bancroft Land Case Maps) | Boundary: NAHC/CNRA California Land Grants (PLSS reconstruction),
ranchos,rancho-ulistac-319,,Ulistac (Marcelo; Pio and Cristoval),1845,1845,year,37.40025,-121.93665,exact,rancho,pico,Granted 1845 by Pio Pico to Marcelo; Pio and Cristoval. Present-day Santa Clara County.,,,Diseño (Bancroft Land Case Maps) | Boundary: NAHC/CNRA California Land Grants (PLSS reconstruction),
ranchos,rancho-pala-320,,Pala (Jose Higuera),1835,1835,year,37.35559,-121.80473,exact,rancho,interim,Granted 1835 by José Castro to Jose Higuera. Present-day Santa Clara County.,,,Boundary: NAHC/CNRA California Land Grants (PLSS reconstruction),
ranchos,rancho-ex-mission-san-jose-321,,Ex-Mission San José (Andrés Pico and Juan B. Alvarado [27]),1846,1846,year,37.53984,-121.89009,exact,rancho,pico,Granted 1846 by Pio Pico to Andrés Pico and Juan B. Alvarado [27]. Present-day Alameda County.,,,Boundary: NAHC/CNRA California Land Grants (PLSS reconstruction),
ranchos,rancho-valle-de-san-jose-322,,"Valle de San Jose (Pico, Sunol and Bernal)",1839,1839,year,37.61423,-121.81728,exact,rancho,alvarado,"Granted 1839 by Juan Alvarado to Pico, Sunol and Bernal. Present-day Alameda County.",,,Diseño (Bancroft Land Case Maps) | Boundary: NAHC/CNRA California Land Grants (PLSS reconstruction),
ranchos,rancho-san-ramon-323,,San Ramon (Bartolome Pacheco and Mariano Castro),1833,1833,year,37.7516,-121.93273,exact,rancho,figueroa,Granted 1833 by Jose Figueroa to Bartolome Pacheco and Mariano Castro. Present-day Contra Costa County.,,,Diseño (Bancroft Land Case Maps) | Boundary: NAHC/CNRA California Land Grants (PLSS reconstruction),
ranchos,rancho-las-positas-324,,Las Positas (Robert Livermore and Jose Noriega),1839,1839,year,37.68293,-121.72442,exact,rancho,alvarado,Granted 1839 by Juan Alvarado to Robert Livermore and Jose Noriega. Present-day Alameda County.,,,Diseño (Bancroft Land Case Maps) | Boundary: NAHC/CNRA California Land Grants (PLSS reconstruction),
ranchos,rancho-canada-de-los-vaqueros-325,,Cañada de los Vaqueros (Francisco Alviso; Antonio Higuera; and Manuel Miranda),1844,1844,year,37.8116,-121.69404,exact,rancho,micheltorena,Granted 1844 by Manuel Micheltorena to Francisco Alviso; Antonio Higuera; and Manuel Miranda. Present-day Contra Costa County.,,,Boundary: NAHC/CNRA California Land Grants (PLSS reconstruction),
ranchos,rancho-los-meganos-326,,Los Meganos (Jose Noriega),1835,1835,year,37.91808,-121.68987,exact,rancho,interim,Granted 1835 by Jose Castro to Jose Noriega. Present-day Contra Costa County.,,,Diseño (Bancroft Land Case Maps) | Boundary: NAHC/CNRA California Land Grants (PLSS reconstruction),
ranchos,rancho-los-medanos-327,,Los Medanos (Jose Antonio Mesa and Jose Miguel Garcia),1839,1839,year,38.0171,-121.87216,exact,rancho,alvarado,Granted 1839 by Juan Alvarado to Jose Antonio Mesa and Jose Miguel Garcia. Present-day Contra Costa County.,,,Diseño (Bancroft Land Case Maps) | Boundary: NAHC/CNRA California Land Grants (PLSS reconstruction),
ranchos,rancho-san-pablo-328,,San Pablo (Francisco María Castro),1823,1823,year,37.95283,-122.31924,exact,rancho,echeandia,Granted 1823 by Luís Antonio Argüello to Francisco María Castro. Present-day Contra Costa County.,,,Diseño (Bancroft Land Case Maps) | Boundary: NAHC/CNRA California Land Grants (PLSS reconstruction),
ranchos,rancho-el-pinole-329,,El Pinole (Ygnacio Martinez),1842,1842,year,38.01937,-122.22137,exact,rancho,alvarado,Granted 1842 by Juan Alvarado to Ygnacio Martinez. Present-day Contra Costa County.,,,Diseño (Bancroft Land Case Maps) | Boundary: NAHC/CNRA California Land Grants (PLSS reconstruction),
ranchos,rancho-san-antonio-330,,San Antonio (Luís María Peralta),1820,1820,year,37.85166,-122.23357,exact,rancho,spanish,"Rancho San Antonio was granted in 1820, in the late Spanish period, to Luis Maria Peralta, and covered roughly 44,800 acres across present Oakland, Berkeley, Alameda, and San Leandro. It was later divided among Peralta's four sons.",,,Diseño (Bancroft Land Case Maps) | Boundary: NAHC/CNRA California Land Grants (PLSS reconstruction),
ranchos,rancho-laguna-de-los-palos-colorados-331,,Laguna de los Palos Colorados (Joaquin Moraga; Juan Bernal),1841,1841,year,37.85049,-122.09051,exact,rancho,alvarado,Granted 1841 by Juan Alvarado to Joaquin Moraga; Juan Bernal. Present-day Contra Costa County.,,,Diseño (Bancroft Land Case Maps) | Boundary: NAHC/CNRA California Land Grants (PLSS reconstruction),
ranchos,rancho-acalanes-332,,Acalanes (Candelario Valencia),1834,1834,year,37.89132,-122.11828,exact,rancho,figueroa,Granted 1834 by José Figueroa to Candelario Valencia. Present-day Contra Costa County.,,,Diseño (Bancroft Land Case Maps) | Boundary: NAHC/CNRA California Land Grants (PLSS reconstruction),
ranchos,rancho-las-juntas-333,,Las Juntas (William Welch),1844,1844,year,37.93327,-122.04756,exact,rancho,micheltorena,Granted 1844 by Manuel Micheltorena to William Welch. Present-day Contra Costa County.,,,Diseño (Bancroft Land Case Maps) | Boundary: NAHC/CNRA California Land Grants (PLSS reconstruction),
ranchos,rancho-canada-del-hambre-y-las-bolsas-334,,Cañada del Hambre y Las Bolsas (Teodora Soto),1842,1842,year,38.0035,-122.06956,exact,rancho,alvarado,Granted 1842 by Juan Alvarado to Teodora Soto. Present-day Contra Costa County.,,,Diseño (Bancroft Land Case Maps) | Boundary: NAHC/CNRA California Land Grants (PLSS reconstruction),
ranchos,rancho-canada-del-hambre-y-las-bolsas-335,,Cañada del Hambre y Las Bolsas (Teodora Soto),1842,1842,year,38.00378,-122.14501,exact,rancho,alvarado,Granted 1842 by Juan Alvarado to Teodora Soto. Present-day Contra Costa County.,,,Diseño (Bancroft Land Case Maps) | Boundary: NAHC/CNRA California Land Grants (PLSS reconstruction),
ranchos,rancho-potrero-de-los-cerritos-336,,Potrero de los Cerritos (Tomas Pacheco and Agustin Alviso),1844,1844,year,37.5742,-122.03459,exact,rancho,micheltorena,Granted 1844 by Manuel Micheltorena to Tomas Pacheco and Agustin Alviso. Present-day Alameda County.,,,Diseño (Bancroft Land Case Maps) | Boundary: NAHC/CNRA California Land Grants (PLSS reconstruction),
ranchos,rancho-arroyo-de-la-alameda-337,,Arroyo de la Alameda (Jose Jesus Vallejo),1842,1842,year,37.59874,-122.03048,exact,rancho,alvarado,Granted 1842 by Juan Alvarado to Jose Jesus Vallejo. Present-day Alameda County.,,,Diseño (Bancroft Land Case Maps) | Boundary: NAHC/CNRA California Land Grants (PLSS reconstruction),
ranchos,rancho-san-lorenzo-baja-338,,San Lorenzo Baja (Francisco Soto),1842,1842,year,37.66153,-122.10413,exact,rancho,alvarado,Granted 1842 by Juan Alvarado to Francisco Soto. Present-day Alameda County.,,,Boundary: NAHC/CNRA California Land Grants (PLSS reconstruction),
ranchos,rancho-san-leandro-339,,San Leandro (José Joaquin Estudillo),1842,1842,year,37.69341,-122.12916,exact,rancho,alvarado,Granted 1842 by Juan Alvarado to José Joaquin Estudillo. Present-day Alameda County.,,,Diseño (Bancroft Land Case Maps) | Boundary: NAHC/CNRA California Land Grants (PLSS reconstruction),
ranchos,rancho-san-antonio-340,,San Antonio (Luís María Peralta),1820,1820,year,37.74316,-122.17534,exact,rancho,spanish,"Rancho San Antonio was granted in 1820, in the late Spanish period, to Luis Maria Peralta, and covered roughly 44,800 acres across present Oakland, Berkeley, Alameda, and San Leandro. It was later divided among Peralta's four sons.",,,Diseño (Bancroft Land Case Maps) | Boundary: NAHC/CNRA California Land Grants (PLSS reconstruction),
ranchos,rancho-san-antonio-341,,San Antonio (Luís María Peralta),1820,1820,year,37.79758,-122.19141,exact,rancho,spanish,"Rancho San Antonio was granted in 1820, in the late Spanish period, to Luis Maria Peralta, and covered roughly 44,800 acres across present Oakland, Berkeley, Alameda, and San Leandro. It was later divided among Peralta's four sons.",,,Diseño (Bancroft Land Case Maps) | Boundary: NAHC/CNRA California Land Grants (PLSS reconstruction),
ranchos,rancho-arroyo-de-las-nueces-y-bolbones-342,,Arroyo de Las Nueces y Bolbones (Juana Sanchez de Pacheco),1834,1834,year,37.89646,-121.98003,exact,rancho,figueroa,Granted 1834 by José Figueroa to Juana Sanchez de Pacheco. Present-day Contra Costa County.,,,Diseño (Bancroft Land Case Maps) | Boundary: NAHC/CNRA California Land Grants (PLSS reconstruction),
ranchos,rancho-petaluma-343,,Petaluma (Mariano Guadalupe Vallejo),1834,1834,year,38.26034,-122.51698,exact,rancho,figueroa,"This United States patent survey depicts Rancho Petaluma, the roughly 66,000-acre Sonoma County grant held by General Mariano Guadalupe Vallejo, the largest and most important estate in the Mexican north bay. The surviving Petaluma Adobe was its working headquarters.",,,Diseño (Bancroft Land Case Maps) | Boundary: NAHC/CNRA California Land Grants (PLSS reconstruction),
ranchos,rancho-olompali-344,,Olompali (Camilo Ynitia),1843,1843,year,38.17106,-122.59544,exact,rancho,micheltorena,"Rancho Olompali in Marin County was granted in 1843 to Camilo Ynitia, a Coast Miwok headman, making it one of the very few Mexican grants confirmed to a Native Californian. The site was also the location of the only armed skirmish of the Bear Flag Revolt in June 1846.",,,Diseño (Bancroft Land Case Maps) | Boundary: NAHC/CNRA California Land Grants (PLSS reconstruction),
ranchos,rancho-novato-345,,Novato (Fernando Feliz),1839,1839,year,38.12335,-122.53828,exact,rancho,alvarado,Granted 1839 by Juan Alvarado to Fernando Feliz. Present-day Marin County.,,,Diseño (Bancroft Land Case Maps) | Boundary: NAHC/CNRA California Land Grants (PLSS reconstruction),
ranchos,rancho-soulajule-346,,Soulajule (José Ramón Mesa),1844,1844,year,38.17488,-122.79274,exact,rancho,micheltorena,Granted 1844 by Manuel Micheltorena to José Ramón Mesa. Present-day Marin County.,,,Diseño (Bancroft Land Case Maps) | Boundary: NAHC/CNRA California Land Grants (PLSS reconstruction),
ranchos,rancho-estero-americano-347,,Estero Americano (Edward M. McIntosh),1839,1839,year,38.43552,-122.9517,exact,rancho,alvarado,"Rancho Estero Americano lay along the estuary of the same name on the Sonoma-Marin coast, immediately inland from Bodega Bay. It is generally associated with the grant made in the late 1830s to Edward Manuel McIntosh, and the tract later passed to surveyor Jasper O'Farrell.",,,Diseño (Bancroft Land Case Maps) | Boundary: NAHC/CNRA California Land Grants (PLSS reconstruction),
ranchos,rancho-santa-ana-del-chino-348,,Santa Ana del Chino (Antonio Maria Lugo),1841,1841,year,34.02961,-117.70569,exact,rancho,alvarado,Granted 1841 by Juan Alvarado to Antonio Maria Lugo. Present-day San Bernardino County.,,,Diseño (Bancroft Land Case Maps) | Boundary: NAHC/CNRA California Land Grants (PLSS reconstruction),
ranchos,rancho-sausal-redondo-349,,Sausal Redondo (Antonio Ygnacio Avila),1822,1822,year,33.80644,-118.35518,exact,rancho,alvarado,Granted 1822 by Capitan de la Guerra y Noriega to Antonio Ygnacio Avila. Present-day Los Angeles County.,,,Diseño (Bancroft Land Case Maps) | Boundary: NAHC/CNRA California Land Grants (PLSS reconstruction),
ranchos,rancho-los-palos-verdes-350,,Los Palos Verdes (Juan Sepulveda and siblings),1827,1827,year,33.74665,-118.31627,exact,rancho,echeandia,Granted 1827 by Jose Maria de Echeandia to Juan Sepulveda and siblings. Present-day Los Angeles County.,,,Diseño (Bancroft Land Case Maps) | Boundary: NAHC/CNRA California Land Grants (PLSS reconstruction),
ranchos,rancho-santa-catalina-island-351,,Santa Catalina Island (Thomas M. Robbins),1846,1846,year,33.3764,-118.42721,exact,rancho,pico,Granted 1846 by Pío Pico to Thomas M. Robbins. Present-day Los Angeles County.,,,Boundary: NAHC/CNRA California Land Grants (PLSS reconstruction),
ranchos,rancho-427-352,,427 (Andrés Castillero),1839,1839,year,34.01266,-119.64987,exact,rancho,alvarado,Granted 1839 by Juan Alvarado to Andrés Castillero. Present-day Santa Barbara County.,,,Boundary: NAHC/CNRA California Land Grants (PLSS reconstruction),
ranchos,rancho-santa-rosa-island-353,,Santa Rosa Island (José Antonio Carrillo and Carlos Antonio Carrillo),1843,1843,year,33.98208,-120.17758,exact,rancho,micheltorena,Granted 1843 by Manuel Micheltorena to José Antonio Carrillo and Carlos Antonio Carrillo. Present-day Santa Barbara County.,,,Boundary: NAHC/CNRA California Land Grants (PLSS reconstruction),
ranchos,rancho-los-ulpinos-354,,Los Ulpinos (John Bidwell),1844,1844,year,38.14858,-121.70261,exact,rancho,micheltorena,Granted 1844 by Manuel Micheltorena to John Bidwell. Present-day Solano County.,,,Diseño (Bancroft Land Case Maps) | Boundary: NAHC/CNRA California Land Grants (PLSS reconstruction),
ranchos,rancho-rincon-de-la-puente-del-monte-355,,Rincon de la Puente del Monte (Teodoro Gonzalez),1836,1836,year,36.52417,-121.45469,exact,rancho,interim,Granted 1836 by Nicolas Gutierrez to Teodoro Gonzalez. Present-day Monterey County.,,,Diseño (Bancroft Land Case Maps) | Boundary: NAHC/CNRA California Land Grants (PLSS reconstruction),
ranchos,rancho-zanjones-356,,Zanjones (Gabriel de la Torre),1839,1839,year,36.5584,-121.50661,exact,rancho,alvarado,Granted 1839 by Manuel Jimeno to Gabriel de la Torre. Present-day Monterey County.,,,Diseño (Bancroft Land Case Maps) | Boundary: NAHC/CNRA California Land Grants (PLSS reconstruction),
ranchos,rancho-chualar-357,,Chualar (Juan Malarin),1839,1839,year,36.59223,-121.48014,exact,rancho,alvarado,Granted 1839 by Manuel Jimeno to Juan Malarin. Present-day Monterey County.,,,Diseño (Bancroft Land Case Maps) | Boundary: NAHC/CNRA California Land Grants (PLSS reconstruction),
ranchos,rancho-corral-de-tierra-358,,Corral de Tierra (Francisco Guerrero y Palomares),1839,1839,year,37.52059,-122.46191,exact,rancho,alvarado,Granted 1839 by Manuel Jimeno to Francisco Guerrero y Palomares. Present-day San Mateo County.,,,Diseño (Bancroft Land Case Maps) | Boundary: NAHC/CNRA California Land Grants (PLSS reconstruction),
ranchos,rancho-miramontes-359,,Miramontes (Candelario Miramontes),1841,1841,year,37.45268,-122.40842,exact,rancho,alvarado,Granted 1841 by Juan Alvarado to Candelario Miramontes. Present-day San Mateo County.,,,Diseño (Bancroft Land Case Maps) | Boundary: NAHC/CNRA California Land Grants (PLSS reconstruction),
ranchos,rancho-corral-de-tierra-360,,Corral de Tierra (Tiburcio Vasquez),1839,1839,year,37.49101,-122.40632,exact,rancho,alvarado,Granted 1839 by Manuel Jimeno to Tiburcio Vasquez. Present-day San Mateo County.,,,Diseño (Bancroft Land Case Maps) | Boundary: NAHC/CNRA California Land Grants (PLSS reconstruction),
ranchos,rancho-buri-buri-361,,Buri Buri (José Antonio Sánchez),1835,1835,year,37.62216,-122.3916,exact,rancho,interim,Granted 1835 by José Castro to José Antonio Sánchez. Present-day San Mateo County.,,,Diseño (Bancroft Land Case Maps) | Boundary: NAHC/CNRA California Land Grants (PLSS reconstruction),
ranchos,rancho-laguna-de-la-merced-362,,Laguna de la Merced (Jose Antonio Galindo),1835,1835,year,37.74273,-122.44,exact,rancho,interim,Granted 1835 by José Castro to Jose Antonio Galindo. Present-day San Mateo County.,,,Diseño (Bancroft Land Case Maps) | Boundary: NAHC/CNRA California Land Grants (PLSS reconstruction),
ranchos,rancho-san-pedro-363,,San Pedro (Francisco Sanchez),1839,1839,year,37.65182,-122.47646,exact,rancho,alvarado,Granted 1839 by Juan Alvarado to Francisco Sanchez. Present-day San Mateo County.,,,Diseño (Bancroft Land Case Maps) | Boundary: NAHC/CNRA California Land Grants (PLSS reconstruction),
ranchos,rancho-tomales-y-baulines-364,,Tomales y Baulines (Rafael Garcia),1836,1836,year,38.03473,-122.73269,exact,rancho,interim,Granted 1836 by Nicolas Gutierrez to Rafael Garcia. Present-day Marin County.,,,Diseño (Bancroft Land Case Maps) | Boundary: NAHC/CNRA California Land Grants (PLSS reconstruction),
ranchos,rancho-tomales-y-baulines-365,,Tomales y Baulines (Rafael Garcia),1836,1836,year,37.98023,-122.60308,exact,rancho,interim,Granted 1836 by Nicolas Gutierrez to Rafael Garcia. Present-day Marin County.,,,Diseño (Bancroft Land Case Maps) | Boundary: NAHC/CNRA California Land Grants (PLSS reconstruction),
ranchos,rancho-canada-de-herrera-366,,Cañada de Herrera (Domingo Sais),1839,1839,year,37.99979,-122.56388,exact,rancho,alvarado,Granted 1839 by Manuel Jimeno to Domingo Sais. Present-day Marin County.,,,Diseño (Bancroft Land Case Maps) | Boundary: NAHC/CNRA California Land Grants (PLSS reconstruction),
ranchos,rancho-punta-de-quentin-367,,Punta de Quentin (John B.R. Cooper),1840,1840,year,37.95976,-122.51914,exact,rancho,alvarado,Granted 1840 by Juan Alvarado to John B.R. Cooper. Present-day Marin County.,,,Boundary: NAHC/CNRA California Land Grants (PLSS reconstruction),
ranchos,rancho-saucelito-368,,Saucelito (William A. Richardson),1838,1838,year,37.86858,-122.49712,exact,rancho,alvarado,Granted 1838 by Juan Alvarado to William A. Richardson. Present-day Marin County.,,,Diseño (Bancroft Land Case Maps) | Boundary: NAHC/CNRA California Land Grants (PLSS reconstruction),
ranchos,rancho-corte-madera-del-presidio-369,,Corte Madera del Presidio (John (Juan) Reed),1834,1834,year,37.90948,-122.46631,exact,rancho,figueroa,Granted 1834 by José Figueroa to John (Juan) Reed. Present-day Marin County.,,,Diseño (Bancroft Land Case Maps) | Boundary: NAHC/CNRA California Land Grants (PLSS reconstruction),
ranchos,rancho-boca-de-la-canada-del-pinole-370,,Boca de la Cañada del Pinole (Maria Manuela Valencia),1842,1842,year,37.93635,-122.13675,exact,rancho,alvarado,Granted 1842 by Juan Alvarado to Maria Manuela Valencia. Present-day Contra Costa County.,,,Diseño (Bancroft Land Case Maps) | Boundary: NAHC/CNRA California Land Grants (PLSS reconstruction),
ranchos,rancho-guajome-371,,Guajome (Andres and Jose Manuel),1845,1845,year,33.23879,-117.32679,exact,rancho,pico,Granted 1845 by Pío Pico to Andres and Jose Manuel. Present-day San Diego County.,,,Boundary: NAHC/CNRA California Land Grants (PLSS reconstruction),
ranchos,rancho-san-jose-del-valle-372,,San Jose del Valle (Juan José Warner),1844,1844,year,33.2433,-116.70547,exact,rancho,micheltorena,Granted 1844 by Manuel Micheltorena to Juan José Warner. Present-day San Diego County.,,,Boundary: NAHC/CNRA California Land Grants (PLSS reconstruction),
ranchos,rancho-cuyama-373,,Cuyama (Cesario Lataillade),1846,1846,year,35.06913,-119.95634,exact,rancho,pico,Granted 1846 by Pio Pico to Cesario Lataillade. Present-day Santa Barbara County.,,,Diseño (Bancroft Land Case Maps) | Boundary: NAHC/CNRA California Land Grants (PLSS reconstruction),
ranchos,rancho-castaic-374,,Castaic (Jose Maria Covarrubias),1843,1843,year,34.91845,-118.87551,exact,rancho,micheltorena,Granted 1843 by Manuel Micheltorena to Jose Maria Covarrubias. Present-day Kern County.,,,Boundary: NAHC/CNRA California Land Grants (PLSS reconstruction),
ranchos,rancho-el-tejon-375,,El Tejon (José Antonio Aguirre and Ygnacio del Valle),1843,1843,year,35.11895,-118.76957,exact,rancho,micheltorena,Granted 1843 by Manuel Micheltorena to José Antonio Aguirre and Ygnacio del Valle. Present-day Kern County.,,,Diseño (Bancroft Land Case Maps) | Boundary: NAHC/CNRA California Land Grants (PLSS reconstruction),
ranchos,rancho-la-liebre-376,,La Liebre (Jose Maria Flores),1846,1846,year,34.87725,-118.64977,exact,rancho,pico,Granted 1846 by Pio Pico to Jose Maria Flores. Present-day Kern County.,,,Boundary: NAHC/CNRA California Land Grants (PLSS reconstruction),
ranchos,rancho-ausaymas-y-san-felipe-377,,Ausaymas y San Felipe (Francisco Perez Pacheco),1833,1833,year,36.97281,-121.38606,exact,rancho,figueroa,Granted 1833 by José Figueroa to Francisco Perez Pacheco. Present-day Santa Clara County.,,,Diseño (Bancroft Land Case Maps) | Boundary: NAHC/CNRA California Land Grants (PLSS reconstruction),
ranchos,rancho-bolsa-de-san-felipe-378,,Bolsa de San Felipe (Francisco P. Pacheco),1840,1840,year,36.9211,-121.39126,exact,rancho,alvarado,Granted 1840 by Juan Alvarado to Francisco P. Pacheco. Present-day San Benito County.,,,Diseño (Bancroft Land Case Maps) | Boundary: NAHC/CNRA California Land Grants (PLSS reconstruction),
ranchos,rancho-llano-de-tesquisquita-379,,Llano de Tesquisquita (Jose Maria Sanchez),1835,1835,year,36.96182,-121.46395,exact,rancho,interim,Granted 1835 by José Castro to Jose Maria Sanchez. Present-day San Benito County.,,,Boundary: NAHC/CNRA California Land Grants (PLSS reconstruction),
ranchos,rancho-san-ysidro-gilroy-380,,San Ysidro (Gilroy) (Maria Clara de la Asuncion Ortega),1833,1833,year,37.04563,-121.4943,exact,rancho,figueroa,Granted 1833 by José Figueroa to Maria Clara de la Asuncion Ortega. Present-day Santa Clara County.,,,Boundary: NAHC/CNRA California Land Grants (PLSS reconstruction),
ranchos,rancho-juristac-381,,Juristac (Antonio and Faustino German),1835,1835,year,36.93168,-121.552,exact,rancho,interim,Granted 1835 by José Castro to Antonio and Faustino German. Present-day Santa Clara County.,,,Diseño (Bancroft Land Case Maps) | Boundary: NAHC/CNRA California Land Grants (PLSS reconstruction),
ranchos,rancho-las-animas-382,,Las Animas (José Mariano Castro),1803,1803,year,36.98489,-121.58666,exact,rancho,spanish,Granted 1803 by Feliz Berenguer to José Mariano Castro. Present-day Santa Clara County.,,,Diseño (Bancroft Land Case Maps) | Boundary: NAHC/CNRA California Land Grants (PLSS reconstruction),
ranchos,rancho-cienega-de-los-paicines-383,,Cienega de los Paicines (Angel Castro and Jose Rodriguez),1842,1842,year,36.74069,-121.28448,exact,rancho,alvarado,Granted 1842 by Juan Alvarado to Angel Castro and Jose Rodriguez. Present-day San Benito County.,,,Diseño (Bancroft Land Case Maps) | Boundary: NAHC/CNRA California Land Grants (PLSS reconstruction),
ranchos,rancho-santa-teresa-384,,Santa Teresa (Jose Joaquin Bernal),1834,1834,year,37.23965,-121.76314,exact,rancho,figueroa,Granted 1834 by José Figueroa to Jose Joaquin Bernal. Present-day Santa Clara County.,,,Diseño (Bancroft Land Case Maps) | Boundary: NAHC/CNRA California Land Grants (PLSS reconstruction),
ranchos,rancho-san-vicente-385,,San Vicente (José de los Reyes Berreyesa),1842,1842,year,37.21018,-121.79865,exact,rancho,alvarado,Granted 1842 by Juan Alvarado to José de los Reyes Berreyesa. Present-day Santa Clara County.,,,Diseño (Bancroft Land Case Maps) | Boundary: NAHC/CNRA California Land Grants (PLSS reconstruction),
ranchos,rancho-los-capitancillos-386,,Los Capitancillos (Justo Larios),1842,1842,year,37.24411,-121.84137,exact,rancho,alvarado,Granted 1842 by Juan Alvarado to Justo Larios. Present-day Santa Clara County.,,,Diseño (Bancroft Land Case Maps) | Boundary: NAHC/CNRA California Land Grants (PLSS reconstruction),
ranchos,rancho-canada-de-los-capitancillos-387,,Cañada de los Capitancillos (Justo Larios),1842,1842,year,37.22817,-121.86512,exact,rancho,alvarado,Granted 1842 by Juan Alvarado to Justo Larios. Present-day Santa Clara County.,,,Diseño (Bancroft Land Case Maps) | Boundary: NAHC/CNRA California Land Grants (PLSS reconstruction),
ranchos,rancho-buena-vista-388,,Buena Vista (Jose Maria Soberanes and Joaquin Castro),1795,1795,year,36.61793,-121.62066,exact,rancho,spanish,Granted 1795 by Diego de Borica to Jose Maria Soberanes and Joaquin Castro. Present-day Monterey County.,,,Boundary: NAHC/CNRA California Land Grants (PLSS reconstruction),
ranchos,rancho-los-laureles-389,,Los Laureles (José M. Boronda and Vicente Blas Martínez),1839,1839,year,36.50772,-121.71443,exact,rancho,alvarado,Granted 1839 by Juan Alvarado to José M. Boronda and Vicente Blas Martínez. Present-day Monterey County.,,,Diseño (Bancroft Land Case Maps) | Boundary: NAHC/CNRA California Land Grants (PLSS reconstruction),
ranchos,rancho-san-lorenzo-390,,San Lorenzo (Rafael Sanchez),1846,1846,year,36.40337,-121.08168,exact,rancho,pico,Granted 1846 by Pio Pico to Rafael Sanchez. Present-day San Benito County.,,,Diseño (Bancroft Land Case Maps) | Boundary: NAHC/CNRA California Land Grants (PLSS reconstruction),
ranchos,rancho-panoche-grande-391,,Panoche Grande (Vicente Gomez),1844,1844,year,36.4486,-120.74376,exact,rancho,micheltorena,Granted 1844 by Manuel Micheltorena to Vicente Gomez. Present-day San Benito County.,,,Diseño (Bancroft Land Case Maps) | Boundary: NAHC/CNRA California Land Grants (PLSS reconstruction),
ranchos,rancho-cienega-del-gabilan-392,,Cienega del Gabilan (Antonio Chavis),1843,1843,year,36.74898,-121.49847,exact,rancho,micheltorena,Granted 1843 by Manuel Micheltorena to Antonio Chavis. Present-day San Benito County.,,,Diseño (Bancroft Land Case Maps) | Boundary: NAHC/CNRA California Land Grants (PLSS reconstruction),
ranchos,rancho-corral-de-tierra-393,,Corral de Tierra (Francisco and Guadalupe Figueroa),1836,1836,year,36.56106,-121.80183,exact,rancho,interim,Granted 1836 by Nicolas Gutierrez to Francisco and Guadalupe Figueroa. Present-day Monterey County.,,,Diseño (Bancroft Land Case Maps) | Boundary: NAHC/CNRA California Land Grants (PLSS reconstruction),
ranchos,rancho-tract-near-santa-clara-394,,Tract near Santa Clara (Francisco Garcia),1845,1845,year,37.44687,-122.10609,exact,rancho,micheltorena,Granted 1845 by Manuel Micheltorena to Francisco Garcia. Present-day Santa Clara County.,,,Boundary: NAHC/CNRA California Land Grants (PLSS reconstruction),
ranchos,rancho-lac-395,,Lac (Damaso Antonio Rodriguez),1844,1844,year,38.28636,-122.42857,exact,rancho,micheltorena,Granted 1844 by Manuel Micheltorena to Damaso Antonio Rodriguez. Present-day Sonoma County.,,,Boundary: NAHC/CNRA California Land Grants (PLSS reconstruction),
ranchos,rancho-san-emigdio-396,,San Emigdio (Jose Antonio Dominguez),1842,1842,year,34.96555,-119.23632,exact,rancho,alvarado,Granted 1842 by Juan Alvarado to Jose Antonio Dominguez. Present-day Kern County.,,,Boundary: NAHC/CNRA California Land Grants (PLSS reconstruction),
ranchos,rancho-los-alamos-y-agua-caliente-397,,Los Alamos y Agua Caliente (Pedro Carrillo),1843,1843,year,34.90982,-118.7989,exact,rancho,micheltorena,Granted 1843 by Manuel Micheltorena to Pedro Carrillo. Present-day Kern County.,,,Diseño (Bancroft Land Case Maps) | Boundary: NAHC/CNRA California Land Grants (PLSS reconstruction),
ranchos,rancho-san-luis-gonzaga-398,,San Luis Gonzaga (Jose Maria Mojia and Juan Perez Pacheco),1843,1843,year,37.06651,-121.21334,exact,rancho,micheltorena,"Granted 1843 by Manuel Micheltorena to Jose Maria Mojia and Juan Perez Pacheco. Present-day Merced, Santa Clara County.",,,Boundary: NAHC/CNRA California Land Grants (PLSS reconstruction),
ranchos,rancho-san-ysidro-ortega-399,,San Ysidro (Ortega) (Quintin and Maria Clara and Maria Isabel Ortega),1833,1833,year,37.0095,-121.48272,exact,rancho,figueroa,Granted 1833 by José Figueroa to Quintin and Maria Clara and Maria Isabel Ortega. Present-day Santa Clara County.,,,Boundary: NAHC/CNRA California Land Grants (PLSS reconstruction),
ranchos,rancho-suscol-vallejo,,Suscol / Soscol (Mariano G. Vallejo),1843,1843,year,38.165,-122.16,area,rancho,contested,"About 84,000 acres that General Mariano G. Vallejo bought from Governor Micheltorena in 1843, running from Rancho Petaluma east to the Carquinez Strait and taking in Vallejo, Benicia, and Mare Island. The United States rejected the claim: in United States v. Vallejo (1862) the Supreme Court held that the governor had no authority to sell public land, voiding what would have been the largest grant of the north bay.",,,"Diseño: “Map of Suscol” (Bancroft Land Case Maps) | U.S. land-claim case no. 318 (Vallejo, claimant), Northern District of California | Boundary approximate — claim rejected, no U.S. patent","The circle marks the approximate extent of the claim, not a surveyed boundary; the U.S. never patented Suscol."
ranchos,grant-mare-island-castro,,Mare Island / Isla de la Yegua (Victor Castro),1841,1840–1841,year,38.1,-122.262,area,rancho,contested,"The island of Mare Island (Isla de la Yegua), about 900 acres, granted to Victor Castro — provisionally by the secretary Jimeno in 1840 and in fee by Governor Alvarado in 1841. Castro sold it to John B. Frisbie and B. R. Simmons; the U.S. Navy bought the island in 1853 for its Pacific shipyard. The grant overlapped Vallejo's Suscol claim and its title was likewise contested.",,,"U.S. land-claim case no. 311 (Mare Island; Bissell, claimant), Northern District of California | Boundary approximate — small contested island grant",
secularization-missions,dec-1826-echeandia-emancipation,,Echeandía opens partial emancipation,1826,1826,year,32.7157,-117.1611,place,document,decrees,"Gov. Echeandía's emancipation program begins: qualified neophytes of the southern missions may leave mission discipline, with individual segregation licenses following (Gil Riela and Andrés Ibarra among the first named). The 1826 San Diego dossier ties the friars' constitutional oath to neophyte emancipation and floats a neophyte pueblo at San Fernando or San Luis Rey.",,,"Dep. St. Pap. (C-A 27) Doc 127 (the 1826 oath-and-emancipation dossier). | Dep. Rec. (C-A 47) Doc 71 (segregation of Gil Riela, 30 Apr 1826).",The proclamation's own text is not in the vault surveys; its execution is. Standard accounts date the proclamation July 1826.
secularization-missions,dec-1827-land-inventory-bando,,Pre-secularization land census ordered,1827-10-07,"October 7, 1827",exact,36.620200000000004,-121.8947,place,document,decrees,"The Diputación orders every mission to report its lands and boundaries before year's end — the first territorial step toward disentailment. The resulting 1828 'Informes sobre terrenos y ganados' series, with each mission's cattle brand, survives in the State Papers: Missions volumes.",,,"Dep. St. Pap., Monterey (C-A 43) Doc 1 (bando, 7 Oct 1827). | St. Pap., Missions (C-A 50) Docs 402–412, 418 (the 1828 informes).",
secularization-missions,dec-1831-echeandia-decree,,Echeandía's secularization decree,1831-01-06,"January 6, 1831",exact,32.7457,-117.1211,place,document,decrees,"'Ley secularizando las Misiones, declarándolas pueblos' — 33 articles converting the missions to pueblos under the 1813 Cortes law, San Gabriel and San Carlos first, extended to all by art. 24. Read to the neophytes at the Monterey-district missions that January; suspended by Gov. Victoria within days, denounced to Mexico, and annulled by the central government in April 1832.",,,"Dep. Rec. (C-A 49) Doc 224 (the 33 articles, complete). | St. Pap., Missions & Colonization (C-A 53) Doc 29 (the decree). | Dep. St. Pap. (C-A 28) Docs 3–5 (promulgation to the neophytes, Jan 1831).",The C-A 49 copy sits after Nov-1831 letters in the volume; the surveys flag the year for verification against Bancroft/Hutchinson.
secularization-missions,dec-1833-mexican-law,,"The Mexican secularization law of Aug 17, 1833",1833-08-17,"August 17, 1833",exact,36.6482,-121.8947,place,document,decrees,"The national statute: 'Sobre secularización de las misiones de Alta y Baja California,' converting each mission to a secular parish. The Californian archive's own copy survives in the Superior Government State Papers, with the 26 Nov 1833 colonization companion law that underwrote the Híjar-Padrés colony.",,,"Sup. Govt. St. Pap. (C-A 57) Doc 93, orig. pp. 415–416. | Sup. Govt. St. Pap. (C-A 57) Doc 94 (the 26 Nov 1833 colonization law).",
secularization-missions,dec-1834-gomez-farias,,"Gómez Farías: all missions, four months",1834-04-16,"April 16, 1834",exact,36.6762,-121.8947,place,document,decrees,"The general secularization decree from Mexico: ALL the republic's missions to be secularized within four months. It reached California as Figueroa and the Diputación were already drafting their own, more gradual machinery.",,,Sup. Govt. St. Pap. (C-A 57) Doc 95.,
secularization-missions,dec-1834-figueroa-reglamento,,Figueroa's Reglamento Provisional,1834-08-09,"August 9, 1834",exact,36.7042,-121.8947,place,document,decrees,"The instrument that actually dismantled the system: missions partially converted to pueblos; each family head a solar of up to 400 varas and half the livestock; article 18 barring the Indians from alienating their grants; article 22 barring mass slaughter of herds. Enacted through the Diputación's article-by-article debate that July, with same-day instructions to the comisionados — general inventories, dissolution of the monjerío, rancherías of 25 families eligible to form pueblos.",,,"St. Pap., Missions & Colonization (C-A 53) Doc 78, Sav. 253–257 (the printed reglamento). | C-A 53 Doc 79 (Instrucciones para los Comisionados, 12 prevenciones). | Leg. Rec. (C-A 60) Doc 2 (the Diputación debate, Jul 1834). | Leg. Rec. (C-A 59) Doc 31 (the c. 1828–30 'Plan para convertir en pueblos las Misiones', the Diputación blueprint).",
secularization-missions,dec-1839-alvarado-reglamento,,Alvarado's administrators' reglamento,1839-01-01,"January 1, 1839",exact,36.7322,-121.8947,place,document,decrees,"A ~14-article code for the mission administrators — render accounts, no credit against mission property 'por ningún pretexto,' padrón of neophytes — the government's attempt to police the men it had put over the ex-mission estates. A further mission decree followed on 17 Apr 1839.",,,"Dep. St. Pap., San José (C-A 45) Doc 68 (the reglamento). | Dep. Rec. (C-A 49) Doc 639 (the 17 Apr 1839 decree, sent to Durán).","The standard accounts' 'Jan 17, 1839 regulation' matches neither vault instrument exactly; both are shown."
secularization-missions,dec-1840-mayordomos,,"Administrators suppressed, mayordomos created",1840-03-01,"March 1, 1840",exact,36.7602,-121.8947,place,document,decrees,Alvarado's 1 March 1840 decree suppresses the mission administrators and replaces them with mayordomos under the Visitador's oversight — the government's verdict on six years of administrator rule. Emancipation power was reserved exclusively to the government that October.,,,"Dep. St. Pap., LA: Decrees & Despatches (C-A 36) Doc 63, tomo p. 155. | Dep. Rec. (C-A 49) Doc 646 (16 copies to Durán, 8 Apr 1840). | Dep. Rec. (C-A 49) Doc 596 (emancipation reserved to the government, 23 Oct 1840).",
secularization-missions,dec-1843-micheltorena-return,,Micheltorena returns 12 missions to the friars,1843-03-29,"March 29, 1843",exact,36.7882,-121.8947,place,document,decrees,"The reversal: twelve named missions returned to the padres 'como en tutoría de los Indígenas,' remitting an eighth of their products — after a February order suspending all further alienation of mission lands. The 3 April circular ordering administrators to hand over names ten of them.",,,"St. Pap., Missions & Colonization (C-A 53) Doc 175, Sav. 669–674. | Dep. Rec. (C-A 49) Doc 1043 (the handover circular, 3 Apr 1843). | Dep. Rec. (C-A 49) Doc 1016 (the Feb 1843 alienation freeze).",
secularization-missions,dec-1845-pico-reglamento,,Pico's sale-and-lease reglamento,1845-10-28,"October 28, 1845",exact,34.0722,-118.33370000000001,place,document,decrees,"The 23-article 'Reglamento para la enajenación y arriendo de las Misiones': sell San Rafael, Dolores, Soledad, San Miguel, and La Purísima; lease the rest for nine years. Chapter 4 declares the neophytes freed and 'no estando obligados á servir á los arrendatarios'; article 20 lets Indians petition for inalienable title to their house and garden plots. Andrés Pico and Juan Manso had been inventorying the missions since May — the commission's object expressly their arrendamiento.",,,"Dep. St. Pap., LA: Decrees & Despatches (C-A 36) Doc 107 (verbatim, 23 arts.). | Dep. Rec. (C-A 49) Doc 1225 (the commission's lease mandate, 1 Jul 1845). | C-A 53 Doc 191 (Pico & Manso commissioned, 11 Jul 1845).",
secularization-missions,dec-1845-mexico-suspends,,Mexico orders the sales suspended,1845-11-14,"November 14, 1845",exact,34.102199999999996,-118.3737,place,document,decrees,"The supreme government, learning what the Department 'ha dispuesto' with the missions, orders all alienation proceedings reported and suspended. The sales went ahead anyway.",,,"St. Pap., Missions & Colonization (C-A 53) Doc 181.",
secularization-missions,dec-1846-sale-decree,,The Assembly authorizes outright sale,1846-04-03,"April 3, 1846",exact,34.1322,-118.4137,place,document,decrees,"Pico's government, invoking the common defense 'en caso de una invasión extranjera,' authorizes auctioning the missions to pay their creditors, any surplus to each mission's Indian community. The June 1846 deeds of sale cite this decree as their authority.",,,"Dep. St. Pap., LA: Decrees & Despatches (C-A 36) Doc 110. | St. Pap., Missions (C-A 51) Doc 160 (the San Buenaventura escritura quoting the 13 Apr decree).",
secularization-missions,dec-1846-assembly-annuls,,The Assembly annuls Pico's sales,1846-10-30,"October 30, 1846",exact,34.1622,-118.4537,place,document,decrees,"With the American conquest underway, the Departmental Assembly annuls the mission sales (art. 1) while continuing the leases (art. 3). The U.S. courts finished the job: the Supreme Court later voided the San Gabriel and San Luis Rey sales.",,,"Unbound Docs. (C-A 63) Doc 479 (verbatim abstract). | U.S. v. Workman (1863) per Caragozian, CSCHS (standard account).",
secularization-missions,sec-san-diego,,Mission San Diego de Alcalá,1835-04,secularized 1834; administrator installed Apr 1835,month,32.7844,-117.1064,exact,mission,missions,Secularized under the 1834 program; José Joaquín Ortega administered the ex-mission from April 1835. Sold to Santiago Argüello in the last weeks of Mexican rule.,,,"St. Pap., Missions (C-A 51) Docs 57–58 (inventory & plano). | Unbound Docs. (C-A 63) Doc 393 (the Argüello sale, 8 Jun 1846). | Secularization year per the standard accounts (Krell; cross-checked against CA State Parks / NPS) — year grain.",An 1847 charge alleged the Argüello bill of sale was ante-dated (C-A 63 Doc 190).
secularization-missions,sec-san-luis-rey,,Mission San Luis Rey,1835-08-22,"inventoried August 22, 1835",exact,33.2318,-117.3178,exact,mission,missions,"The richest inventory in the record: $203,787 existencia across the mission and its ranchos (Pala, Santa Margarita, Temécula, San Jacinto). Pío Pico, first a comisionado, administered it to 1840 — removed only under threat of punishment — and its Luiseño residents mounted the most sustained documented resistance to the new order.",,,"St. Pap., Missions (C-A 51) Doc 15 (the 1835 general inventory). | Dep. Rec. (C-A 49) Doc 657 (the forced handover order, 23 Jul 1840). | Secularization year per the standard accounts (Krell; cross-checked against CA State Parks / NPS) — year grain.",The Cot & Pico sale of 1846 is not in the vault surveys; the July 1846 Marrón handover is.
secularization-missions,sec-san-juan-capistrano,,Mission San Juan Capistrano,1833,secularized 1833 (Echeandía's experiment),year,33.5017,-117.6628,exact,mission,missions,"The earliest secularization — Echeandía's pilot — and in 1841 the first ex-mission formally converted to a pueblo, with a 17-article reglamento and a land repartimiento naming its neófitos libres. Sold in December 1845 for $710.",,,"St. Pap., Missions (C-A 51) Doc 161 (Pico's consolidated alienation record). | Secularization year per the standard accounts (Krell; cross-checked against CA State Parks / NPS) — year grain.","The two vault sale records disagree on the second buyer — 'James McKinley' (C-A 51 Doc 161) vs 'Santiago Machado' (the título, C-A 63 Doc 508c). Both shown; unresolved."
secularization-missions,sec-san-gabriel,,Mission San Gabriel Arcángel,1834-11-24,"handed over November 24, 1834",exact,34.0967,-118.1067,exact,mission,missions,"Handed from Fr. Estenaga to comisionado Nicolás Gutiérrez in November 1834 with 12,980 cattle on its books; by the 1840 inventory the herd had collapsed to 72. Leased under Pico's program — the lease drive began here — and in the vault record assigned to Henry Dalton in February 1846.",,,"St. Pap., Missions (C-A 51) Doc 16 (the 1834 handover accounts). | St. Pap., Missions (C-A 51) Doc 54 (the 1840 inventory). | Secularization year per the standard accounts (Krell; cross-checked against CA State Parks / NPS) — year grain.",The Reid & Workman sale of June 1846 is not in the vault surveys as read; the U.S. Supreme Court later voided the San Gabriel sale (standard account).
secularization-missions,sec-san-fernando,,Mission San Fernando Rey,1834-12-18,"handed over December 18, 1834",exact,34.2733,-118.462,exact,mission,missions,"Entrega to comisionado Antonio del Valle in December 1834; a decade later, leased to Andrés Pico and Juan Manso, then sold to Eulogio Célis in June 1846 for $14,000 'para sostener la integridad del Territorio.'",,,"St. Pap., Missions (C-A 50) Doc 445 (the 1834 entrega). | St. Pap., Missions (C-A 51) Doc 161. | Secularization year per the standard accounts (Krell; cross-checked against CA State Parks / NPS) — year grain.","Lease figures differ between the two vault records ($1,120 vs $1,125); both shown."
secularization-missions,sec-san-buenaventura,,Mission San Buenaventura,1836-06-23,"handover ordered June 23, 1836",exact,34.2805,-119.2945,exact,mission,missions,Among the last secularized: Gov. Chico ordered Fr. Blas Ordaz to hand it to Carlos Carrillo in June 1836 amid the constitutional-oath fight. Sold to its lessee José Arnaz in June 1846 — 'dueño legítimo… para siempre' — followed by an 1846–48 asset-stripping dossier.,,,"St. Pap., Missions & Colonization (C-A 53) Doc 157 (the Chico expediente). | St. Pap., Missions (C-A 51) Doc 160 (the deed of sale). | Secularization year per the standard accounts (Krell; cross-checked against CA State Parks / NPS) — year grain.",The 1846–48 fraud dossier on the lease is C-A 63 Doc 464.
secularization-missions,sec-santa-barbara,,Mission Santa Bárbara,1835-03-15,"inventoried March 15, 1835",exact,34.4378,-119.7137,exact,mission,missions,"Comisionado Anastacio Carrillo took the richest coastal plant in the 1835 inventory — $113,960 existencia including Rancho Dos Pueblos — with $2,484 in goods distributed to the Indians. Leased in December 1845 to Nicolás Den and Daniel Hill.",,,"St. Pap., Missions (C-A 50) Doc 443 (the 1835 inventory). | St. Pap., Missions (C-A 51) Doc 161. | Secularization year per the standard accounts (Krell; cross-checked against CA State Parks / NPS) — year grain.",
secularization-missions,sec-santa-ines,,Mission Santa Inés,1836-08-01,"handed over August 1, 1836",exact,34.5964,-120.137,exact,mission,missions,"Secularized in the 1836 wave on Chico's order; Fr. Jimeno handed it to José María Covarrubias that August with an existencia of $56,437 — down to $39,284 within six months. Leased in 1845 to Covarrubias himself with Joaquín Carrillo.",,,"St. Pap., Missions (C-A 51) Doc 36 (the 1836 inventory). | St. Pap., Missions (C-A 51) Doc 161. | Secularization year per the standard accounts (Krell; cross-checked against CA State Parks / NPS) — year grain.",
secularization-missions,sec-la-purisima,,Mission La Purísima Concepción,1834,inventoried 1834,year,34.6724,-120.4239,exact,mission,missions,"Inventoried under article 15 of Figueroa's reglamento by comisionado Domingo Carrillo, with William Dana as appraiser: existencia $62,088.50 including ranchos Todos Santos and Guadalupe. One of the five missions Pico's reglamento listed for outright sale — bought by John Temple for $10,110 in December 1845.",,,"St. Pap., Missions (C-A 50) Doc 439 (the 1834 inventory). | St. Pap., Missions (C-A 51) Doc 161. | Secularization year per the standard accounts (Krell; cross-checked against CA State Parks / NPS) — year grain.",The survey flags the inventory digits as scale-2 reads pending verification.
secularization-missions,sec-san-luis-obispo,,Mission San Luis Obispo,1835,secularized 1835,year,35.281,-120.664,exact,mission,missions,"A revolving door of administrators (Trujillo, Moreno, Ayala, Canet, Bonilla); 253 souls in 1834. Erected into a pueblo in July 1844 — its emancipados barred from selling their lands — then sold in December 1845 to Scott, Wilson & McKinley.",,,"St. Pap., Missions (C-A 51) Doc 161. | Secularization year per the standard accounts (Krell; cross-checked against CA State Parks / NPS) — year grain.","The $510 price is the standard account; the vault record gives the buyers, not the price."
secularization-missions,sec-san-miguel,,Mission San Miguel Arcángel,1834,secularized 1834 (some accounts 1836),circa,35.7472,-120.696,exact,mission,missions,In January 1831 its neophytes refused Echeandía's secularization outright — 'quieren seguir bajo el actual sistema' — and in 1831 asked to remain 'en estado de Comunidad.' Listed for outright sale in Pico's reglamento; the vault holds no sale record.,,,"Dep. St. Pap. (C-A 28) Doc 3 (the neophytes' refusal, Jan 1831). | St. Pap., Missions (C-A 51) Doc 128 (the 1837 inventory). | Secularization year per the standard accounts (Krell; cross-checked against CA State Parks / NPS) — year grain.",The 1846 Ríos & Reed purchase is the standard account; not found in the vault surveys.
secularization-missions,sec-san-antonio,,Mission San Antonio de Padua,1834-11-12,"handed over November 12, 1834",exact,36.0144,-121.2497,exact,mission,missions,"Fr. Pedro Cabot delivered the mission to comisionado Manuel Crespo in November 1834; the 1836 inventory totaled $93,122 across eleven named ranchos, with $13,602 distributed to the Indians and a 'Pueblo de San Antonio' of 557 souls. Offered in 1845, it drew no bidders and was never sold.",,,"St. Pap., Missions (C-A 50) Doc 448 (the 1834 entrega). | Secularization year per the standard accounts (Krell; cross-checked against CA State Parks / NPS) — year grain.",
secularization-missions,sec-soledad,,Mission Nuestra Señora de la Soledad,1835-08-12,"inventoried August 12, 1835",exact,36.4046,-121.3558,exact,mission,missions,"Inventoried in August 1835 (~$47,297 — Savage himself noted the figures don't reconcile); 177 souls by 1837. Sold in June 1846 to Feliciano Soberanes, the same encargado instructed in 1840 that 'ningún indígena será forzado á servir á un particular.'",,,"St. Pap., Missions (C-A 51) Doc 161. | Secularization year per the standard accounts (Krell; cross-checked against CA State Parks / NPS) — year grain.",
secularization-missions,sec-san-carlos,,Mission San Carlos Borromeo (Carmel),1834,secularized 1834,year,36.5433,-121.919,exact,mission,missions,"One of the two missions Echeandía's 1831 decree named to go first. By 1839 juez interino Marcelino Escobar held the buildings under a room-by-room inventory, with solares assigned — two to the neófitos Josecillo and Antonio. Its surplus buildings were saleable under the 1845 reglamento; no sale appears in the vault.",,,"Dep. St. Pap., Juzgados (C-A 33) Doc 8 (the 1839 inventory). | Secularization year per the standard accounts (Krell; cross-checked against CA State Parks / NPS) — year grain.",
secularization-missions,sec-san-juan-bautista,,Mission San Juan Bautista,1835-05-09,"handed over May 9, 1835",exact,36.8455,-121.537,exact,mission,missions,"Handed over in May 1835 with a $147,413 existencia including Rancho San Felipe, and a padrón of 63 emancipated Indians holding $5,120 in land. An 1849 retrospective recorded it 'declarada pueblo' a dozen years earlier, its mission houses destroyed for materials.",,,"St. Pap., Missions (C-A 51) Doc 14 (the 1835 handover). | Secularization year per the standard accounts (Krell; cross-checked against CA State Parks / NPS) — year grain.",
secularization-missions,sec-santa-cruz,,Mission Santa Cruz,1835-12-01,"inventoried December 1, 1835",exact,36.9797,-122.0308,exact,mission,missions,"Comisionado Ignacio del Valle inventoried ~$84,354 in December 1835. Listed for outright sale in Pico's reglamento; no sale appears in the vault — and in 1849 Hartnell judged that the priest 'has no right at all to sell any real estate or the mission Sta Cruz.'",,,"St. Pap., Missions (C-A 50) Doc 452 (the 1835 inventory). | Secularization year per the standard accounts (Krell; cross-checked against CA State Parks / NPS) — year grain.",
secularization-missions,sec-santa-clara,,Mission Santa Clara de Asís,1836,secularized 1836,year,37.3496,-121.939,exact,mission,missions,"Administered by the Estradas, then Ignacio Alviso, whose 1840 handover inventory counted 3,847 cattle (down from 5,500 the year before). Its mission houses were barred from sale in 1845; in 1849 the priests leased Santa Clara and San José together to James D. Steinberger for $22,000.",,,"St. Pap., Missions (C-A 51) Doc 99 (the 1840 handover). | Secularization year per the standard accounts (Krell; cross-checked against CA State Parks / NPS) — year grain.",
secularization-missions,sec-san-jose,,Mission San José,1834,secularized 1834,year,37.5333,-121.919,exact,mission,missions,"Still the great stock estate of the north after secularization — José de Jesús Vallejo's 1840 receipt counted 20,000 cattle and 15,000 sheep — while draining $16,809 to the government. Hartnell's 1840 visita found 589 souls who 'quieren otro administrador.'",,,"St. Pap., Missions (C-A 51) Doc 143 (Hartnell's San José visita). | Secularization year per the standard accounts (Krell; cross-checked against CA State Parks / NPS) — year grain.",The reported 1845/46 sale is disputed between the standard accounts and not in the vault; left open.
secularization-missions,sec-dolores,,Mission San Francisco de Asís (Dolores),1835-07-28,"inventoried July 28, 1835",exact,37.7644,-122.4269,exact,mission,missions,"Inventoried at $67,227 in July 1835 under comisionados Ignacio del Valle and José Joaquín Estudillo; by the 1841 padrón, 78 souls remained. One of the five listed for outright sale in 1845; no sale record survives in the vault.",,,"St. Pap., Missions (C-A 51) Doc 27 (the 1835 inventory). | Secularization year per the standard accounts (Krell; cross-checked against CA State Parks / NPS) — year grain.",
secularization-missions,sec-san-rafael,,Mission San Rafael Arcángel,1834-12-31,"inventoried December 31, 1834",exact,37.9735,-122.5311,exact,mission,missions,"The poorest inventory of the set ($18,474, with Rancho Nicasio at $7,256), but the most direct distribution: 343 Indians received rams, ewes, horses, and mares by name. By Hartnell's 1840 visita they refused a mayordomo altogether — 'no querían ya misión.'",,,"St. Pap., Missions (C-A 50) Doc 458 (the 1834 inventory). | St. Pap., Missions (C-A 51) Doc 149 (Hartnell's San Rafael report). | Secularization year per the standard accounts (Krell; cross-checked against CA State Parks / NPS) — year grain.","The reported $8,000 sale of 1846 is the standard account; no vault record."
secularization-missions,sec-solano,,Mission San Francisco Solano (Sonoma),1834,secularized 1834,year,38.2939,-122.4581,exact,mission,missions,"Secularized under M. G. Vallejo as comisionado (standard account); the vault's mission-property record names Vallejo, Salvador Vallejo, and mayordomo Antonio Ortega, and shows the mission's stock drawn down for the frontier colony and recruitment in 1835. Its final disposition does not appear in the vault surveys.",,,"St. Pap., Missions & Colonization (C-A 53) Doc 140. | Secularization year per the standard accounts (Krell; cross-checked against CA State Parks / NPS) — year grain.",Excluded (with San Rafael) from the Diputación's c. 1828–30 pueblo plan as too new.
secularization-missions,col-natalia-arrival,,The Híjar-Padrés colony lands at San Diego,1834-09-01,"September 1, 1834",exact,32.6657,-117.1911,place,event,colony,"The brigantine Natalia — the Compañía Cosmopolitana's own ship — reaches San Diego with Director General José María Híjar, Buenaventura Araujo, and 129 colonists, the vanguard of the ~204-person colonization scheme budgeted at 45,206 pesos under the 26 Nov 1833 law. The mission estates were to be its endowment.",,,"Dep. St. Pap. (C-A 28) Doc 243 (the arrival report, 4 Sep 1834). | St. Pap., Missions & Colonization (C-A 53) Docs 51–53, 90–93 (appointment, roster, budget).",
secularization-missions,col-contramando,,Figueroa keeps the missions: the contramando,1834-10-22,"October 21–22, 1834",exact,36.5702,-121.9447,place,event,colony,"Santa Anna's countermand — carried north 'por extraordinario violento' — orders Figueroa not to hand Híjar the political command; the Diputación's acuerdo goes further: neither the command 'ni los bienes de las Misiones, que son propiedad de los indios.' The colony is stranded, and the principle that the estates belong to the Indians is stated at its plainest.",,,"Dep. St. Pap., LA: Official Corr. (C-A 37) Doc 73 (the countermand, leaf-verified). | C-A 37 Doc 78 (the Diputación acuerdo, 22 Oct 1834).",
secularization-missions,col-araujo-rising,,Araujo and the armed rising at San Gabriel,1834-11,November 1834,month,34.1317,-118.1517,place,event,colony,"In the colony crisis's ugliest episode, ~200 armed Indians briefly seize Fr. Estenaga at San Gabriel; colony officer Buenaventura Araujo is charged with instigating the rising. Ten northern missions are nonetheless ordered to provision the stranded colonists for a year.",,,"Dep. St. Pap. (C-A 28) Docs 249, 253, 257–260 (the Araujo proceedings).",
secularization-missions,col-loriot-deportation,,Híjar and Padrés deported on the Loriot,1835-04-30,"April 30, 1835",exact,36.5452,-121.9847,place,event,colony,"After the Los Angeles plot to depose Figueroa and halt secularization, the colony's leadership is shipped to Mexico: the Loriot's six-article instructions name Híjar, Padrés, Francisco Torres, and Apalátegui among the deportees. Figueroa's manifesto had already given the government's verdict: 'el verdadero y único objeto de su plan es el robo de los bienes de las misiones.' Padrés protested his rights from on board.",,,"Dep. St. Pap. (C-A 29) Doc 25 (the Loriot instructions). | Dep. St. Pap., Benicia (C-A 39) Docs 187–…, and C-A 29 Docs 11–30 (the crisis dossier).",
secularization-missions,vis-hartnell-appointed,,Hartnell named Visitador General,1839-01-19,"January 19, 1839",exact,36.5702,-121.9947,place,event,visitas,"William Hartnell is named Visitador of the missions at $2,000 a year — the government's inspector over its own administrators — his salary apportioned mission by mission. His two circuits of 1839–40 produced the most unsparing record of the ex-mission estates that survives.",,,Dep. Rec. (C-A 49) Doc 397 (the appointment). | Dep. Rec. (C-A 49) Doc 434 (the salary apportionment).,He resigned 6 Oct 1840 and ceased functions 7 Nov 1840 (C-A 49 Doc 660; C-A 51 Doc 150).
secularization-missions,vis-southern-1839,,The southern visita: 'los indios son acreedores',1839-06-24,"June 24, 1839",exact,34.3083,-118.417,place,event,visitas,"Hartnell's report on the missions from San Diego to San Fernando: the San Dieguito Indians 'son acreedores á la tierra que reclaman'; San Juan Capistrano's community memorial against administrator Argüello arrives 'firmado por José Fermín á nombre de la comunidad'; San Fernando counts 416 souls, its Rancho San Francisco 'taken from them and given to Antonio del Valle.'",,Kumeyaay; Acjachemen; Tataviam,"St. Pap., Missions (C-A 51) Doc 151 (the 24 Jun 1839 report).",
secularization-missions,vis-san-rafael-1840,,San Rafael: 'no querían ya misión',1840-05,May 1840,month,38.0085,-122.4861,place,event,visitas,On the northern circuit Hartnell finds the San Rafael Indians refusing mayordomo Gregorio Briones and refusing the institution itself — 'no querían ya misión.' His 14 May report to Jimeno Casarín is the keystone document of Indian liberty in the northern ex-missions.,,Coast Miwok,"St. Pap., Missions (C-A 51) Doc 149 (the San Rafael report).",
secularization-missions,vis-yerba-buena-arrest,,Vallejo arrests the Visitador,1840-05-08,"May 8, 1840",exact,37.7985,-122.4056,place,event,visitas,"At Yerba Buena, M. G. Vallejo intercepts and arrests Hartnell rather than let the inspection reach his Sonoma frontier arrangements — the plainest demonstration of where power over the ex-mission estates actually lay.",,,"St. Pap., Missions (C-A 51) Doc 149 (reported with the San Rafael visitation).",
secularization-missions,vis-san-jose-1840,,"San José visita: 589 souls, 50 lashes",1840-08-30,"August 30, 1840",exact,37.5683,-121.874,place,event,visitas,"Hartnell counts 589 souls at Mission San José, records punishments running to 50 lashes — double his own 25-lash cap — and the Indians' verdict: 'quieren otro administrador.'",,Ohlone,"St. Pap., Missions (C-A 51) Doc 143.",
secularization-missions,vis-san-diego-1840,,"San Diego district: Pico, Temecula, and inventory fraud",1840-08-26,"August 26, 1840",exact,32.7607,-117.11110000000001,place,event,visitas,The southern return visit: Pico has told the Indians the governor gave him Temecula; Las Flores brings its complaints; and comisionado Carlos Castro's inventory fraud is recorded — the Visitador's file on how the estates were actually being run.,,Luiseño; Kumeyaay,"St. Pap., Missions (C-A 51) Doc 148 (the 26 Aug 1840 report).",
secularization-missions,voice-san-miguel-1831,,San Miguel refuses secularization,1831-01,January 1831,month,35.7822,-120.651,place,event,voices,"Read Echeandía's bando, the San Miguel neophytes answer that 'quieren seguir bajo el actual sistema' — while San Luis Obispo's elect four Indian comisarios de policía under it. The record of divided Indian judgments on emancipation, at the very start.",,Salinan,Dep. St. Pap. (C-A 28) Docs 3–5 (the promulgation record).,Later (1831) they ask to remain 'en estado de Comunidad.'
secularization-missions,voice-1833-southern-mobilization,,The southern missions demand the promised land,1833-02-08,"February 8, 1833",exact,33.1868,-117.3678,place,event,voices,"Neophytes of San Diego, San Juan Capistrano, San Gabriel, and San Luis Rey mobilize to demand the land distribution Echeandía had promised — proclaiming the reformer governor against his replacement. Secularization's first mass Indian politics.",,Kumeyaay; Acjachemen; Tongva; Luiseño,"Dep. St. Pap., LA (C-A 34) Doc 330. | Dep. St. Pap. (C-A 28) Docs 115–116.",
secularization-missions,voice-slr-refusal-1835,,'Somos libres': San Luis Rey refuses to work,1835-01,December 1834 – March 1835,circa,33.2668,-117.2728,place,event,voices,"Portilla's reports from San Luis Rey: the Luiseños refuse absolutely to return to mission labor — 'somos libres, no queremos volver, no queremos trabajar.' The plainest statement of what emancipation meant to the emancipated.",,Luiseño,"St. Pap., Missions (C-A 51) Doc 156 (Portilla → Figueroa).",
secularization-missions,voice-sjc-petition-1839,,'Que no nos pelen las nalgas á azotes',1839-04-08,"April 8, 1839",exact,33.5367,-117.6178,place,event,voices,"The San Juan Capistrano neophytes — fewer than 60 still working, the rest fleeing — petition Alvarado against their administrator in their own unsparing words: that they not be flogged raw. Received weeks into Hartnell's visitaduría, it is the Indian-voice document of the administrator era.",,Acjachemen,"St. Pap., Missions (C-A 51) Doc 47 (the petition).",
secularization-missions,voice-las-flores-1835,,The Las Flores bargain,1835-08-22,1835 (Figueroa's oficio of May 29),circa,33.29,-117.496,place,event,voices,Figueroa's oficio records the pueblo de Las Flores — the neophyte pueblo created from San Luis Rey's asistencia — accepting liberty in exchange for subsisting on its own labor. One of the few documented free-Indian pueblos of the secularization.,,Luiseño,Unbound Docs. (C-A 63) Doc 15 (transcribing the 29 May 1835 oficio).,
secularization-missions,voice-temecula-1840,,Temecula and Pala stand armed against the Picos,1840-11,November 1840,month,33.4936,-117.1484,place,event,voices,"When the Picos moved on Temecula — Pico telling the Indians the governor had given it to him — the juzgado record shows the rancherías in arms: 'toda la gente está armada.' The Luiseño ranchos defended the land through the juzgado and, when needed, with weapons in hand.",,Luiseño,"St. Pap., Missions (C-A 51) Doc 141 (the juzgado record). | Dep. St. Pap., Benicia Mil. (C-A 20) Doc 226 (the Temecula land conspiracy record: the land 'propiedad de todos').",
secularization-missions,voice-cupertino-1840,,José Cupertino petitions for absolute emancipation,1840-09-30,"September 30, 1840",exact,37.3846,-121.894,place,event,voices,"A sixty-year-old Santa Clara man, in service since childhood, petitions for his absolute emancipation — the individual face of the paper freedom the decade had constructed.",,Ohlone,"Dep. St. Pap., Prefecturas y Juzgados (C-A 42) Doc 687.",
secularization-missions,voice-feliciana-valdes-1839,,'Como á hija de la Misión': Feliciana Valdés claims land,1839-06-21,"June 21, 1839",exact,32.7907,-117.0711,place,event,voices,An Indian woman petitions for her share of the secularized lands 'como á hija de la Misión' — a daughter's claim on the estate. Hartnell denied it; the file preserves a woman's legal argument for what secularization had promised.,,Kumeyaay,"St. Pap., Missions & Colonization (C-A 53) Docs 168–172.",
zalvidea-moraga-1806,ref-mission-santa-ynez,,Mission Santa Ynez,,,circa,34.5944,-120.1369,exact,mission,refs,Founded 1804. Zalvidea departure point.,,,,
zalvidea-moraga-1806,ref-mission-san-gabriel,,Mission San Gabriel,,,circa,34.0983,-118.1075,exact,mission,refs,Founded 1771. Zalvidea arrival.,,,,
zalvidea-moraga-1806,ref-mission-san-juan-bautista,,Mission San Juan Bautista,,,circa,36.8446,-121.5385,exact,mission,refs,Founded 1797. Moraga departure point.,,,,
zalvidea-moraga-1806,ref-mission-san-fernando,,Mission San Fernando,,,circa,34.2733,-118.462,exact,mission,refs,Founded 1797. Moraga arrival.,,,,
zalvidea-moraga-1806,village-jonatas,,Jonatas,,,circa,34.668,-119.78,area,settlement,villages,At Las Olivas,,,"Cook, Colonial Expeditions (village identifications approximate)",
zalvidea-moraga-1806,village-saca,,Saca,,,circa,34.69,-119.81,area,settlement,villages,On Alamo Pintado Cr.,,,"Cook, Colonial Expeditions (village identifications approximate)",
zalvidea-moraga-1806,village-olomosong,,Olomosong,,,circa,34.85,-120.0,area,settlement,villages,On Sisquoc R.,,,"Cook, Colonial Expeditions (village identifications approximate)",
zalvidea-moraga-1806,village-geep,,Geep,,,circa,34.92,-119.75,area,settlement,villages,South slope Sierra Madre,,,"Cook, Colonial Expeditions (village identifications approximate)",
zalvidea-moraga-1806,village-talhulimit,,Talhulimit,,,circa,34.92,-119.68,area,settlement,villages,2 leagues east of Geep,,,"Cook, Colonial Expeditions (village identifications approximate)",
zalvidea-moraga-1806,village-lisahua,,Lisahua,,,circa,34.85,-119.5,area,settlement,villages,Salisbury Canyon,,,"Cook, Colonial Expeditions (village identifications approximate)",
zalvidea-moraga-1806,village-sgene,,Sgene,,,circa,34.95,-119.37,area,settlement,villages,Lower Cuyama Valley,,,"Cook, Colonial Expeditions (village identifications approximate)",
zalvidea-moraga-1806,village-malapoa,,Malapoa,,,circa,35.1,-119.6,area,settlement,villages,Bitterwater/Santiago Cr.; Tlamini,,,"Cook, Colonial Expeditions (village identifications approximate)",
zalvidea-moraga-1806,village-sispetis-pohatan-tinliu,,Sispetis (Pohatan Tinliu),,,circa,35.12,-119.35,area,settlement,villages,SE corner Buena Vista Lake,,,"Cook, Colonial Expeditions (village identifications approximate)",
zalvidea-moraga-1806,village-tupal,,Tupal,,,circa,35.04,-118.82,area,settlement,villages,"Tejon Ranch, El Paso Cr.",,,"Cook, Colonial Expeditions (village identifications approximate)",
zalvidea-moraga-1806,village-tacui,,Tacui,,,circa,34.97,-118.98,area,settlement,villages,Tecuya Creek,,,"Cook, Colonial Expeditions (village identifications approximate)",
zalvidea-moraga-1806,village-yagueleme-woilo,,Yagueleme (Woilo),,,circa,35.13,-119.05,area,settlement,villages,Kern R. / Kern Lake,,,"Cook, Colonial Expeditions (village identifications approximate)",
zalvidea-moraga-1806,village-tashlpj,,Tashlpj,,,circa,35.0,-118.88,area,settlement,villages,Pastoria / Grapevine Cr.,,,"Cook, Colonial Expeditions (village identifications approximate)",
zalvidea-moraga-1806,village-taulames-jahulamne,,Taulames (Jahulamne),,,circa,37.57,-120.85,area,settlement,villages,Between Tuolumne & Stanislaus; deserted by 1806,,,"Cook, Colonial Expeditions (village identifications approximate)",
zalvidea-moraga-1806,village-pizcache,,Pizcache,,,circa,37.15,-120.15,area,settlement,villages,"On the San Joaquin, near Le Grand",,,"Cook, Colonial Expeditions (village identifications approximate)",
zalvidea-moraga-1806,village-pitkachi,,Pitkachi,,,circa,36.9,-119.75,area,settlement,villages,South side San Joaquin; Kohou near Herndon,,,"Cook, Colonial Expeditions (village identifications approximate)",
zalvidea-moraga-1806,village-telame-telamni,,Telame (Telamni),,,circa,36.35,-119.3,area,settlement,villages,Kaweah delta; 600 souls; 22 baptized Oct. 1806,,,"Cook, Colonial Expeditions (village identifications approximate)",
zalvidea-moraga-1806,label-santa-barbara,,Santa Barbara,,,circa,34.4208,-119.6982,exact,settlement,modern,,,,,
zalvidea-moraga-1806,label-los-angeles,,Los Angeles,,,circa,34.0522,-118.2437,exact,settlement,modern,,,,,
zalvidea-moraga-1806,label-san-fernando,,San Fernando,,,circa,34.2872,-118.4389,exact,settlement,modern,,,,,
zalvidea-moraga-1806,label-bakersfield,,Bakersfield,,,circa,35.3733,-119.0187,exact,settlement,modern,,,,,
zalvidea-moraga-1806,label-visalia,,Visalia,,,circa,36.3302,-119.2921,exact,settlement,modern,,,,,
zalvidea-moraga-1806,label-porterville,,Porterville,,,circa,36.0653,-119.0166,exact,settlement,modern,,,,,
zalvidea-moraga-1806,label-fresno,,Fresno,,,circa,36.7378,-119.7871,exact,settlement,modern,,,,,
zalvidea-moraga-1806,label-modesto,,Modesto,,,circa,37.6391,-120.9969,exact,settlement,modern,,,,,
zalvidea-moraga-1806,label-stockton,,Stockton,,,circa,37.9577,-121.2908,exact,settlement,modern,,,,,
zalvidea-moraga-1806,label-santa-cruz,,Santa Cruz,,,circa,36.9741,-122.0308,exact,settlement,modern,,,,,
zalvidea-moraga-1806,label-monterey,,Monterey,,,circa,36.6002,-121.8947,exact,settlement,modern,,,,,
zalvidea-moraga-1806,label-san-luis-obispo,,San Luis Obispo,,,circa,35.2828,-120.6596,exact,settlement,modern,,,,,
zalvidea-moraga-1806,label-sanger,,Sanger,,,circa,36.708,-119.556,exact,settlement,modern,,,,,
zalvidea-moraga-1806,label-livingston,,Livingston,,,circa,37.38,-120.72,exact,settlement,modern,,,,,
zalvidea-moraga-1806,label-knights-ferry,,Knights Ferry,,,circa,37.8197,-120.6644,exact,settlement,modern,,,,,
zalvidea-moraga-1806,label-lancaster,,Lancaster,,,circa,34.683,-118.15,exact,settlement,modern,,,,,
zalvidea-moraga-1806,label-tehachapi,,Tehachapi,,,circa,35.13,-118.45,exact,settlement,modern,,,,,
zalvidea-moraga-1806,label-fort-tejon,,Fort Tejon,,,circa,34.874,-118.8943,exact,settlement,modern,,,,,
zalvidea-moraga-1806,label-taft,,Taft,,,circa,35.15,-119.46,exact,settlement,modern,,,,,
zalvidea-moraga-1806,zalvidea-1-mission-santa-ynez,,Mission Santa Ynez,,,circa,34.5964,-119.7693,area,expedition-leg,zalvidea,"Departure, July 20, 1806.",,,"Muñoz/Zalvidea diaries via Cook, Colonial Expeditions",
zalvidea-moraga-1806,zalvidea-2-jonatas-las-olivas,,Jonatas — Las Olivas,,,circa,34.668,-119.78,area,expedition-leg,zalvidea,"First stop north of mission, at Las Olivas (present-day Los Olivos area).",,,"Muñoz/Zalvidea diaries via Cook, Colonial Expeditions (Cook note 1)",
zalvidea-moraga-1806,zalvidea-3-saca-alamo-pintado-creek,,Saca — Alamo Pintado Creek,,,circa,34.69,-119.81,area,expedition-leg,zalvidea,Village of Saca on Alamo Pintado Creek.,,,"Muñoz/Zalvidea diaries via Cook, Colonial Expeditions (Cook note 1)",
zalvidea-moraga-1806,zalvidea-4-olomosong-sisquoc-river,,Olomosong — Sisquoc River,,,circa,34.85,-120.0,area,expedition-leg,zalvidea,Probably on the Sisquoc R. near the 120th meridian.,,,"Muñoz/Zalvidea diaries via Cook, Colonial Expeditions (Cook note 1: 'After 4 leagues further travel')",
zalvidea-moraga-1806,zalvidea-5-geep-south-slope-sierra-madre,,"Geep — South Slope, Sierra Madre",,,circa,34.92,-119.75,area,expedition-leg,zalvidea,"Apparently on the south slope of the Sierra Madre range. After climbing a mountain they came out onto the Cuyama Valley plains. T 10 N, R 28 W.",,,"Muñoz/Zalvidea diaries via Cook, Colonial Expeditions (Cook note 1)",
zalvidea-moraga-1806,zalvidea-6-talhulimit,,Talhulimit,,,circa,34.92,-119.68,area,expedition-leg,zalvidea,"Two leagues east of Geep, in the Cuyama Valley.",,,"Muñoz/Zalvidea diaries via Cook, Colonial Expeditions (Cook note 1)",
zalvidea-moraga-1806,zalvidea-7-lisahua-salisbury-canyon,,Lisahua — Salisbury Canyon,,,circa,34.85,-119.5,area,expedition-leg,zalvidea,"Probably in lower Salisbury Canyon. T 9 N, R 26 W.",,,"Muñoz/Zalvidea diaries via Cook, Colonial Expeditions (Cook note 2)",
zalvidea-moraga-1806,zalvidea-8-camp-lower-santa-barbara-canyon,,Camp — Lower Santa Barbara Canyon,,,circa,34.85,-119.37,area,expedition-leg,zalvidea,"In lower Santa Barbara Canyon. T 9 N, R 25 W.",,,"Muñoz/Zalvidea diaries via Cook, Colonial Expeditions (Cook note (cont.))",
zalvidea-moraga-1806,zalvidea-9-sgene-lower-cuyama-valley,,Sgene — Lower Cuyama Valley,,,circa,34.95,-119.37,area,expedition-leg,zalvidea,"Party bore more to the north and found Sgene. T 10 N, R 25 W.",,,"Muñoz/Zalvidea diaries via Cook, Colonial Expeditions (Cook note 3)",
zalvidea-moraga-1806,zalvidea-10-malapoa-bitterwater-santiago-creek,,Malapoa — Bitterwater / Santiago Creek,,,circa,35.1,-119.6,area,expedition-leg,zalvidea,Located by Gifford & Schenck on Bitterwater or Santiago Cr. Identified as Tlamini (Kroeber).,,,"Muñoz/Zalvidea diaries via Cook, Colonial Expeditions (Cook note 4)",
zalvidea-moraga-1806,zalvidea-11-sispetis-se-buena-vista-lake,,Sispetis — SE Buena Vista Lake,,,circa,35.12,-119.35,area,expedition-leg,zalvidea,"Considered to be Pohatan Tinliu, at the SE corner of Buena Vista Lake.",,,"Muñoz/Zalvidea diaries via Cook, Colonial Expeditions (Cook note 4: Kroeber (1925, pl. 47))",
zalvidea-moraga-1806,zalvidea-12-buenasvista-8-leagues-north,,Buenasvista — 8 Leagues North,,,circa,35.3,-119.35,area,expedition-leg,zalvidea,Eight leagues north of Bitterwater/Santiago Cr.,,,"Muñoz/Zalvidea diaries via Cook, Colonial Expeditions (Cook note 5)",
zalvidea-moraga-1806,zalvidea-13-tejon-el-paso-creek-foothills,,Tejon / El Paso Creek — Foothills,,,circa,35.07,-118.87,area,expedition-leg,zalvidea,"Six leagues from Sispetis to the mouth of Tejon or El Paso Cr. at the edge of the foothills. July 26 reconnaissance explored El Paso, Tejon, and Pastoria creeks.",,,"Muñoz/Zalvidea diaries via Cook, Colonial Expeditions (Cook note 6)",
zalvidea-moraga-1806,zalvidea-14-tupal-tejon-ranch-on-el-paso-creek,,Tupal — Tejon Ranch on El Paso Creek,,,circa,35.04,-118.82,area,expedition-leg,zalvidea,Placed doubtfully by Gifford & Schenck at Tejon Ranch on El Paso Cr.,,,"Muñoz/Zalvidea diaries via Cook, Colonial Expeditions (Cook note 6)",
zalvidea-moraga-1806,zalvidea-15-tacui-tecuya-creek,,Tacui — Tecuya Creek,,,circa,34.97,-118.98,area,expedition-leg,zalvidea,"Party doubled back west past Grapevine Cr. to Tacui, undoubtedly on Tecuya Cr.",,,"Muñoz/Zalvidea diaries via Cook, Colonial Expeditions (Cook note 7)",
zalvidea-moraga-1806,zalvidea-16-yagueleme-kern-river-woilo,,Yagueleme — Kern River / Woilo,,,circa,35.13,-119.05,area,expedition-leg,zalvidea,"Nine leagues north of Tecuya, on the Kern R. Gifford & Schenck identify as Woilo, very close to 9 leagues from Tecuya.",,,"Muñoz/Zalvidea diaries via Cook, Colonial Expeditions (Cook note 8)",
zalvidea-moraga-1806,zalvidea-17-eastern-end-of-kern-lake,,Eastern End of Kern Lake,,,circa,35.13,-118.95,area,expedition-leg,zalvidea,The eastern end of Kern Lake.,,,"Muñoz/Zalvidea diaries via Cook, Colonial Expeditions (Cook note 9)",
zalvidea-moraga-1806,zalvidea-18-tashlpj-pastoria-grapevine-creek,,Tashlpj — Pastoria / Grapevine Creek,,,circa,35.0,-118.88,area,expedition-leg,zalvidea,"Cook thinks more likely Pastoria on Grapevine Cr. rather than Tejon Cr., since the party arrived at Castaic at the head of Grapevine Cr. on August 7.",,,"Muñoz/Zalvidea diaries via Cook, Colonial Expeditions (Cook note 10)",
zalvidea-moraga-1806,zalvidea-19-castaic-head-of-grapevine-creek,,Castaic — Head of Grapevine Creek,,,circa,34.87,-118.87,area,expedition-leg,zalvidea,Party arrived August 7. Beginning the crossing south.,,,"Muñoz/Zalvidea diaries via Cook, Colonial Expeditions",
zalvidea-moraga-1806,zalvidea-20-antelope-valley,,Antelope Valley,,,circa,34.75,-118.4,area,expedition-leg,zalvidea,Crossed into Antelope Valley.,,,"Muñoz/Zalvidea diaries via Cook, Colonial Expeditions (Cook note 11)",
zalvidea-moraga-1806,zalvidea-21-san-gabriel-mountains-crossing,,San Gabriel Mountains Crossing,,,circa,34.35,-118.15,area,expedition-leg,zalvidea,Party crossed the mountains and went southwest. Several villages of Serrano Indians seen.,,,"Muñoz/Zalvidea diaries via Cook, Colonial Expeditions (Cook note 12)",
zalvidea-moraga-1806,zalvidea-22-mission-san-gabriel,,Mission San Gabriel,,,circa,34.0983,-118.1075,area,expedition-leg,zalvidea,Arrival at San Gabriel Mission.,,,"Muñoz/Zalvidea diaries via Cook, Colonial Expeditions (Cook note 12)",
zalvidea-moraga-1806,moraga-north-1-mission-san-juan-bautista,,Mission San Juan Bautista,,,circa,36.8446,-121.5385,area,expedition-leg,moraga-north,"Departure, late September 1806. Fr. Pedro Muñoz accompanying as chaplain.",,,"Muñoz/Zalvidea diaries via Cook, Colonial Expeditions",
zalvidea-moraga-1806,moraga-north-2-san-benito-river-camp,,San Benito River Camp,,,circa,36.83,-121.47,area,expedition-leg,moraga-north,"1½ leagues from the mission, on the San Benito R.",,,"Muñoz/Zalvidea diaries via Cook, Colonial Expeditions (Cook note 13: 'not on Pacheco Cr., as stated by Cutter')",
zalvidea-moraga-1806,moraga-north-3-san-luis-ranch-pacheco-pass,,San Luis Ranch — Pacheco Pass,,,circa,37.06,-121.08,area,expedition-leg,moraga-north,"Camp approximately at San Luis Ranch, where Highway 152 crosses San Luis Cr.",,,"Muñoz/Zalvidea diaries via Cook, Colonial Expeditions (Cook note 14)",
zalvidea-moraga-1806,moraga-north-4-santa-rita-camp,,Santa Rita Camp,,,circa,37.08,-120.78,area,expedition-leg,moraga-north,"15 to 20 mi east of San Luis Gonzaga. Near Salt Slough or Paso Slough, 5–6 mi west of the main San Joaquin.",,,"Muñoz/Zalvidea diaries via Cook, Colonial Expeditions (Cook note 15: 'The sloughs and channels of the San Joaquin are difficult to locate with precision on a modern map')",
zalvidea-moraga-1806,moraga-north-5-camp-on-the-san-joaquin,,Camp on the San Joaquin,,,circa,37.12,-120.65,area,expedition-leg,moraga-north,"On the San Joaquin R. T 8 S, R 11 E.",,,"Muñoz/Zalvidea diaries via Cook, Colonial Expeditions (Cook note 16: villages effaced so thoroughly that modern informants gave no indication they ever existed)",
zalvidea-moraga-1806,moraga-north-6-bear-creek,,Bear Creek,,,circa,37.23,-120.58,area,expedition-leg,moraga-north,Rather than Mariposa Cr. Approximately 3 leagues south of the Merced R.,,,"Muñoz/Zalvidea diaries via Cook, Colonial Expeditions (Cook note 18: 'Cutter thinks this was Bear Cr... I see no reason to disagree')",
zalvidea-moraga-1806,moraga-north-7-merced-river-west-of-livingston,,Merced River — West of Livingston,,,circa,37.38,-120.72,area,expedition-leg,moraga-north,"Party which went north reached the Merced R. somewhere west of Livingston, probably at T 6 S, R 11 E.",,,"Muñoz/Zalvidea diaries via Cook, Colonial Expeditions (Cook note 19)",
zalvidea-moraga-1806,moraga-north-8-dry-creek,,Dry Creek,,,circa,37.5,-120.82,area,expedition-leg,moraga-north,Undoubtedly Dry Cr. 'The description is valid even today.',,,"Muñoz/Zalvidea diaries via Cook, Colonial Expeditions (Cook note 21)",
zalvidea-moraga-1806,moraga-north-9-tuolumne-river-area,,Tuolumne River Area,,,circa,37.55,-120.88,area,expedition-leg,moraga-north,Villages seen on the Tuolumne but were deserted. Oak forest environment.,,,"Muñoz/Zalvidea diaries via Cook, Colonial Expeditions (Cook notes 20, 24: Taulames village between the Tuolumne and Stanislaus)",
zalvidea-moraga-1806,moraga-north-10-stanislaus-river-near-modesto,,Stanislaus River — Near Modesto,,,circa,37.63,-120.97,area,expedition-leg,moraga-north,"Remnants of the oak forest can still be seen, extending from the junction with the San Joaquin eastward. Both sides of the river.",,,"Muñoz/Zalvidea diaries via Cook, Colonial Expeditions (Cook note 22: 'if it continued in a northwesterly direction from near Modesto')",
zalvidea-moraga-1806,moraga-north-11-upper-stanislaus-knights-ferry-area,,Upper Stanislaus — Knights Ferry Area,,,circa,37.68,-120.72,area,expedition-leg,moraga-north,"Six leagues upstream. Vicinity of Ripon, Riverbank, or Knights Ferry. Limestone bluffs, precipitous. The best guess is the vicinity of Knights Ferry.",,,"Muñoz/Zalvidea diaries via Cook, Colonial Expeditions (Cook note 23)",
zalvidea-moraga-1806,moraga-north-12-calaveras-river,,Calaveras River,,,circa,37.85,-121.0,area,expedition-leg,moraga-north,First stream (Rio de ... Franciscos) identified as the Calaveras.,,,"Muñoz/Zalvidea diaries via Cook, Colonial Expeditions (Cook note 25: 'There is little reason to disagree')",
zalvidea-moraga-1806,moraga-north-13-cosumnes-river-northernmost-point,,Cosumnes River — Northernmost Point,,,circa,38.25,-121.05,area,expedition-leg,moraga-north,Second stream identified as the Cosumnes. Linguistic border between Miwok and Maidu. The diarist fails to mention the Mokelumne.,,,"Muñoz/Zalvidea diaries via Cook, Colonial Expeditions (Cook note 25: northernmost extent of the expedition)",
zalvidea-moraga-1806,moraga-south-14-cosumnes-river-turn-south,,Cosumnes River — Turn South,,,circa,38.25,-121.05,area,expedition-leg,moraga-south,"Party turns south, staying close to the eastern edge of the valley along the Sierra foothills.",,,"Muñoz/Zalvidea diaries via Cook, Colonial Expeditions",
zalvidea-moraga-1806,moraga-south-15-stanislaus-tuolumne-area-return,,Stanislaus / Tuolumne Area (return),,,circa,37.65,-120.75,area,expedition-leg,moraga-south,Passing back through the Stanislaus and Tuolumne country.,,,"Muñoz/Zalvidea diaries via Cook, Colonial Expeditions",
zalvidea-moraga-1806,moraga-south-16-chowchilla-mariposa-creek,,Chowchilla / Mariposa Creek,,,circa,37.32,-120.2,area,expedition-leg,moraga-south,Santo Domingo identified as Mariposa Cr.; Tecolote as the Chowchilla (Cutter).,,,"Muñoz/Zalvidea diaries via Cook, Colonial Expeditions (Cook note 26)",
zalvidea-moraga-1806,moraga-south-17-fresno-river-santa-ana,,Fresno River (Santa Ana),,,circa,37.05,-119.85,area,expedition-leg,moraga-south,The Santa Ana was the Fresno R.,,,"Muñoz/Zalvidea diaries via Cook, Colonial Expeditions (Cook note 27)",
zalvidea-moraga-1806,moraga-south-18-san-joaquin-at-pizcache,,San Joaquin at Pizcache,,,circa,37.15,-120.15,area,expedition-leg,moraga-south,"Pizcache on the San Joaquin, listed in the appendix. Moraga probably halted approximately north of Fresno, below Le Grand. Distinct absence of permanent Indian settlements on seasonal streams.",,,"Muñoz/Zalvidea diaries via Cook, Colonial Expeditions (Cook note 27)",
zalvidea-moraga-1806,moraga-south-19-pitkachi-village-area,,Pitkachi Village Area,,,circa,36.9,-119.75,area,expedition-leg,moraga-south,"Pitkachi 'held the south side of the San Joaquin, living at Kohou, near Herndon or Sycamore; at Weshiu, on a slough; and at Gewachu, still farther downstream.' Village was in the mountains or at least the foothills.",,,"Muñoz/Zalvidea diaries via Cook, Colonial Expeditions (Cook note 28: Gayton / Kroeber disagree on exact location)",
zalvidea-moraga-1806,moraga-south-20-kings-river-near-sanger,,Kings River — Near Sanger,,,circa,36.72,-119.55,area,expedition-leg,moraga-south,Kings R. was reached near Sanger or Centerville.,,,"Muñoz/Zalvidea diaries via Cook, Colonial Expeditions (Cook note 31)",
zalvidea-moraga-1806,moraga-south-21-kaweah-delta-visalia-telame,,Kaweah Delta — Visalia / Telame,,,circa,36.35,-119.3,area,expedition-leg,moraga-south,28th day: scouts reached the great oak forest along the Kaweah delta at or above Visalia. 29th day (Oct. 19): main party arrived. The large village of 600 souls — Telame (the Telamni). 22 persons baptized.,,,"Muñoz/Zalvidea diaries via Cook, Colonial Expeditions (Cook note 33: 'The water evidently was very low — somewhat unusual for this region, even in October')",
zalvidea-moraga-1806,moraga-south-22-tule-river-near-porterville,,Tule River — Near Porterville,,,circa,36.07,-119.02,area,expedition-leg,moraga-south,"After a winding course for two days, the party camped on the Tule R. near the foothills, probably not far from Porterville.",,,"Muñoz/Zalvidea diaries via Cook, Colonial Expeditions (Cook note 36)",
zalvidea-moraga-1806,moraga-south-23-deer-creek,,Deer Creek,,,circa,35.95,-118.95,area,expedition-leg,moraga-south,Probably Deer Cr.,,,"Muñoz/Zalvidea diaries via Cook, Colonial Expeditions (Cook note 37)",
zalvidea-moraga-1806,moraga-south-24-white-river,,White River,,,circa,35.8,-118.88,area,expedition-leg,moraga-south,Probably White R.,,,"Muñoz/Zalvidea diaries via Cook, Colonial Expeditions (Cook note 38)",
zalvidea-moraga-1806,moraga-south-25-poso-creek,,Poso Creek,,,circa,35.65,-118.82,area,expedition-leg,moraga-south,"No distances given, but from the description the most likely stream is Poso Cr.",,,"Muñoz/Zalvidea diaries via Cook, Colonial Expeditions (Cook note 39)",
zalvidea-moraga-1806,moraga-south-26-kern-river-above-bakersfield,,Kern River — Above Bakersfield,,,circa,35.45,-118.95,area,expedition-leg,moraga-south,"The Kern R., probably some miles above Bakersfield. A 'long trip' downstream brought them into the slough country south of Bakersfield.",,,"Muñoz/Zalvidea diaries via Cook, Colonial Expeditions (Cook note 40)",
zalvidea-moraga-1806,moraga-south-27-kern-river-downstream-slough-country,,Kern River — Downstream / Slough Country,,,circa,35.28,-119.05,area,expedition-leg,moraga-south,"South of Bakersfield. Moraga did not get within sight of Buena Vista Lake, to the west.",,,"Muñoz/Zalvidea diaries via Cook, Colonial Expeditions (Cook notes 40–41)",
zalvidea-moraga-1806,moraga-south-28-grapevine-canyon,,Grapevine Canyon,,,circa,35.05,-118.9,area,expedition-leg,moraga-south,Zalvidea had left an account of the villages in this area from his Aug. 1806 expedition.,,,"Muñoz/Zalvidea diaries via Cook, Colonial Expeditions (Cook note 41)",
zalvidea-moraga-1806,moraga-south-29-tejon-pass,,Tejon Pass,,,circa,34.93,-118.85,area,expedition-leg,moraga-south,"On the last three days the party left the valley by way of Grapevine Canyon, over Tejon Pass.",,,"Muñoz/Zalvidea diaries via Cook, Colonial Expeditions (Cook note 42: 'Cutter says the Santa Susanna Range')",
zalvidea-moraga-1806,moraga-south-30-mission-san-fernando,,Mission San Fernando,,,circa,34.2733,-118.462,area,expedition-leg,moraga-south,Arrival at San Fernando Mission. End of the 1806 expedition.,,,"Muñoz/Zalvidea diaries via Cook, Colonial Expeditions (Cook note 42)",
