{"type": "FeatureCollection", "features": [{"type": "Feature", "geometry": {"type": "Point", "coordinates": [-122.29566, 40.50284]}, "properties": {"id": "rancho-buena-ventura-0", "register_no": null, "name": "Buena Ventura (Pierson B. Reading)", "date": {"iso": "1844", "display": "1844", "confidence": "year"}, "coord_precision": "exact", "polygon": [[[40.38252, -122.20947], [40.38585, -122.17139], [40.41155, -122.16997], [40.42821, -122.17425], [40.44582, -122.18282], [40.45581, -122.19709], [40.4658, -122.21946], [40.47104, -122.23802], [40.47247, -122.25134], [40.47342, -122.26324], [40.47675, -122.27704], [40.48389, -122.29275], [40.49483, -122.30845], [40.50578, -122.31749], [40.51863, -122.32273], [40.52386, -122.32654], [40.53148, -122.32987], [40.54052, -122.33034], [40.55099, -122.33129], [40.55813, -122.32987], [40.56669, -122.3332], [40.57812, -122.33938], [40.59001, -122.34081], [40.59715, -122.35128], [40.60334, -122.36318], [40.60334, -122.3746], [40.59763, -122.38222], [40.59763, -122.3884], [40.60001, -122.39697], [40.60048, -122.40696], [40.59572, -122.41124], [40.58525, -122.40887], [40.56907, -122.38793], [40.48865, -122.37079], [40.4482, -122.30464], [40.42488, -122.25325], [40.41441, -122.21613], [40.41155, -122.21327], [40.39966, -122.2128], [40.3849, -122.21327], [40.38252, -122.20947]]], "type": "rancho", "layer": "micheltorena", "summary": "Granted 1844 by Manuel Micheltorena to Pierson B. Reading. Present-day Shasta County.", "sources": [{"citation": "Boundary: NAHC/CNRA California Land Grants (PLSS reconstruction)", "url": null}], "notes": null, "tags": ["Shasta"]}}, {"type": "Feature", "geometry": {"type": "Point", "coordinates": [-122.09251, 40.13685]}, "properties": {"id": "rancho-primer-canon-o-rio-de-los-berrendos-1", "register_no": null, "name": "Primer Cañon o Rio de Los Berrendos (Job Francis Dye)", "date": {"iso": "1844", "display": "1844", "confidence": "year"}, "coord_precision": "exact", "polygon": [[[40.07129, -122.05623], [40.07129, -121.99579], [40.09746, -121.99531], [40.09651, -122.00864], [40.11793, -122.01007], [40.11745, -122.02672], [40.1441, -122.0272], [40.14458, -122.04195], [40.156, -122.041], [40.156, -122.05908], [40.1698, -122.05956], [40.16885, -122.07336], [40.17646, -122.07146], [40.17979, -122.09097], [40.18836, -122.09097], [40.18598, -122.10001], [40.19502, -122.11762], [40.19502, -122.20518], [40.18455, -122.20804], [40.17694, -122.20518], [40.17028, -122.19519], [40.16504, -122.18186], [40.16123, -122.17806], [40.15743, -122.16283], [40.15743, -122.14427], [40.15362, -122.13285], [40.14553, -122.12523], [40.13458, -122.11952], [40.12745, -122.11714], [40.12078, -122.11381], [40.10746, -122.10096], [40.09604, -122.08669], [40.09651, -122.07669], [40.09318, -122.06575], [40.09033, -122.05908], [40.08176, -122.05766], [40.077, -122.05718], [40.07129, -122.05623]]], "type": "rancho", "layer": "micheltorena", "summary": "Granted 1844 by Manuel Micheltorena to Job Francis Dye. Present-day Tehama County.", "sources": [{"citation": "Diseño (Bancroft Land Case Maps)", "url": "../gallery/disenos.html#dise-o-del-rancho-del-primer-ca-on-o-rio-de-los-berrendos-te--rec78420"}, {"citation": "Boundary: NAHC/CNRA California Land Grants (PLSS reconstruction)", "url": null}], "notes": null, "tags": ["Tehama"]}}, {"type": "Feature", "geometry": {"type": "Point", "coordinates": [-122.21315, 40.1274]}, "properties": {"id": "rancho-barranca-colorado-2", "register_no": null, "name": "Barranca Colorado (Josiah Belden)", "date": {"iso": "1844", "display": "1844", "confidence": "year"}, "coord_precision": "exact", "polygon": [[[40.12745, -122.11714], [40.13458, -122.11952], [40.14553, -122.12523], [40.15362, -122.13285], [40.15743, -122.14427], [40.15743, -122.16283], [40.16123, -122.17806], [40.14696, -122.17853], [40.14648, -122.18329], [40.14886, -122.189], [40.15362, -122.19233], [40.15457, -122.2028], [40.15124, -122.21042], [40.14363, -122.21708], [40.14029, -122.22517], [40.13839, -122.23278], [40.14029, -122.23612], [40.13982, -122.24135], [40.13601, -122.24801], [40.13316, -122.25372], [40.13268, -122.25801], [40.1322, -122.26753], [40.12982, -122.27466], [40.12697, -122.27895], [40.12364, -122.28513], [40.12078, -122.29275], [40.11269, -122.2937], [40.09937, -122.27847], [40.08985, -122.26657], [40.08937, -122.26039], [40.08699, -122.24944], [40.08271, -122.23278], [40.07811, -122.22704], [40.08985, -122.20994], [40.09842, -122.19091], [40.10508, -122.16759], [40.1046, -122.15807], [40.12745, -122.11714]]], "type": "rancho", "layer": "micheltorena", "summary": "Granted 1844 by Manuel Micheltorena to Josiah Belden. Present-day Tehama County.", "sources": [{"citation": "Boundary: NAHC/CNRA California Land Grants (PLSS reconstruction)", "url": null}], "notes": null, "tags": ["Tehama"]}}, {"type": "Feature", "geometry": {"type": "Point", "coordinates": [-122.13593, 40.08574]}, "properties": {"id": "rancho-las-flores-3", "register_no": null, "name": "Las Flores (William Chard)", "date": {"iso": "1844", "display": "1844", "confidence": "year"}, "coord_precision": "exact", "polygon": [[[40.05463, -122.08907], [40.06177, -122.08764], [40.07034, -122.08764], [40.07843, -122.08716], [40.08795, -122.08764], [40.09604, -122.08669], [40.10746, -122.10096], [40.12078, -122.11381], [40.12745, -122.11714], [40.1046, -122.15807], [40.10508, -122.16759], [40.09842, -122.19091], [40.08985, -122.20994], [40.07811, -122.22704], [40.06558, -122.21137], [40.05654, -122.199], [40.05463, -122.08907]]], "type": "rancho", "layer": "micheltorena", "summary": "Granted 1844 by Manuel Micheltorena to William Chard. Present-day Tehama County.", "sources": [{"citation": "Diseño (Bancroft Land Case Maps)", "url": "../gallery/disenos.html#dise-o-del-rancho-las-flores-calif--rec78427-1"}, {"citation": "Boundary: NAHC/CNRA California Land Grants (PLSS reconstruction)", "url": null}], "notes": null, "tags": ["Tehama"]}}, {"type": "Feature", "geometry": {"type": "Point", "coordinates": [-122.11539, 40.00282]}, "properties": {"id": "rancho-saucos-4", "register_no": null, "name": "Saucos (Robert Thomes)", "date": {"iso": "1844", "display": "1844", "confidence": "year"}, "coord_precision": "exact", "polygon": [[[40.05463, -122.08907], [40.05654, -122.199], [40.00133, -122.19995], [39.998, -122.18377], [39.97754, -122.18377], [39.97278, -122.18282], [39.97183, -122.16902], [39.95327, -122.16759], [39.95279, -122.07384], [39.96707, -122.07193], [39.97373, -122.06908], [39.98373, -122.06813], [39.99039, -122.07384], [39.99372, -122.0805], [39.99753, -122.08811], [40.00229, -122.09097], [40.00704, -122.09335], [40.01704, -122.09192], [40.02322, -122.09287], [40.03036, -122.10001], [40.0375, -122.10001], [40.04797, -122.09525], [40.05463, -122.08907]]], "type": "rancho", "layer": "micheltorena", "summary": "Granted 1844 by Manuel Micheltorena to Robert Thomes. Present-day Tehama County.", "sources": [{"citation": "Diseño (Bancroft Land Case Maps)", "url": "../gallery/disenos.html#dise-o-del-rancho-de-los-saucos-tehama-co-calif-drawn-by-joh--rec78584"}, {"citation": "Boundary: NAHC/CNRA California Land Grants (PLSS reconstruction)", "url": null}], "notes": null, "tags": ["Tehama"]}}, {"type": "Feature", "geometry": {"type": "Point", "coordinates": [-122.06604, 39.98717]}, "properties": {"id": "rancho-rio-de-los-molinos-5", "register_no": null, "name": "Rio de los Molinos (Albert Toomes)", "date": {"iso": "1844", "display": "1844", "confidence": "year"}, "coord_precision": "exact", "polygon": [[[39.95279, -122.07384], [39.93994, -122.07479], [39.93471, -122.07526], [39.92995, -122.07003], [39.92376, -122.06717], [39.91805, -122.0686], [39.90663, -122.06908], [39.90187, -122.06765], [39.89664, -122.06242], [39.88997, -122.05718], [39.88093, -122.05195], [39.87617, -122.05575], [39.86951, -122.05623], [39.86475, -122.05099], [39.86047, -122.03196], [39.86285, -122.02339], [39.88997, -122.02387], [39.97183, -122.02196], [39.97611, -122.0272], [39.97564, -122.03481], [40.00086, -122.03434], [40.01085, -122.03719], [40.02846, -122.0429], [40.04321, -122.04861], [40.05606, -122.05242], [40.07129, -122.05623], [40.077, -122.05718], [40.08176, -122.05766], [40.09033, -122.05908], [40.09318, -122.06575], [40.09651, -122.07669], [40.09604, -122.08669], [40.08795, -122.08764], [40.07843, -122.08716], [40.07034, -122.08764], [40.06177, -122.08764], [40.05463, -122.08907], [40.04797, -122.09525], [40.0375, -122.10001], [40.03036, -122.10001], [40.02322, -122.09287], [40.01704, -122.09192], [40.00704, -122.09335], [40.00229, -122.09097], [39.99753, -122.08811], [39.99372, -122.0805], [39.99039, -122.07384], [39.98373, -122.06813], [39.97373, -122.06908], [39.96707, -122.07193], [39.95279, -122.07384]]], "type": "rancho", "layer": "micheltorena", "summary": "Granted 1844 by Manuel Micheltorena to Albert Toomes. Present-day Tehama County.", "sources": [{"citation": "Diseño (Bancroft Land Case Maps)", "url": "../gallery/disenos.html#dise-o-del-rancho-rio-de-los-molinos-calif-john-bidwell--rec78453-1"}, {"citation": "Boundary: NAHC/CNRA California Land Grants (PLSS reconstruction)", "url": null}], "notes": null, "tags": ["Tehama"]}}, {"type": "Feature", "geometry": {"type": "Point", "coordinates": [-121.99498, 39.83581]}, "properties": {"id": "rancho-bosquejo-6", "register_no": null, "name": "Bosquejo (Peter Lassen)", "date": {"iso": "1844", "display": "1844", "confidence": "year"}, "coord_precision": "exact", "polygon": [[[39.88997, -122.02387], [39.86285, -122.02339], [39.8617, -122.02754], [39.85162, -122.03101], [39.84543, -122.03291], [39.83829, -122.03005], [39.83401, -122.0272], [39.8283, -122.01673], [39.81735, -122.01054], [39.80355, -122.00626], [39.80165, -122.0034], [39.79641, -121.99674], [39.78452, -121.98818], [39.77833, -121.98009], [39.78309, -121.93916], [39.83306, -121.94487], [39.83401, -121.95058], [39.84448, -121.95106], [39.84448, -121.96391], [39.85543, -121.96533], [39.85733, -121.9739], [39.88779, -121.9739], [39.88997, -122.02387]]], "type": "rancho", "layer": "micheltorena", "summary": "Granted 1844 by Manuel Micheltorena to Peter Lassen. Present-day Tehama County.", "sources": [{"citation": "Diseño (Bancroft Land Case Maps)", "url": "../gallery/disenos.html#bosquejo-del-sitio-llamado-sta-anna-cuatro-leguas-ne-de-s-ju--rec78894-1"}, {"citation": "Boundary: NAHC/CNRA California Land Grants (PLSS reconstruction)", "url": null}], "notes": null, "tags": ["Tehama"]}}, {"type": "Feature", "geometry": {"type": "Point", "coordinates": [-121.98849, 39.76243]}, "properties": {"id": "rancho-capay-7", "register_no": null, "name": "Capay (Maria Josefa Soto)", "date": {"iso": "1844", "display": "1844", "confidence": "year"}, "coord_precision": "exact", "polygon": [[[39.67363, -121.962], [39.67887, -121.94487], [39.68601, -121.93916], [39.68934, -121.92774], [39.70362, -121.92441], [39.71646, -121.92108], [39.72408, -121.91632], [39.73122, -121.91108], [39.74121, -121.90585], [39.7474, -121.90585], [39.7512, -121.91299], [39.75549, -121.92583], [39.76025, -121.93345], [39.76976, -121.94154], [39.77262, -121.94915], [39.77357, -121.96105], [39.76786, -121.96962], [39.76739, -121.97247], [39.76929, -121.97771], [39.77357, -121.98104], [39.77833, -121.98009], [39.78452, -121.98818], [39.79641, -121.99674], [39.80165, -122.0034], [39.80355, -122.00626], [39.81735, -122.01054], [39.8283, -122.01673], [39.83401, -122.0272], [39.83829, -122.03005], [39.84543, -122.03291], [39.85162, -122.03101], [39.8617, -122.02754], [39.86047, -122.03196], [39.86475, -122.05099], [39.86494, -122.13951], [39.8402, -122.14094], [39.68981, -122.06384], [39.68601, -122.06289], [39.67991, -122.065], [39.67744, -122.05195], [39.67649, -122.01816], [39.67697, -121.98389], [39.67363, -121.962]]], "type": "rancho", "layer": "micheltorena", "summary": "Granted 1844 by Manuel Micheltorena to Maria Josefa Soto. Present-day Tehama County.", "sources": [{"citation": "Diseño (Bancroft Land Case Maps)", "url": "../gallery/disenos.html#dise-o-del-rancho-capay-glenn-co-calif--rec78419"}, {"citation": "Boundary: NAHC/CNRA California Land Grants (PLSS reconstruction)", "url": null}], "notes": null, "tags": ["Tehama"]}}, {"type": "Feature", "geometry": {"type": "Point", "coordinates": [-121.98773, 39.61951]}, "properties": {"id": "rancho-jacinto-8", "register_no": null, "name": "Jacinto (Jacinto Rodriguez)", "date": {"iso": "1844", "display": "1844", "confidence": "year"}, "coord_precision": "exact", "polygon": [[[39.53325, -121.96724], [39.54086, -121.95962], [39.55609, -121.94915], [39.57465, -121.94439], [39.61224, -121.94059], [39.62462, -121.94582], [39.63223, -121.94963], [39.63985, -121.95248], [39.64794, -121.95248], [39.65603, -121.9501], [39.66031, -121.94868], [39.67363, -121.962], [39.67697, -121.98389], [39.67649, -122.01816], [39.67744, -122.05195], [39.67991, -122.065], [39.66126, -122.07146], [39.60415, -122.08431], [39.52896, -122.09049], [39.53325, -121.96724]]], "type": "rancho", "layer": "micheltorena", "summary": "Granted 1844 by Manuel Micheltorena to Jacinto Rodriguez. Present-day Glenn County.", "sources": [{"citation": "Diseño (Bancroft Land Case Maps)", "url": "../gallery/disenos.html#dise-o-del-parage-llamado-el-potrero-de-san-jacinto-calif--rec78823-1"}, {"citation": "Boundary: NAHC/CNRA California Land Grants (PLSS reconstruction)", "url": null}], "notes": null, "tags": ["Glenn"]}}, {"type": "Feature", "geometry": {"type": "Point", "coordinates": [-122.00248, 39.43278]}, "properties": {"id": "rancho-larkins-children-9", "register_no": null, "name": "Larkin’s Children (Children of Thomas O Larkin)", "date": {"iso": "1844", "display": "1844", "confidence": "year"}, "coord_precision": "exact", "polygon": [[[39.52896, -122.09049], [39.52801, -122.10239], [39.48423, -122.10191], [39.48518, -122.08193], [39.37097, -122.08193], [39.37002, -122.09668], [39.32766, -122.09668], [39.32814, -122.00007], [39.33194, -122.00293], [39.3367, -122.00388], [39.34432, -122.00293], [39.34812, -121.99769], [39.35526, -121.98722], [39.36145, -121.97818], [39.36716, -121.97104], [39.37573, -121.96629], [39.3862, -121.96533], [39.39571, -121.97104], [39.40428, -121.97818], [39.41713, -121.98199], [39.42998, -121.98532], [39.43712, -121.98342], [39.44521, -121.97533], [39.45282, -121.96724], [39.45758, -121.96248], [39.46567, -121.96105], [39.47233, -121.96533], [39.4828, -121.97009], [39.48756, -121.97152], [39.4947, -121.97152], [39.50089, -121.96866], [39.50802, -121.96343], [39.51373, -121.96343], [39.5223, -121.96391], [39.53325, -121.96724], [39.52896, -122.09049]]], "type": "rancho", "layer": "micheltorena", "summary": "Granted 1844 by Manuel Micheltorena to Children of Thomas O Larkin. Present-day Glenn County.", "sources": [{"citation": "Diseño (Bancroft Land Case Maps)", "url": "../gallery/disenos.html#dise-o-del-larkins-children-s-rancho-calif-john-bidwell--rec78459-1"}, {"citation": "Boundary: NAHC/CNRA California Land Grants (PLSS reconstruction)", "url": null}], "notes": null, "tags": ["Glenn"]}}, {"type": "Feature", "geometry": {"type": "Point", "coordinates": [-121.91134, 39.65565]}, "properties": {"id": "rancho-farwell-10", "register_no": null, "name": "Farwell (Edward Farwell)", "date": {"iso": "1844", "display": "1844", "confidence": "year"}, "coord_precision": "exact", "polygon": [[[39.66031, -121.94868], [39.65603, -121.9501], [39.64794, -121.95248], [39.63985, -121.95248], [39.63223, -121.94963], [39.62462, -121.94582], [39.61224, -121.94059], [39.64984, -121.84826], [39.66316, -121.8416], [39.69362, -121.83208], [39.69798, -121.83021], [39.68268, -121.87158], [39.65888, -121.9225], [39.65507, -121.93535], [39.66031, -121.94868]]], "type": "rancho", "layer": "micheltorena", "summary": "Granted 1844 by Manuel Micheltorena to Edward Farwell. Present-day Butte County.", "sources": [{"citation": "Diseño (Bancroft Land Case Maps)", "url": "../gallery/disenos.html#dise-o-del-rancho-de-farwell-calif--rec78764"}, {"citation": "Boundary: NAHC/CNRA California Land Grants (PLSS reconstruction)", "url": null}], "notes": null, "tags": ["Butte"]}}, {"type": "Feature", "geometry": {"type": "Point", "coordinates": [-121.89988, 39.69324]}, "properties": {"id": "rancho-farwell-11", "register_no": null, "name": "Farwell (Edward Farwell)", "date": {"iso": "1844", "display": "1844", "confidence": "year"}, "coord_precision": "exact", "polygon": [[[39.70474, -121.82732], [39.69423, -121.86687], [39.72849, -121.85486], [39.72598, -121.87777], [39.72408, -121.91632], [39.71646, -121.92108], [39.70362, -121.92441], [39.68934, -121.92774], [39.68601, -121.93916], [39.67887, -121.94487], [39.67363, -121.962], [39.66031, -121.94868], [39.65507, -121.93535], [39.65888, -121.9225], [39.68268, -121.87158], [39.69798, -121.83021], [39.70474, -121.82732]]], "type": "rancho", "layer": "micheltorena", "summary": "Granted 1844 by Manuel Micheltorena to Edward Farwell. Present-day Butte County.", "sources": [{"citation": "Diseño (Bancroft Land Case Maps)", "url": "../gallery/disenos.html#dise-o-del-rancho-de-farwell-calif--rec78764"}, {"citation": "Boundary: NAHC/CNRA California Land Grants (PLSS reconstruction)", "url": null}], "notes": null, "tags": ["Butte"]}}, {"type": "Feature", "geometry": {"type": "Point", "coordinates": [-121.81959, 39.75718]}, "properties": {"id": "rancho-arroyo-chico-12", "register_no": null, "name": "Arroyo Chico (William Dickey)", "date": {"iso": "1844", "display": "1844", "confidence": "year"}, "coord_precision": "exact", "polygon": [[[39.73544, -121.81151], [39.73978, -121.80829], [39.75073, -121.78878], [39.77119, -121.7588], [39.78023, -121.7469], [39.78119, -121.74024], [39.78452, -121.7231], [39.79166, -121.71597], [39.80117, -121.71597], [39.79975, -121.77878], [39.79261, -121.77831], [39.75549, -121.92583], [39.7512, -121.91299], [39.7474, -121.90585], [39.74121, -121.90585], [39.73122, -121.91108], [39.72408, -121.91632], [39.72598, -121.87777], [39.72931, -121.84731], [39.73122, -121.83018], [39.73544, -121.81151]]], "type": "rancho", "layer": "micheltorena", "summary": "This diseño of Rancho Arroyo Chico in the upper Sacramento Valley was drawn by the pioneer John Bidwell, who owned the rancho and founded the town of Chico. Bidwell had arrived with the 1841 Bartleson-Bidwell party and became a leading figure in early American California.", "sources": [{"citation": "Diseño (Bancroft Land Case Maps)", "url": "../gallery/disenos.html#dise-o-del-rancho-arroyo-chico-calif-john-bidwell--rec78472"}, {"citation": "Boundary: NAHC/CNRA California Land Grants (PLSS reconstruction)", "url": null}], "notes": null, "tags": ["Butte"]}}, {"type": "Feature", "geometry": {"type": "Point", "coordinates": [-121.736, 39.60159]}, "properties": {"id": "rancho-esquon-13", "register_no": null, "name": "Esquon (Samuel Neal)", "date": {"iso": "1844", "display": "1844", "confidence": "year"}, "coord_precision": "exact", "polygon": [[[39.58776, -121.78189], [39.57463, -121.78246], [39.57492, -121.7679], [39.55607, -121.7679], [39.55607, -121.75619], [39.53637, -121.75619], [39.53665, -121.72421], [39.55521, -121.72078], [39.5595, -121.71993], [39.56349, -121.71678], [39.57063, -121.71193], [39.5752, -121.71136], [39.58491, -121.70451], [39.59176, -121.69794], [39.60233, -121.68909], [39.60747, -121.68309], [39.61175, -121.67852], [39.61689, -121.67224], [39.62003, -121.66996], [39.62431, -121.6711], [39.68913, -121.75333], [39.68428, -121.75647], [39.66886, -121.75448], [39.65515, -121.7539], [39.64801, -121.75847], [39.63916, -121.76047], [39.63002, -121.7619], [39.6226, -121.76418], [39.61746, -121.76847], [39.60661, -121.77446], [39.59604, -121.77989], [39.58776, -121.78189]]], "type": "rancho", "layer": "micheltorena", "summary": "Granted 1844 by Manuel Micheltorena to Samuel Neal. Present-day Butte County.", "sources": [{"citation": "Diseño (Bancroft Land Case Maps)", "url": "../gallery/disenos.html#dise-o-del-rancho-esquon-calif--rec78475"}, {"citation": "Boundary: NAHC/CNRA California Land Grants (PLSS reconstruction)", "url": null}], "notes": null, "tags": ["Butte"]}}, {"type": "Feature", "geometry": {"type": "Point", "coordinates": [-121.84081, 39.54522]}, "properties": {"id": "rancho-aguas-frias-14", "register_no": null, "name": "Aguas Frias (Antonio Osio)", "date": {"iso": "1844", "display": "1844", "confidence": "year"}, "coord_precision": "exact", "polygon": [[[39.54109, -121.89469], [39.54181, -121.89205], [39.53134, -121.89109], [39.52611, -121.88919], [39.52611, -121.88253], [39.45042, -121.88125], [39.45071, -121.86498], [39.45156, -121.85927], [39.45413, -121.85356], [39.45899, -121.84899], [39.46755, -121.84299], [39.47583, -121.84242], [39.48212, -121.84356], [39.48897, -121.84613], [39.49468, -121.84984], [39.50096, -121.85184], [39.5081, -121.85213], [39.51724, -121.84756], [39.52952, -121.83328], [39.53665, -121.82729], [39.54665, -121.82129], [39.55721, -121.81672], [39.56492, -121.81101], [39.56892, -121.80673], [39.57492, -121.79702], [39.58462, -121.78703], [39.58776, -121.78189], [39.59604, -121.77989], [39.60661, -121.77446], [39.61746, -121.76847], [39.6226, -121.76418], [39.63002, -121.7619], [39.63916, -121.76047], [39.63749, -121.87859], [39.63485, -121.88507], [39.62774, -121.88439], [39.59947, -121.88668], [39.57663, -121.88725], [39.56092, -121.8901], [39.54109, -121.89469]]], "type": "rancho", "layer": "micheltorena", "summary": "Granted 1844 by Manuel Micheltorena to Antonio Osio. Present-day Butte County.", "sources": [{"citation": "Boundary: NAHC/CNRA California Land Grants (PLSS reconstruction)", "url": null}], "notes": null, "tags": ["Butte"]}}, {"type": "Feature", "geometry": {"type": "Point", "coordinates": [-121.59793, 39.4702]}, "properties": {"id": "rancho-fernandez-15", "register_no": null, "name": "Fernandez (Dionisio Fernandez)", "date": {"iso": "1846", "display": "1846", "confidence": "year"}, "coord_precision": "exact", "polygon": [[[39.37609, -121.61209], [39.38037, -121.60638], [39.39094, -121.60238], [39.44719, -121.60209], [39.45318, -121.59924], [39.45889, -121.58668], [39.46003, -121.57868], [39.46289, -121.56954], [39.47203, -121.56183], [39.48819, -121.56012], [39.49675, -121.55898], [39.50275, -121.55584], [39.50732, -121.55155], [39.51017, -121.54699], [39.51389, -121.54042], [39.51731, -121.53985], [39.52302, -121.54128], [39.52388, -121.59524], [39.52274, -121.59667], [39.51017, -121.59667], [39.5096, -121.61209], [39.48705, -121.61237], [39.48733, -121.63179], [39.47563, -121.63179], [39.47677, -121.64607], [39.4702, -121.64664], [39.46963, -121.65549], [39.46278, -121.65635], [39.46306, -121.6652], [39.38023, -121.66345], [39.37609, -121.61209]]], "type": "rancho", "layer": "pico", "summary": "Granted 1846 by Pio Pico to Dionisio Fernandez. Present-day Butte County.", "sources": [{"citation": "Diseño (Bancroft Land Case Maps)", "url": "../gallery/disenos.html#plano-del-parage-conscido-por-rancho-de-quito-calif-jose-fer--rec78649"}, {"citation": "Boundary: NAHC/CNRA California Land Grants (PLSS reconstruction)", "url": null}], "notes": null, "tags": ["Butte"]}}, {"type": "Feature", "geometry": {"type": "Point", "coordinates": [-121.62654, 39.30622]}, "properties": {"id": "rancho-boga-16", "register_no": null, "name": "Boga (Charles W. Flugge)", "date": {"iso": "1844", "display": "1844", "confidence": "year"}, "coord_precision": "exact", "polygon": [[[39.37609, -121.61209], [39.38023, -121.66345], [39.36855, -121.6632], [39.36284, -121.66491], [39.36284, -121.67005], [39.36484, -121.67291], [39.3617, -121.67662], [39.34, -121.67605], [39.33429, -121.67605], [39.33086, -121.67034], [39.33114, -121.66577], [39.32943, -121.66291], [39.31487, -121.66463], [39.24303, -121.66348], [39.23932, -121.66006], [39.22247, -121.65949], [39.21762, -121.62123], [39.21847, -121.59753], [39.22047, -121.59296], [39.23389, -121.59438], [39.24046, -121.60695], [39.24674, -121.6158], [39.25131, -121.6198], [39.25388, -121.62208], [39.25788, -121.62094], [39.2613, -121.6178], [39.26559, -121.61123], [39.26901, -121.60438], [39.27558, -121.5981], [39.281, -121.5961], [39.28614, -121.59952], [39.29185, -121.60723], [39.295, -121.61123], [39.29814, -121.6138], [39.30385, -121.61152], [39.30784, -121.60752], [39.31184, -121.60695], [39.3167, -121.61352], [39.32012, -121.61437], [39.32441, -121.61266], [39.32783, -121.60923], [39.3324, -121.61323], [39.33868, -121.61123], [39.34211, -121.60438], [39.34582, -121.59695], [39.35439, -121.60095], [39.35753, -121.6078], [39.35896, -121.61551], [39.36581, -121.61609], [39.37609, -121.61209]]], "type": "rancho", "layer": "micheltorena", "summary": "Granted 1844 by Manuel Micheltorena to Charles W. Flugge. Present-day Sutter County.", "sources": [{"citation": "Boundary: NAHC/CNRA California Land Grants (PLSS reconstruction)", "url": null}], "notes": null, "tags": ["Sutter"]}}, {"type": "Feature", "geometry": {"type": "Point", "coordinates": [-121.55687, 39.23384]}, "properties": {"id": "rancho-honcut-17", "register_no": null, "name": "Honcut (Theodor Cordua)", "date": {"iso": "1844", "display": "1844", "confidence": "year"}, "coord_precision": "exact", "polygon": [[[39.31184, -121.60695], [39.30784, -121.60752], [39.30385, -121.61152], [39.29814, -121.6138], [39.295, -121.61123], [39.29185, -121.60723], [39.28614, -121.59952], [39.281, -121.5961], [39.27558, -121.5981], [39.26901, -121.60438], [39.26559, -121.61123], [39.2613, -121.6178], [39.25788, -121.62094], [39.25388, -121.62208], [39.25131, -121.6198], [39.24674, -121.6158], [39.24046, -121.60695], [39.23389, -121.59438], [39.22047, -121.59296], [39.21847, -121.59753], [39.2135, -121.60038], [39.20751, -121.60267], [39.2038, -121.60038], [39.2018, -121.59724], [39.19523, -121.59296], [39.18695, -121.59267], [39.17381, -121.59638], [39.16896, -121.59638], [39.16182, -121.59467], [39.1564, -121.5901], [39.15297, -121.58582], [39.14697, -121.58239], [39.14926, -121.57326], [39.15297, -121.56041], [39.15268, -121.55355], [39.15069, -121.54327], [39.15097, -121.53528], [39.16296, -121.53385], [39.16839, -121.53414], [39.17353, -121.53385], [39.17581, -121.53157], [39.17667, -121.52586], [39.17467, -121.52243], [39.1721, -121.51957], [39.1701, -121.51187], [39.16953, -121.5073], [39.17096, -121.50044], [39.1741, -121.49502], [39.17953, -121.49188], [39.18324, -121.48931], [39.18695, -121.48417], [39.19123, -121.47189], [39.20437, -121.4756], [39.20608, -121.49045], [39.20722, -121.51015], [39.21322, -121.51672], [39.26404, -121.51872], [39.26747, -121.50758], [39.2729, -121.49959], [39.28517, -121.49245], [39.29345, -121.48617], [39.30173, -121.48674], [39.30944, -121.49188], [39.31373, -121.50758], [39.33314, -121.50844], [39.33114, -121.519], [39.33029, -121.52814], [39.32686, -121.53642], [39.32229, -121.5427], [39.31944, -121.55355], [39.32172, -121.56012], [39.32401, -121.57183], [39.31858, -121.59067], [39.31184, -121.60695]]], "type": "rancho", "layer": "micheltorena", "summary": "Granted 1844 by Manuel Micheltorena to Theodor Cordua. Present-day Yuba County.", "sources": [{"citation": "Diseño (Bancroft Land Case Maps)", "url": "../gallery/disenos.html#dise-o-del-rancho-honcut-calif--rec78572"}, {"citation": "Boundary: NAHC/CNRA California Land Grants (PLSS reconstruction)", "url": null}], "notes": null, "tags": ["Yuba"]}}, {"type": "Feature", "geometry": {"type": "Point", "coordinates": [-121.54358, 39.09618]}, "properties": {"id": "rancho-new-helvetia-18", "register_no": null, "name": "New Helvetia (John Sutter)", "date": {"iso": "1841", "display": "1841", "confidence": "year"}, "coord_precision": "exact", "polygon": [[[39.18982, -121.59277], [39.1898, -121.62037], [39.1701, -121.62008], [39.17039, -121.61323], [39.01877, -121.6078], [39.01791, -121.59924], [39.00192, -121.59724], [39.00164, -121.58925], [38.90627, -121.58639], [38.89456, -121.55869], [38.9017, -121.5527], [38.90513, -121.55184], [38.91169, -121.5507], [38.9154, -121.54556], [38.92226, -121.54327], [38.92683, -121.53728], [38.93168, -121.53328], [38.9491, -121.52985], [38.9708, -121.53128], [38.97508, -121.53699], [38.97651, -121.54156], [39.02248, -121.54099], [39.02819, -121.55013], [39.03933, -121.55155], [39.04247, -121.5624], [39.06017, -121.56069], [39.06503, -121.54927], [39.07131, -121.54527], [39.07673, -121.53985], [39.0853, -121.53756], [39.08644, -121.53299], [39.09015, -121.52814], [39.10757, -121.52614], [39.11271, -121.51672], [39.12242, -121.51558], [39.12442, -121.50216], [39.13355, -121.49959], [39.1347, -121.49388], [39.14012, -121.48988], [39.14612, -121.48474], [39.15697, -121.48445], [39.1584, -121.4736], [39.15925, -121.46989], [39.19123, -121.47189], [39.18695, -121.48417], [39.18324, -121.48931], [39.17953, -121.49188], [39.1741, -121.49502], [39.17096, -121.50044], [39.16953, -121.5073], [39.1701, -121.51187], [39.1721, -121.51957], [39.17467, -121.52243], [39.17667, -121.52586], [39.17581, -121.53157], [39.17353, -121.53385], [39.16839, -121.53414], [39.16296, -121.53385], [39.15097, -121.53528], [39.15069, -121.54327], [39.15268, -121.55355], [39.15297, -121.56041], [39.14926, -121.57326], [39.14697, -121.58239], [39.15297, -121.58582], [39.1564, -121.5901], [39.16182, -121.59467], [39.16896, -121.59638], [39.17381, -121.59638], [39.18695, -121.59267], [39.18979, -121.59277], [39.18982, -121.59277]]], "type": "rancho", "layer": "alvarado", "summary": "Granted 1841 by Juan Alvarado to John Sutter. Present-day Yuba County.", "sources": [{"citation": "Diseño (Bancroft Land Case Maps)", "url": "../gallery/disenos.html#dise-o-del-rancho-san-juan-y-rancho-new-helvetia-calif--rec78489-1"}, {"citation": "Boundary: NAHC/CNRA California Land Grants (PLSS reconstruction)", "url": null}], "notes": null, "tags": ["Yuba"]}}, {"type": "Feature", "geometry": {"type": "Point", "coordinates": [-121.40093, 39.0122]}, "properties": {"id": "rancho-johnson-19", "register_no": null, "name": "Johnson (Pablo Gutierrez)", "date": {"iso": "1844", "display": "1844", "confidence": "year"}, "coord_precision": "exact", "polygon": [[[39.01974, -121.49291], [38.95778, -121.49119], [38.96377, -121.4852], [38.97091, -121.47806], [38.97662, -121.47263], [38.98405, -121.46607], [38.98919, -121.45664], [38.99176, -121.45036], [38.9909, -121.44094], [38.9889, -121.43351], [38.99518, -121.42523], [38.99404, -121.41495], [38.99261, -121.40296], [38.99261, -121.39668], [38.99975, -121.38869], [39.00775, -121.3824], [39.01346, -121.37212], [39.01546, -121.3607], [39.01603, -121.35328], [39.02117, -121.34614], [39.02545, -121.33757], [39.03088, -121.32387], [39.0343, -121.31387], [39.03773, -121.30502], [39.04001, -121.2896], [39.09398, -121.32787], [39.07456, -121.37555], [39.06485, -121.37526], [39.06286, -121.37584], [39.01974, -121.49291]]], "type": "rancho", "layer": "micheltorena", "summary": "Granted 1844 by Manuel Micheltorena to Pablo Gutierrez. Present-day Yuba County.", "sources": [{"citation": "Diseño (Bancroft Land Case Maps)", "url": "../gallery/disenos.html#dise-o-del-johnson-s-rancho-yuba-co-calif--rec78775"}, {"citation": "Boundary: NAHC/CNRA California Land Grants (PLSS reconstruction)", "url": null}], "notes": null, "tags": ["Yuba"]}}, {"type": "Feature", "geometry": {"type": "Point", "coordinates": [-121.91906, 39.57086]}, "properties": {"id": "rancho-llano-seco-20", "register_no": null, "name": "Llano Seco (Sebastian Kayser)", "date": {"iso": "1845", "display": "1845", "confidence": "year"}, "coord_precision": "exact", "polygon": [[[39.54109, -121.89469], [39.56092, -121.8901], [39.57663, -121.88725], [39.59947, -121.88668], [39.62774, -121.88439], [39.63485, -121.88507], [39.61224, -121.94059], [39.57465, -121.94439], [39.55609, -121.94915], [39.54086, -121.95962], [39.53325, -121.96724], [39.5223, -121.96391], [39.54109, -121.89469]]], "type": "rancho", "layer": "pico", "summary": "Granted 1845 by Pio Pico to Sebastian Kayser. Present-day Butte County.", "sources": [{"citation": "Diseño (Bancroft Land Case Maps)", "url": "../gallery/disenos.html#dise-o-del-rancho-llano-seco-calif-john-bidwell--rec78776"}, {"citation": "Boundary: NAHC/CNRA California Land Grants (PLSS reconstruction)", "url": null}], "notes": null, "tags": ["Butte"]}}, {"type": "Feature", "geometry": {"type": "Point", "coordinates": [-121.92897, 39.14924]}, "properties": {"id": "rancho-jimeno-21", "register_no": null, "name": "Jimeno (Manuel Jimeno)", "date": {"iso": "1844", "display": "1844", "confidence": "year"}, "coord_precision": "exact", "polygon": [[[39.32814, -122.00007], [39.32782, -122.06419], [39.30958, -122.06476], [39.30728, -122.05215], [39.3027, -122.04125], [39.29582, -122.04183], [39.28894, -122.0424], [39.27976, -122.04125], [39.27059, -122.03839], [39.26772, -122.04355], [39.2574, -122.04469], [39.25511, -122.02635], [39.1909, -122.0252], [39.18516, -122.02061], [39.17714, -122.01603], [39.17484, -121.99367], [39.16567, -121.99309], [39.16452, -121.97991], [39.15134, -121.97475], [39.15191, -121.9564], [39.12439, -121.95583], [39.1026, -121.94493], [39.09056, -121.93117], [39.07279, -121.91741], [39.0682, -121.90938], [39.06018, -121.90078], [39.05158, -121.90308], [39.05444, -121.87728], [39.03782, -121.8767], [39.03495, -121.85205], [39.0166, -121.85205], [39.01718, -121.83829], [38.9994, -121.83829], [38.9994, -121.86008], [38.98736, -121.86352], [38.98564, -121.87097], [38.94092, -121.8704], [38.94035, -121.82396], [38.95124, -121.82224], [38.96214, -121.82224], [38.97876, -121.81249], [38.99138, -121.80274], [39.00342, -121.79701], [39.01374, -121.79644], [39.02463, -121.80217], [39.03208, -121.80905], [39.04126, -121.81192], [39.05043, -121.81593], [39.05731, -121.82568], [39.06304, -121.83313], [39.07164, -121.8509], [39.08082, -121.86696], [39.08884, -121.86982], [39.10318, -121.879], [39.12955, -121.89964], [39.15031, -121.9134], [39.15891, -121.9134], [39.17152, -121.9134], [39.17611, -121.91454], [39.18471, -121.92257], [39.18987, -121.92716], [39.19445, -121.92544], [39.20363, -121.9197], [39.21337, -121.91913], [39.21624, -121.92429], [39.21567, -121.93518], [39.21165, -121.94321], [39.21223, -121.95296], [39.21337, -121.96156], [39.21509, -121.97819], [39.2214, -121.98277], [39.22828, -121.9822], [39.23631, -121.97761], [39.24147, -121.97245], [39.2472, -121.96787], [39.25981, -121.96385], [39.27529, -121.96959], [39.28619, -121.98163], [39.29249, -121.98048], [39.29995, -121.98105], [39.31371, -121.98736], [39.32814, -122.00007]]], "type": "rancho", "layer": "micheltorena", "summary": "Granted 1844 by Manuel Micheltorena to Manuel Jimeno. Present-day Colusa County.", "sources": [{"citation": "Diseño (Bancroft Land Case Maps)", "url": "../gallery/disenos.html#dise-o-del-rancho-jimeno-calif--rec78426-1"}, {"citation": "Boundary: NAHC/CNRA California Land Grants (PLSS reconstruction)", "url": null}], "notes": null, "tags": ["Colusa"]}}, {"type": "Feature", "geometry": {"type": "Point", "coordinates": [-121.36829, 38.57717]}, "properties": {"id": "rancho-del-paso-22", "register_no": null, "name": "Del Paso (Elias Grimes)", "date": {"iso": "1844", "display": "1844", "confidence": "year"}, "coord_precision": "exact", "polygon": [[[38.58429, -121.43581], [38.57511, -121.4295], [38.5711, -121.41574], [38.56881, -121.41001], [38.56078, -121.40485], [38.55677, -121.40256], [38.55046, -121.39109], [38.55103, -121.38708], [38.55218, -121.37446], [38.55103, -121.36701], [38.55505, -121.35497], [38.56021, -121.34924], [38.56021, -121.34465], [38.56135, -121.32974], [38.56594, -121.32458], [38.57167, -121.31828], [38.57225, -121.3091], [38.57798, -121.29821], [38.58371, -121.29018], [38.68921, -121.29076], [38.69437, -121.43868], [38.58429, -121.43581]]], "type": "rancho", "layer": "micheltorena", "summary": "Granted 1844 by Manuel Micheltorena to Elias Grimes. Present-day Sacramento County.", "sources": [{"citation": "Diseño (Bancroft Land Case Maps)", "url": "../gallery/disenos.html#dise-o-del-rancho-del-paso-sacramento-co-calif--rec78438"}, {"citation": "Boundary: NAHC/CNRA California Land Grants (PLSS reconstruction)", "url": null}], "notes": null, "tags": ["Sacramento"]}}, {"type": "Feature", "geometry": {"type": "Point", "coordinates": [-122.15303, 38.83777]}, "properties": {"id": "rancho-canada-de-capay-23", "register_no": null, "name": "Cañada de Capay (Francisco Berryessa)", "date": {"iso": "1846", "display": "1846", "confidence": "year"}, "coord_precision": "exact", "polygon": [[[38.75056, -121.91569], [38.74597, -122.05616], [38.75514, -122.07909], [38.77464, -122.10604], [38.81248, -122.14445], [38.8291, -122.15535], [38.8572, -122.16567], [38.87382, -122.17484], [38.87956, -122.18401], [38.88185, -122.19949], [38.89332, -122.20064], [38.89618, -122.1972], [38.90249, -122.19548], [38.926, -122.22013], [38.92714, -122.24249], [38.91625, -122.25052], [38.90536, -122.24651], [38.89962, -122.23791], [38.88644, -122.22587], [38.86522, -122.21325], [38.84688, -122.20179], [38.83082, -122.19663], [38.79757, -122.18688], [38.71214, -122.11865], [38.6657, -121.94837], [38.75056, -121.91569]]], "type": "rancho", "layer": "pico", "summary": "Granted 1846 by Pio Pico to Francisco Berryessa. Present-day Yolo County.", "sources": [{"citation": "Diseño (Bancroft Land Case Maps)", "url": "../gallery/disenos.html#dise-o-del-rancho-ca-ada-de-capay-calif-jos-de-los-santos-be--rec78445-1"}, {"citation": "Boundary: NAHC/CNRA California Land Grants (PLSS reconstruction)", "url": null}], "notes": null, "tags": ["Yolo"]}}, {"type": "Feature", "geometry": {"type": "Point", "coordinates": [-121.7161, 38.73809]}, "properties": {"id": "rancho-rio-de-jesus-maria-24", "register_no": null, "name": "Rio de Jesus Maria (Thomas Hardy)", "date": {"iso": "1843", "display": "1843", "confidence": "year"}, "coord_precision": "exact", "polygon": [[[38.68692, -121.86409], [38.68233, -121.82338], [38.69093, -121.82052], [38.69265, -121.8102], [38.69494, -121.7993], [38.7001, -121.78898], [38.7001, -121.78268], [38.69838, -121.77178], [38.69781, -121.69037], [38.71902, -121.69037], [38.72246, -121.67948], [38.72762, -121.67546], [38.72934, -121.66973], [38.73221, -121.65425], [38.73393, -121.63934], [38.73966, -121.63705], [38.73966, -121.6273], [38.73794, -121.61641], [38.74425, -121.61125], [38.74425, -121.59864], [38.74826, -121.58602], [38.75858, -121.58488], [38.7712, -121.5929], [38.7689, -121.60036], [38.77177, -121.60781], [38.77062, -121.62386], [38.77464, -121.63074], [38.77464, -121.64164], [38.77062, -121.6468], [38.75973, -121.65024], [38.76546, -121.65826], [38.77292, -121.66113], [38.77521, -121.67088], [38.77234, -121.67718], [38.76661, -121.67948], [38.7603, -121.68005], [38.75801, -121.68292], [38.75858, -121.7821], [38.75113, -121.78554], [38.75056, -121.81249], [38.74654, -121.81421], [38.74712, -121.82854], [38.7368, -121.82912], [38.73909, -121.84345], [38.73221, -121.84574], [38.72667, -121.84962], [38.72074, -121.85377], [38.71552, -121.8545], [38.68692, -121.86409]]], "type": "rancho", "layer": "micheltorena", "summary": "Granted 1843 by Manuel Micheltorena to Thomas Hardy. Present-day Yolo County.", "sources": [{"citation": "Diseño (Bancroft Land Case Maps)", "url": "../gallery/disenos.html#dise-o-del-rancho-rio-de-jes-s-maria-yolo-co-calif--rec78428"}, {"citation": "Boundary: NAHC/CNRA California Land Grants (PLSS reconstruction)", "url": null}], "notes": null, "tags": ["Yolo"]}}, {"type": "Feature", "geometry": {"type": "Point", "coordinates": [-121.88432, 38.7004]}, "properties": {"id": "rancho-quesesosi-25", "register_no": null, "name": "Quesesosi (William Gordon)", "date": {"iso": "1843", "display": "1843", "confidence": "year"}, "coord_precision": "exact", "polygon": [[[38.68692, -121.86409], [38.71552, -121.8545], [38.73703, -121.9209], [38.69939, -121.9354], [38.6766, -121.86696], [38.68692, -121.86409]]], "type": "rancho", "layer": "micheltorena", "summary": "Granted 1843 by Manuel Micheltorena to William Gordon. Present-day Yolo County.", "sources": [{"citation": "Boundary: NAHC/CNRA California Land Grants (PLSS reconstruction)", "url": null}], "notes": null, "tags": ["Yolo"]}}, {"type": "Feature", "geometry": {"type": "Point", "coordinates": [-121.2259, 38.6516]}, "properties": {"id": "rancho-san-juan-26", "register_no": null, "name": "San Juan (Joel P Dedmond)", "date": {"iso": "1844", "display": "1844", "confidence": "year"}, "coord_precision": "exact", "polygon": [[[38.65455, -121.29057], [38.58371, -121.29018], [38.59364, -121.27948], [38.60673, -121.2652], [38.6153, -121.24997], [38.6222, -121.21928], [38.62243, -121.1862], [38.62077, -121.17264], [38.62379, -121.17108], [38.63026, -121.16385], [38.64054, -121.15528], [38.64568, -121.15204], [38.70024, -121.15218], [38.70048, -121.18549], [38.69334, -121.18549], [38.69334, -121.20952], [38.68454, -121.20928], [38.6843, -121.2238], [38.6774, -121.22475], [38.67788, -121.24973], [38.66979, -121.24973], [38.67002, -121.26806], [38.66074, -121.26806], [38.66074, -121.28043], [38.65456, -121.28043], [38.65455, -121.29057]]], "type": "rancho", "layer": "micheltorena", "summary": "Granted 1844 by Manuel Micheltorena to Joel P Dedmond. Present-day Sacramento County.", "sources": [{"citation": "Diseño (Bancroft Land Case Maps)", "url": "../gallery/disenos.html#dise-o-del-rancho-san-juan-y-rancho-new-helvetia-calif--rec78489-1"}, {"citation": "Boundary: NAHC/CNRA California Land Grants (PLSS reconstruction)", "url": null}], "notes": null, "tags": ["Sacramento"]}}, {"type": "Feature", "geometry": {"type": "Point", "coordinates": [-121.22896, 38.57086]}, "properties": {"id": "rancho-rio-de-los-americanos-27", "register_no": null, "name": "Rio de los Americanos (William Leidesdorff)", "date": {"iso": "1844", "display": "1844", "confidence": "year"}, "coord_precision": "exact", "polygon": [[[38.58371, -121.29018], [38.57798, -121.29821], [38.57225, -121.3091], [38.57188, -121.31496], [38.57186, -121.31538], [38.49918, -121.31565], [38.49942, -121.18834], [38.50703, -121.18834], [38.50703, -121.17597], [38.51702, -121.17645], [38.51655, -121.16693], [38.57223, -121.16693], [38.57699, -121.17431], [38.58579, -121.1755], [38.59864, -121.17573], [38.60744, -121.17121], [38.62077, -121.17264], [38.62243, -121.1862], [38.6222, -121.21928], [38.6153, -121.24997], [38.60673, -121.2652], [38.59364, -121.27948], [38.58371, -121.29018]]], "type": "rancho", "layer": "micheltorena", "summary": "Granted 1844 by Manuel Micheltorena to William Leidesdorff. Present-day Sacramento County.", "sources": [{"citation": "Diseño (Bancroft Land Case Maps)", "url": "../gallery/disenos.html#dise-o-del-rancho-rio-de-los-americanos-sacramento-county-ca--rec79185"}, {"citation": "Boundary: NAHC/CNRA California Land Grants (PLSS reconstruction)", "url": null}], "notes": null, "tags": ["Sacramento"]}}, {"type": "Feature", "geometry": {"type": "Point", "coordinates": [-121.87861, 38.45361]}, "properties": {"id": "rancho-los-putos-28", "register_no": null, "name": "Los Putos (Juan Vaca and Juan Peña)", "date": {"iso": "1843", "display": "1843", "confidence": "year"}, "coord_precision": "exact", "polygon": [[[38.48026, -121.97065], [38.42658, -121.96951], [38.42515, -122.04318], [38.39974, -122.04261], [38.39945, -122.0309], [38.37432, -122.03233], [38.37404, -122.02491], [38.33349, -122.02491], [38.33349, -122.01006], [38.31779, -122.00977], [38.31921, -121.94895], [38.32692, -121.94895], [38.32692, -121.93239], [38.33663, -121.93039], [38.33692, -121.92697], [38.33406, -121.92354], [38.33006, -121.9184], [38.4617, -121.91583], [38.4617, -121.881], [38.46912, -121.87529], [38.46969, -121.8593], [38.47797, -121.85758], [38.47826, -121.83874], [38.48968, -121.83988], [38.49139, -121.81047], [38.49882, -121.80162], [38.4991, -121.75193], [38.50795, -121.75079], [38.50881, -121.72938], [38.54022, -121.72966], [38.54022, -121.73994], [38.53793, -121.75079], [38.53736, -121.75936], [38.53394, -121.76307], [38.53251, -121.76707], [38.53137, -121.77592], [38.53337, -121.7882], [38.53479, -121.80876], [38.52166, -121.80219], [38.51167, -121.81961], [38.51395, -121.82903], [38.51252, -121.83874], [38.51052, -121.8453], [38.52223, -121.86101], [38.48226, -121.96637], [38.48026, -121.97065]]], "type": "rancho", "layer": "micheltorena", "summary": "Granted 1843 by Manuel Micheltorena to Juan Vaca and Juan Peña. Present-day Solano County.", "sources": [{"citation": "Diseño (Bancroft Land Case Maps)", "url": "../gallery/disenos.html#dise-o-del-rancho-rio-de-los-putos-latitud-norte-38-57-32-ca--rec78479"}, {"citation": "Boundary: NAHC/CNRA California Land Grants (PLSS reconstruction)", "url": null}], "notes": null, "tags": ["Solano"]}}, {"type": "Feature", "geometry": {"type": "Point", "coordinates": [-121.8818, 38.52029]}, "properties": {"id": "rancho-rio-de-los-putos-29", "register_no": null, "name": "Rio de los Putos (William Wolfskill)", "date": {"iso": "1842", "display": "1842", "confidence": "year"}, "coord_precision": "exact", "polygon": [[[38.53651, -121.81047], [38.56163, -121.83103], [38.55221, -121.84502], [38.56363, -121.85473], [38.55307, -121.87557], [38.56306, -121.88614], [38.51195, -122.02148], [38.47569, -121.99407], [38.47997, -121.98664], [38.48168, -121.97865], [38.48026, -121.97065], [38.48226, -121.96637], [38.52223, -121.86101], [38.51052, -121.8453], [38.51252, -121.83874], [38.51395, -121.82903], [38.51167, -121.81961], [38.52166, -121.80219], [38.53479, -121.80876], [38.53651, -121.81047]]], "type": "rancho", "layer": "alvarado", "summary": "Granted 1842 by Juan Alvarado to William Wolfskill. Present-day Solano County.", "sources": [{"citation": "Diseño (Bancroft Land Case Maps)", "url": "../gallery/disenos.html#dise-o-del-rancho-rio-de-los-putos-latitud-norte-38-57-32-ca--rec78479"}, {"citation": "Boundary: NAHC/CNRA California Land Grants (PLSS reconstruction)", "url": null}], "notes": null, "tags": ["Solano"]}}, {"type": "Feature", "geometry": {"type": "Point", "coordinates": [-117.09069, 33.1099]}, "properties": {"id": "rancho-rincon-del-diablo-30", "register_no": null, "name": "Rincon del Diablo (Juan Alvarado)", "date": {"iso": "1843", "display": "1843", "confidence": "year"}, "coord_precision": "exact", "polygon": [[[33.08064, -117.0742], [33.08216, -117.07306], [33.09397, -117.07153], [33.09625, -117.06659], [33.10386, -117.06544], [33.10881, -117.05631], [33.11947, -117.07153], [33.13737, -117.08334], [33.14765, -117.11988], [33.17049, -117.14311], [33.1111, -117.1808], [33.09625, -117.09895], [33.08064, -117.0742]]], "type": "rancho", "layer": "micheltorena", "summary": "Granted 1843 by Manuel Micheltorena to Juan Alvarado. Present-day San Diego County.", "sources": [{"citation": "Boundary: NAHC/CNRA California Land Grants (PLSS reconstruction)", "url": null}], "notes": null, "tags": ["San Diego"]}}, {"type": "Feature", "geometry": {"type": "Point", "coordinates": [-117.11216, 33.05386]}, "properties": {"id": "rancho-san-bernardo-31", "register_no": null, "name": "San Bernardo (Jose Francisco Snook)", "date": {"iso": "1842", "display": "1842", "confidence": "year"}, "coord_precision": "exact", "polygon": [[[33.08064, -117.0742], [33.09625, -117.09895], [33.10321, -117.13734], [33.09168, -117.14311], [33.06732, -117.15225], [32.99612, -117.1728], [32.98622, -117.10351], [32.99841, -117.09856], [33.03419, -117.09285], [33.0578, -117.086], [33.08064, -117.0742]]], "type": "rancho", "layer": "alvarado", "summary": "Granted 1842 by Juan Alvarado to Jose Francisco Snook. Present-day San Diego County.", "sources": [{"citation": "Diseño (Bancroft Land Case Maps)", "url": "../gallery/disenos.html#dise-o-del-rancho-san-bernardo-san-luis-obispo-county-calif--rec78509"}, {"citation": "Boundary: NAHC/CNRA California Land Grants (PLSS reconstruction)", "url": null}], "notes": null, "tags": ["San Diego"]}}, {"type": "Feature", "geometry": {"type": "Point", "coordinates": [-117.31712, 33.14834]}, "properties": {"id": "rancho-agua-hedionda-32", "register_no": null, "name": "Agua Hedionda (Juan María Marrón)", "date": {"iso": "1842", "display": "1842", "confidence": "year"}, "coord_precision": "exact", "polygon": [[[33.11209, -117.32701], [33.10996, -117.27978], [33.16364, -117.2775], [33.18876, -117.29882], [33.18343, -117.34717], [33.16844, -117.36258], [33.11209, -117.32701]]], "type": "rancho", "layer": "alvarado", "summary": "Granted 1842 by Juan Alvarado to Juan María Marrón. Present-day San Diego County.", "sources": [{"citation": "Diseño (Bancroft Land Case Maps)", "url": "../gallery/disenos.html#plano-del-paraje-de-la-agua-hedionda-calif--rec79349"}, {"citation": "Boundary: NAHC/CNRA California Land Grants (PLSS reconstruction)", "url": null}], "notes": null, "tags": ["San Diego"]}}, {"type": "Feature", "geometry": {"type": "Point", "coordinates": [-117.26522, 33.049]}, "properties": {"id": "rancho-los-encenitos-33", "register_no": null, "name": "Los Encenitos (Andres and Joae Manuel)", "date": {"iso": "1842", "display": "1842", "confidence": "year"}, "coord_precision": "exact", "polygon": [[[33.01235, -117.28078], [33.03191, -117.23905], [33.03876, -117.23105], [33.06389, -117.23448], [33.09473, -117.2459], [33.0693, -117.305], [33.06869, -117.30474], [33.01235, -117.28078]]], "type": "rancho", "layer": "pico", "summary": "Granted 1842 by Pio Pico to Andres and Joae Manuel. Present-day San Diego County.", "sources": [{"citation": "Boundary: NAHC/CNRA California Land Grants (PLSS reconstruction)", "url": null}], "notes": null, "tags": ["San Diego"]}}, {"type": "Feature", "geometry": {"type": "Point", "coordinates": [-116.96283, 33.1796]}, "properties": {"id": "rancho-guejito-y-canada-de-paloma-34", "register_no": null, "name": "Guejito y Cañada de Paloma (Jose Maria Orozco)", "date": {"iso": "1845", "display": "1845", "confidence": "year"}, "coord_precision": "exact", "polygon": [[[33.15145, -117.02014], [33.13737, -116.99006], [33.14155, -116.98054], [33.15069, -116.96684], [33.15907, -116.96189], [33.17087, -116.96341], [33.17506, -116.95161], [33.18039, -116.9459], [33.18952, -116.93943], [33.19181, -116.93562], [33.19904, -116.92077], [33.2059, -116.91354], [33.21579, -116.91696], [33.23635, -116.96303], [33.20323, -116.98511], [33.19371, -116.99311], [33.15145, -117.02014]]], "type": "rancho", "layer": "pico", "summary": "Granted 1845 by Pio Pico to Jose Maria Orozco. Present-day San Diego County.", "sources": [{"citation": "Boundary: NAHC/CNRA California Land Grants (PLSS reconstruction)", "url": null}], "notes": null, "tags": ["San Diego"]}}, {"type": "Feature", "geometry": {"type": "Point", "coordinates": [-117.03375, 32.60227]}, "properties": {"id": "rancho-otay-35", "register_no": null, "name": "Otay (Magdelena Estudillo)", "date": {"iso": "1829", "display": "1829", "confidence": "year"}, "coord_precision": "exact", "polygon": [[[32.60392, -117.06112], [32.576, -117.04854], [32.60078, -116.99189], [32.62674, -117.00606], [32.60392, -117.06112]]], "type": "rancho", "layer": "echeandia", "summary": "Granted 1829 by José María de Echeandía to Magdelena Estudillo. Present-day San Diego County.", "sources": [{"citation": "Boundary: NAHC/CNRA California Land Grants (PLSS reconstruction)", "url": null}], "notes": null, "tags": ["San Diego"]}}, {"type": "Feature", "geometry": {"type": "Point", "coordinates": [-116.99142, 32.8622]}, "properties": {"id": "rancho-el-cajon-36", "register_no": null, "name": "El Cajon (Maria Estudillo)", "date": {"iso": "1845", "display": "1845", "confidence": "year"}, "coord_precision": "exact", "polygon": [[[32.95991, -116.98796], [32.94732, -117.00606], [32.92922, -117.0332], [32.9127, -117.06545], [32.89933, -117.08119], [32.88635, -117.08984], [32.86747, -117.09338], [32.85252, -117.09613], [32.83757, -117.09535], [32.82617, -117.08866], [32.81791, -117.07961], [32.79037, -117.02612], [32.80453, -117.00881], [32.80965, -117.00842], [32.81161, -117.00094], [32.8242, -117.00094], [32.82459, -116.98599], [32.83521, -116.9856], [32.83443, -116.97223], [32.84229, -116.96908], [32.8419, -116.96082], [32.85134, -116.95964], [32.85016, -116.95099], [32.85331, -116.94627], [32.85921, -116.94391], [32.85803, -116.93486], [32.8659, -116.93486], [32.86668, -116.91519], [32.87376, -116.91519], [32.87337, -116.9026], [32.88124, -116.9026], [32.88045, -116.89159], [32.88635, -116.88687], [32.95991, -116.98796]]], "type": "rancho", "layer": "pico", "summary": "Granted 1845 by Pio Pico to Maria Estudillo. Present-day San Diego County.", "sources": [{"citation": "Diseño (Bancroft Land Case Maps)", "url": "../gallery/disenos.html#dise-o-del-cajo-de-sn-alijo-calif--rec78921"}, {"citation": "Boundary: NAHC/CNRA California Land Grants (PLSS reconstruction)", "url": null}], "notes": null, "tags": ["San Diego"]}}, {"type": "Feature", "geometry": {"type": "Point", "coordinates": [-117.10608, 32.62921]}, "properties": {"id": "rancho-de-la-nacion-37", "register_no": null, "name": "de la Nación (John (Don Juan) Forster)", "date": {"iso": "1845", "display": "1845", "confidence": "year"}, "coord_precision": "exact", "polygon": [[[32.65893, -117.161], [32.61876, -117.13668], [32.5933, -117.13312], [32.58268, -117.10754], [32.60392, -117.06112], [32.62001, -117.0223], [32.69715, -117.06584], [32.65893, -117.161]]], "type": "rancho", "layer": "pico", "summary": "Granted 1845 by Pío Pico to John (Don Juan) Forster. Present-day San Diego County.", "sources": [{"citation": "Diseño (Bancroft Land Case Maps)", "url": "../gallery/disenos.html#terreno-que-se-solicita-llamado-rancho-de-la-nacion-calif--rec78932"}, {"citation": "Boundary: NAHC/CNRA California Land Grants (PLSS reconstruction)", "url": null}], "notes": null, "tags": ["San Diego"]}}, {"type": "Feature", "geometry": {"type": "Point", "coordinates": [-117.01824, 32.71624]}, "properties": {"id": "rancho-jamacha-38", "register_no": null, "name": "Jamacha (Apolinara Lorenzana)", "date": {"iso": "1840", "display": "1840", "confidence": "year"}, "coord_precision": "exact", "polygon": [[[32.66826, -117.04954], [32.68967, -117.0037], [32.70974, -117.00173], [32.71249, -116.99111], [32.71957, -116.98127], [32.7357, -116.96239], [32.75143, -116.9443], [32.753, -117.00094], [32.74671, -117.00134], [32.7471, -117.01471], [32.7357, -117.0151], [32.73688, -117.0273], [32.72311, -117.0273], [32.7235, -117.04657], [32.70974, -117.04893], [32.7117, -117.06506], [32.69715, -117.06584], [32.66894, -117.04992], [32.66826, -117.04954]]], "type": "rancho", "layer": "alvarado", "summary": "Granted 1840 by Juan Alvarado to Apolinara Lorenzana. Present-day San Diego County.", "sources": [{"citation": "Diseño (Bancroft Land Case Maps)", "url": "../gallery/disenos.html#map-of-the-tract-of-land-jamach-calif--rec78511"}, {"citation": "Boundary: NAHC/CNRA California Land Grants (PLSS reconstruction)", "url": null}], "notes": null, "tags": ["San Diego"]}}, {"type": "Feature", "geometry": {"type": "Point", "coordinates": [-117.2225, 32.77773]}, "properties": {"id": "rancho-san-diego-island-39", "register_no": null, "name": "San Diego Island (Pedro C. Carrillo)", "date": {"iso": "1846", "display": "1846", "confidence": "year"}, "coord_precision": "exact", "polygon": [[[32.65893, -117.161], [32.66546, -117.14474], [32.72547, -117.15183], [32.77857, -117.16599], [32.81948, -117.19392], [32.86275, -117.22775], [32.89336, -117.25477], [32.89264, -117.2548], [32.85968, -117.25617], [32.85945, -117.25618], [32.84935, -117.26292], [32.85145, -117.27388], [32.83955, -117.28218], [32.82225, -117.28098], [32.78695, -117.25498], [32.70006, -117.25518], [32.66936, -117.24608], [32.68886, -117.19678], [32.67196, -117.16888], [32.65893, -117.161]]], "type": "rancho", "layer": "pico", "summary": "Granted 1846 by Pío Pico to Pedro C. Carrillo. Present-day San Diego County.", "sources": [{"citation": "Boundary: NAHC/CNRA California Land Grants (PLSS reconstruction)", "url": null}], "notes": null, "tags": ["San Diego"]}}, {"type": "Feature", "geometry": {"type": "Point", "coordinates": [-116.57907, 33.13172]}, "properties": {"id": "rancho-valle-de-san-felipe-40", "register_no": null, "name": "Valle de San Felipe (Felipe Castillo)", "date": {"iso": "1846", "display": "1846", "confidence": "year"}, "coord_precision": "exact", "polygon": [[[33.07266, -116.61122], [33.06866, -116.54555], [33.10407, -116.50329], [33.11264, -116.50957], [33.11206, -116.54783], [33.13091, -116.56611], [33.14005, -116.56896], [33.15033, -116.57525], [33.15889, -116.58153], [33.16403, -116.58724], [33.16689, -116.59238], [33.1646, -116.5998], [33.15946, -116.60608], [33.16232, -116.61179], [33.15489, -116.61579], [33.14404, -116.61065], [33.07266, -116.61122]]], "type": "rancho", "layer": "pico", "summary": "Granted 1846 by Pio Pico to Felipe Castillo. Present-day San Diego County.", "sources": [{"citation": "Boundary: NAHC/CNRA California Land Grants (PLSS reconstruction)", "url": null}], "notes": null, "tags": ["San Diego"]}}, {"type": "Feature", "geometry": {"type": "Point", "coordinates": [-117.21298, 33.52167]}, "properties": {"id": "rancho-temecula-41", "register_no": null, "name": "Temecula (Felix Valdez)", "date": {"iso": "1844", "display": "1844", "confidence": "year"}, "coord_precision": "exact", "polygon": [[[33.45276, -117.16311], [33.47142, -117.13684], [33.51139, -117.13722], [33.60353, -117.24382], [33.56812, -117.29141], [33.56013, -117.28417], [33.55327, -117.28417], [33.45276, -117.16311]]], "type": "rancho", "layer": "micheltorena", "summary": "Granted 1844 by Manuel Micheltorena to Felix Valdez. Present-day Riverside County.", "sources": [{"citation": "Diseño (Bancroft Land Case Maps)", "url": "../gallery/disenos.html#dise-o-del-rancho-temecula-calif--rec78789-1"}, {"citation": "Boundary: NAHC/CNRA California Land Grants (PLSS reconstruction)", "url": null}], "notes": null, "tags": ["Riverside"]}}, {"type": "Feature", "geometry": {"type": "Point", "coordinates": [-117.08782, 33.5184]}, "properties": {"id": "rancho-pauba-42", "register_no": null, "name": "Pauba (Vicente Moraga)", "date": {"iso": "1844", "display": "1844", "confidence": "year"}, "coord_precision": "exact", "polygon": [[[33.47142, -117.13684], [33.45581, -117.10904], [33.46647, -117.08582], [33.45048, -117.05079], [33.48741, -116.99826], [33.51063, -117.03709], [33.56127, -117.01615], [33.56469, -117.04661], [33.56051, -117.04927], [33.55023, -117.0527], [33.55365, -117.07859], [33.54642, -117.07973], [33.54756, -117.11095], [33.53804, -117.11171], [33.53766, -117.12389], [33.53119, -117.12541], [33.52891, -117.13341], [33.52282, -117.13607], [33.51139, -117.13722], [33.47142, -117.13684]]], "type": "rancho", "layer": "micheltorena", "summary": "Granted 1844 by Manuel Micheltorena to Vicente Moraga. Present-day Riverside County.", "sources": [{"citation": "Diseño (Bancroft Land Case Maps)", "url": "../gallery/disenos.html#sketch-map-of-the-rancho-pauba-calif--rec78534"}, {"citation": "Boundary: NAHC/CNRA California Land Grants (PLSS reconstruction)", "url": null}], "notes": null, "tags": ["Riverside"]}}, {"type": "Feature", "geometry": {"type": "Point", "coordinates": [-117.71332, 33.66102]}, "properties": {"id": "rancho-canada-de-los-alisos-43", "register_no": null, "name": "Cañada de los Alisos (José Serrano)", "date": {"iso": "1842", "display": "1842", "confidence": "year"}, "coord_precision": "exact", "polygon": [[[33.68095, -117.67744], [33.72323, -117.70033], [33.67591, -117.74221], [33.64605, -117.75617], [33.62666, -117.72747], [33.62239, -117.72282], [33.63596, -117.72166], [33.64954, -117.7139], [33.66854, -117.69373], [33.68095, -117.67744]]], "type": "rancho", "layer": "alvarado", "summary": "Granted 1842 by Juan Alvarado to José Serrano. Present-day Orange County.", "sources": [{"citation": "Diseño (Bancroft Land Case Maps)", "url": "../gallery/disenos.html#dise-o-de-la-ca-ada-de-los-alisos-calif--rec78804"}, {"citation": "Boundary: NAHC/CNRA California Land Grants (PLSS reconstruction)", "url": null}], "notes": null, "tags": ["Orange"]}}, {"type": "Feature", "geometry": {"type": "Point", "coordinates": [-117.68435, 33.63642]}, "properties": {"id": "rancho-trabuco-44", "register_no": null, "name": "Trabuco (John (Don Juan) Forster)", "date": {"iso": "1846", "display": "1846", "confidence": "year"}, "coord_precision": "exact", "polygon": [[[33.65574, -117.63827], [33.67009, -117.64292], [33.68095, -117.67744], [33.66854, -117.69373], [33.64954, -117.7139], [33.63596, -117.72166], [33.62239, -117.72282], [33.60959, -117.71933], [33.59369, -117.71855], [33.55839, -117.64098], [33.65574, -117.63827]]], "type": "rancho", "layer": "pico", "summary": "Granted 1846 by Pio Pico to John (Don Juan) Forster. Present-day Orange County.", "sources": [{"citation": "Diseño (Bancroft Land Case Maps)", "url": "../gallery/disenos.html#dise-o-del-rancho-trabuco-calif--rec79345"}, {"citation": "Boundary: NAHC/CNRA California Land Grants (PLSS reconstruction)", "url": null}], "notes": null, "tags": ["Orange"]}}, {"type": "Feature", "geometry": {"type": "Point", "coordinates": [-117.6547, 33.52858]}, "properties": {"id": "rancho-mision-vieja-45", "register_no": null, "name": "Misión Vieja (John (Don Juan) Forster)", "date": {"iso": "1845", "display": "1845", "confidence": "year"}, "coord_precision": "exact", "polygon": [[[33.59369, -117.71855], [33.57856, -117.72166], [33.56848, -117.72476], [33.55219, -117.73058], [33.54017, -117.73058], [33.53939, -117.72088], [33.53629, -117.70731], [33.52504, -117.68248], [33.51534, -117.66891], [33.5041, -117.65883], [33.49091, -117.65223], [33.47307, -117.64952], [33.45872, -117.64409], [33.45174, -117.63206], [33.45174, -117.61577], [33.45523, -117.58863], [33.45872, -117.57932], [33.46686, -117.5735], [33.5231, -117.56846], [33.56344, -117.57117], [33.63131, -117.57583], [33.65574, -117.63827], [33.55839, -117.64098], [33.59369, -117.71855]]], "type": "rancho", "layer": "pico", "summary": "Granted 1845 by Pio Pico to John (Don Juan) Forster. Present-day Orange County.", "sources": [{"citation": "Diseño (Bancroft Land Case Maps)", "url": "../gallery/disenos.html#dise-o-del-paraje-llamada-misi-n-vieja-calif--rec78828"}, {"citation": "Boundary: NAHC/CNRA California Land Grants (PLSS reconstruction)", "url": null}], "notes": null, "tags": ["Orange"]}}, {"type": "Feature", "geometry": {"type": "Point", "coordinates": [-123.13157, 39.00936]}, "properties": {"id": "rancho-sanel-46", "register_no": null, "name": "Sanel (Fernando Feliz)", "date": {"iso": "1844", "display": "1844", "confidence": "year"}, "coord_precision": "exact", "polygon": [[[39.02812, -123.1746], [38.93152, -123.10941], [38.95388, -123.05373], [39.04478, -123.11655], [39.04192, -123.13606], [39.03717, -123.15604], [39.02812, -123.1746]]], "type": "rancho", "layer": "micheltorena", "summary": "Granted 1844 by Manuel Micheltorena to Fernando Feliz. Present-day Mendocino County.", "sources": [{"citation": "Diseño (Bancroft Land Case Maps)", "url": "../gallery/disenos.html#dise-o-del-rancho-sanel-mendocino-co-calif--rec78424"}, {"citation": "Boundary: NAHC/CNRA California Land Grants (PLSS reconstruction)", "url": null}], "notes": null, "tags": ["Mendocino"]}}, {"type": "Feature", "geometry": {"type": "Point", "coordinates": [-123.15531, 39.17101]}, "properties": {"id": "rancho-yokaya-47", "register_no": null, "name": "Yokaya (Cayetano Juarez)", "date": {"iso": "1845", "display": "1845", "confidence": "year"}, "coord_precision": "exact", "polygon": [[[39.04459, -123.12435], [39.07343, -123.12521], [39.07428, -123.1372], [39.08399, -123.13663], [39.08428, -123.10922], [39.09113, -123.11007], [39.09199, -123.09523], [39.10255, -123.09465], [39.10255, -123.0918], [39.10883, -123.0918], [39.10912, -123.10379], [39.13625, -123.10522], [39.13625, -123.11293], [39.14767, -123.11407], [39.14881, -123.10836], [39.16023, -123.10979], [39.15995, -123.1155], [39.16423, -123.11607], [39.1648, -123.12749], [39.17622, -123.12749], [39.17651, -123.11122], [39.19935, -123.1115], [39.20021, -123.12863], [39.28692, -123.13268], [39.2875, -123.139], [39.29612, -123.13987], [39.30159, -123.15022], [39.30791, -123.15367], [39.30935, -123.15769], [39.3151, -123.16517], [39.32631, -123.16775], [39.32861, -123.20197], [39.32487, -123.20801], [39.3059, -123.20513], [39.3036, -123.20283], [39.3036, -123.19018], [39.29814, -123.18932], [39.27025, -123.22209], [39.25329, -123.22209], [39.25329, -123.20829], [39.23718, -123.20829], [39.2369, -123.22152], [39.21936, -123.22181], [39.21965, -123.21088], [39.17508, -123.21059], [39.17365, -123.20743], [39.13903, -123.20571], [39.10942, -123.18012], [39.1005, -123.17983], [39.10022, -123.20226], [39.08411, -123.20226], [39.08411, -123.19162], [39.06916, -123.18127], [39.05766, -123.16948], [39.04185, -123.16143], [39.03552, -123.15943], [39.03717, -123.15604], [39.04192, -123.13606], [39.04366, -123.12423], [39.04459, -123.12435]]], "type": "rancho", "layer": "pico", "summary": "Granted 1845 by Pio Pico to Cayetano Juarez. Present-day Mendocino County.", "sources": [{"citation": "Boundary: NAHC/CNRA California Land Grants (PLSS reconstruction)", "url": null}], "notes": null, "tags": ["Mendocino"]}}, {"type": "Feature", "geometry": {"type": "Point", "coordinates": [-122.97026, 38.79501]}, "properties": {"id": "rancho-rincon-de-musalacon-48", "register_no": null, "name": "Rincon de Musalacon (Francisco Berryessa)", "date": {"iso": "1846", "display": "1846", "confidence": "year"}, "coord_precision": "exact", "polygon": [[[38.78976, -122.98029], [38.74217, -122.9503], [38.73999, -122.94895], [38.75169, -122.91414], [38.79309, -122.93888], [38.80641, -122.95839], [38.84972, -122.96982], [38.85924, -123.02264], [38.82545, -123.00551], [38.79785, -123.0036], [38.78976, -122.98029]]], "type": "rancho", "layer": "pico", "summary": "Granted 1846 by Pio Pico to Francisco Berryessa. Present-day Sonoma County.", "sources": [{"citation": "Diseño (Bancroft Land Case Maps)", "url": "../gallery/disenos.html#dise-o-del-rancho-rincon-de-musalacon-sonoma-co-cal--rec79129"}, {"citation": "Boundary: NAHC/CNRA California Land Grants (PLSS reconstruction)", "url": null}], "notes": null, "tags": ["Sonoma"]}}, {"type": "Feature", "geometry": {"type": "Point", "coordinates": [-122.89772, 38.72658]}, "properties": {"id": "rancho-tzabaco-49", "register_no": null, "name": "Tzabaco (Jose German Pina)", "date": {"iso": "1843", "display": "1843", "confidence": "year"}, "coord_precision": "exact", "polygon": [[[38.72599, -122.85037], [38.73265, -122.84085], [38.76025, -122.88844], [38.75169, -122.91414], [38.73027, -122.97791], [38.71409, -122.9503], [38.67174, -122.90938], [38.72599, -122.85037]]], "type": "rancho", "layer": "micheltorena", "summary": "Rancho Tzabaco lay along Dry Creek in the Alexander Valley area of Sonoma County and was granted in the early 1840s to Jose German Pina. The United States survey was later confirmed to Pina's heirs.", "sources": [{"citation": "Diseño (Bancroft Land Case Maps)", "url": "../gallery/disenos.html#dise-o-del-rancho-tzabaco-sonoma-co-calif--rec78747"}, {"citation": "Boundary: NAHC/CNRA California Land Grants (PLSS reconstruction)", "url": null}], "notes": null, "tags": ["Sonoma"]}}, {"type": "Feature", "geometry": {"type": "Point", "coordinates": [-122.86265, 38.63985]}, "properties": {"id": "rancho-sotoyome-50", "register_no": null, "name": "Sotoyome (Henry D. Fitch)", "date": {"iso": "1844", "display": "1844", "confidence": "year"}, "coord_precision": "exact", "polygon": [[[38.67174, -122.90938], [38.66317, -122.90795], [38.64651, -122.88368], [38.61891, -122.86655], [38.627, -122.89034], [38.61035, -122.94935], [38.56942, -122.95697], [38.53658, -122.8418], [38.55609, -122.8399], [38.62082, -122.749], [38.65365, -122.74948], [38.71647, -122.81087], [38.70933, -122.82467], [38.72599, -122.85037], [38.67174, -122.90938]]], "type": "rancho", "layer": "micheltorena", "summary": "Rancho Sotoyome, around present Healdsburg on the Russian River, was granted in 1841 to Henry Delano Fitch, the San Diego merchant who had famously eloped with Josefa Carrillo. This survey drawing is credited to Jasper (Gaspar) O'Farrell.", "sources": [{"citation": "Diseño (Bancroft Land Case Maps)", "url": "../gallery/disenos.html#diagrama-de-un-medida-del-rancho-sotoyome-calif-gaspar-o-far--rec79019"}, {"citation": "Boundary: NAHC/CNRA California Land Grants (PLSS reconstruction)", "url": null}], "notes": null, "tags": ["Sonoma"]}}, {"type": "Feature", "geometry": {"type": "Point", "coordinates": [-122.55604, 38.75224]}, "properties": {"id": "rancho-collayomi-51", "register_no": null, "name": "Collayomi (Robert Ridley)", "date": {"iso": "1844", "display": "1844", "confidence": "year"}, "coord_precision": "exact", "polygon": [[[38.7224, -122.48679], [38.73655, -122.49069], [38.74055, -122.49811], [38.74084, -122.5181], [38.75083, -122.52552], [38.75911, -122.53295], [38.75882, -122.54208], [38.75854, -122.54894], [38.7691, -122.55322], [38.77453, -122.55807], [38.77424, -122.56607], [38.77738, -122.57064], [38.78195, -122.57606], [38.78738, -122.58377], [38.79766, -122.60319], [38.80838, -122.61943], [38.79366, -122.63774], [38.76967, -122.63917], [38.71428, -122.57492], [38.712, -122.56321], [38.71771, -122.56436], [38.72285, -122.56607], [38.74512, -122.5872], [38.75226, -122.57692], [38.73998, -122.56436], [38.74055, -122.55008], [38.72542, -122.55036], [38.72085, -122.4904], [38.7224, -122.48679]]], "type": "rancho", "layer": "micheltorena", "summary": "Granted 1844 by Manuel Micheltorena to Robert Ridley. Present-day Lake County.", "sources": [{"citation": "Diseño (Bancroft Land Case Maps)", "url": "../gallery/disenos.html#dise-o-del-rancho-collayomi-lake-co-calif--rec78989"}, {"citation": "Boundary: NAHC/CNRA California Land Grants (PLSS reconstruction)", "url": null}], "notes": null, "tags": ["Lake"]}}, {"type": "Feature", "geometry": {"type": "Point", "coordinates": [-122.53127, 38.76673]}, "properties": {"id": "rancho-guenoc-52", "register_no": null, "name": "Guenoc (George Rock)", "date": {"iso": "1845", "display": "1845", "confidence": "year"}, "coord_precision": "exact", "polygon": [[[38.7224, -122.48679], [38.72435, -122.48228], [38.73684, -122.45328], [38.74398, -122.45357], [38.77681, -122.4667], [38.8028, -122.49583], [38.82964, -122.54151], [38.8265, -122.59691], [38.80838, -122.61943], [38.79766, -122.60319], [38.78738, -122.58377], [38.78195, -122.57606], [38.77738, -122.57064], [38.77424, -122.56607], [38.77453, -122.55807], [38.7691, -122.55322], [38.75854, -122.54894], [38.75882, -122.54208], [38.75911, -122.53295], [38.75083, -122.52552], [38.74084, -122.5181], [38.74055, -122.49811], [38.73655, -122.49069], [38.7224, -122.48679]]], "type": "rancho", "layer": "pico", "summary": "Granted 1845 by Pio Pico to George Rock. Present-day Lake County.", "sources": [{"citation": "Diseño (Bancroft Land Case Maps)", "url": "../gallery/disenos.html#dise-o-del-rancho-guenoc-calif--rec78555"}, {"citation": "Boundary: NAHC/CNRA California Land Grants (PLSS reconstruction)", "url": null}], "notes": null, "tags": ["Lake"]}}, {"type": "Feature", "geometry": {"type": "Point", "coordinates": [-123.41123, 38.69346]}, "properties": {"id": "rancho-german-53", "register_no": null, "name": "German (Ernest Rufus)", "date": {"iso": "1846", "display": "1846", "confidence": "year"}, "coord_precision": "exact", "polygon": [[[38.75178, -123.52478], [38.75012, -123.52308], [38.74197, -123.5148], [38.69975, -123.44179], [38.59681, -123.34963], [38.57367, -123.33652], [38.57633, -123.27633], [38.58683, -123.28241], [38.59567, -123.29014], [38.60673, -123.3128], [38.62496, -123.32275], [38.63325, -123.33214], [38.64707, -123.35204], [38.65425, -123.36309], [38.6758, -123.37967], [38.69294, -123.3874], [38.70288, -123.40067], [38.7062, -123.4084], [38.71615, -123.41503], [38.72167, -123.42277], [38.73051, -123.43051], [38.73825, -123.4388], [38.74101, -123.44709], [38.74322, -123.4598], [38.75483, -123.46974], [38.76367, -123.47306], [38.77196, -123.47803], [38.77583, -123.48245], [38.77804, -123.49627], [38.75178, -123.52478]]], "type": "rancho", "layer": "pico", "summary": "Granted 1846 by Pio Pico to Ernest Rufus. Present-day Sonoma County.", "sources": [{"citation": "Boundary: NAHC/CNRA California Land Grants (PLSS reconstruction)", "url": null}], "notes": null, "tags": ["Sonoma"]}}, {"type": "Feature", "geometry": {"type": "Point", "coordinates": [-123.19963, 38.51019]}, "properties": {"id": "rancho-muniz-54", "register_no": null, "name": "Muniz (Manuel Torres)", "date": {"iso": "1845", "display": "1845", "confidence": "year"}, "coord_precision": "exact", "polygon": [[[38.44884, -123.14144], [38.4436, -123.13641], [38.46526, -123.06799], [38.48239, -123.07628], [38.51941, -123.15199], [38.54318, -123.18901], [38.55202, -123.20836], [38.55644, -123.22107], [38.55647, -123.31824], [38.55626, -123.31791], [38.54735, -123.3045], [38.54677, -123.30362], [38.51105, -123.24981], [38.47495, -123.16644], [38.44884, -123.14144]]], "type": "rancho", "layer": "pico", "summary": "Granted 1845 by Pio Pico to Manuel Torres. Present-day Sonoma County.", "sources": [{"citation": "Boundary: NAHC/CNRA California Land Grants (PLSS reconstruction)", "url": null}], "notes": null, "tags": ["Sonoma"]}}, {"type": "Feature", "geometry": {"type": "Point", "coordinates": [-123.02729, 38.41061]}, "properties": {"id": "rancho-bodega-55", "register_no": null, "name": "Bodega (Stephen Smith)", "date": {"iso": "1844", "display": "1844", "confidence": "year"}, "coord_precision": "exact", "polygon": [[[38.46526, -123.06799], [38.4436, -123.13641], [38.39053, -123.08559], [38.33521, -123.06845], [38.29939, -123.05352], [38.29831, -123.03108], [38.31543, -123.03099], [38.31886, -122.97655], [38.44754, -122.97236], [38.44754, -122.96741], [38.45173, -122.96665], [38.45668, -122.97122], [38.45858, -123.00586], [38.48637, -123.00624], [38.48942, -123.02832], [38.46526, -123.06799]]], "type": "rancho", "layer": "micheltorena", "summary": "This diseño, drawn by Jean Jacques Vioget in December 1843, accompanied Captain Stephen (Estevan) Smith's petition for Rancho Bodega on the Sonoma coast. Bodega Bay had served as the maritime port of the Russian-American Company's Fort Ross colony until the Russians withdrew in 1841, and the grant was formalized to Smith about 1844 under Governor Micheltorena. Smith is credited with introducing the first steam-powered sawmill to California.", "sources": [{"citation": "Diseño (Bancroft Land Case Maps)", "url": "../gallery/disenos.html#plano-del-terreno-que-pretende-don-estevan-smith-rancho-bode--rec79005"}, {"citation": "Boundary: NAHC/CNRA California Land Grants (PLSS reconstruction)", "url": null}], "notes": null, "tags": ["Sonoma"]}}, {"type": "Feature", "geometry": {"type": "Point", "coordinates": [-122.86593, 38.32592]}, "properties": {"id": "rancho-canada-de-pogolimi-56", "register_no": null, "name": "Cañada de Pogolimi (James Dawson)", "date": {"iso": "1844", "display": "1844", "confidence": "year"}, "coord_precision": "exact", "polygon": [[[38.32176, -122.90529], [38.32057, -122.89673], [38.31915, -122.88911], [38.31796, -122.88126], [38.31796, -122.87151], [38.31843, -122.85628], [38.31867, -122.84152], [38.31486, -122.83153], [38.3101, -122.82677], [38.30511, -122.8173], [38.32034, -122.81207], [38.37994, -122.81398], [38.37673, -122.92007], [38.32547, -122.92024], [38.32176, -122.90529]]], "type": "rancho", "layer": "micheltorena", "summary": "Granted 1844 by Manuel Micheltorena to James Dawson. Present-day Sonoma County.", "sources": [{"citation": "Boundary: NAHC/CNRA California Land Grants (PLSS reconstruction)", "url": null}], "notes": null, "tags": ["Sonoma"]}}, {"type": "Feature", "geometry": {"type": "Point", "coordinates": [-122.90415, 38.29775]}, "properties": {"id": "rancho-blucher-57", "register_no": null, "name": "Blucher (Jean Jacques Vioget)", "date": {"iso": "1844", "display": "1844", "confidence": "year"}, "coord_precision": "exact", "polygon": [[[38.30778, -122.9831], [38.30368, -122.98258], [38.29345, -122.97925], [38.28607, -122.9733], [38.27869, -122.96331], [38.27227, -122.95307], [38.2706, -122.94617], [38.27179, -122.94094], [38.27584, -122.93618], [38.27655, -122.93166], [38.27417, -122.92904], [38.26918, -122.92619], [38.26632, -122.92309], [38.26561, -122.91881], [38.26823, -122.91572], [38.27251, -122.91191], [38.27655, -122.90858], [38.27513, -122.90572], [38.27084, -122.90215], [38.26775, -122.89858], [38.26656, -122.89502], [38.26918, -122.88907], [38.27275, -122.88574], [38.27608, -122.8824], [38.27513, -122.87907], [38.27037, -122.87527], [38.26704, -122.87003], [38.2668, -122.77162], [38.38006, -122.77185], [38.3803, -122.80231], [38.37994, -122.81398], [38.32034, -122.81207], [38.30511, -122.8173], [38.3101, -122.82677], [38.31486, -122.83153], [38.31867, -122.84152], [38.31843, -122.85628], [38.31796, -122.87151], [38.31796, -122.88126], [38.31915, -122.88911], [38.32057, -122.89673], [38.32176, -122.90529], [38.31986, -122.91243], [38.31558, -122.92029], [38.31724, -122.9298], [38.31748, -122.94051], [38.31867, -122.95312], [38.31605, -122.96216], [38.31367, -122.96692], [38.3132, -122.97382], [38.31129, -122.97834], [38.30778, -122.9831]]], "type": "rancho", "layer": "micheltorena", "summary": "Granted 1844 by Manuel Micheltorena to Jean Jacques Vioget. Present-day Marin County.", "sources": [{"citation": "Diseño (Bancroft Land Case Maps)", "url": "../gallery/disenos.html#dise-o-del-rancho-blucher-sonoma-and-marin-co-calif--rec79134"}, {"citation": "Boundary: NAHC/CNRA California Land Grants (PLSS reconstruction)", "url": null}], "notes": null, "tags": ["Marin"]}}, {"type": "Feature", "geometry": {"type": "Point", "coordinates": [-122.8613, 38.4121]}, "properties": {"id": "rancho-canada-de-jonive-58", "register_no": null, "name": "Cañada de Jonive (James Black)", "date": {"iso": "1845", "display": "1845", "confidence": "year"}, "coord_precision": "exact", "polygon": [[[38.42244, -122.86579], [38.42232, -122.93332], [38.3971, -122.93309], [38.39733, -122.92], [38.37673, -122.92007], [38.3803, -122.80231], [38.42218, -122.8035], [38.42256, -122.80388], [38.42251, -122.82891], [38.42249, -122.83986], [38.41837, -122.84367], [38.41504, -122.84843], [38.41718, -122.85366], [38.42246, -122.85723], [38.42244, -122.86579]]], "type": "rancho", "layer": "pico", "summary": "Granted 1845 by Pio Pico to James Black. Present-day Sonoma County.", "sources": [{"citation": "Diseño (Bancroft Land Case Maps)", "url": "../gallery/disenos.html#dise-o-del-rancho-ca-ada-de-jonive-sonoma-co-calif--rec78570"}, {"citation": "Boundary: NAHC/CNRA California Land Grants (PLSS reconstruction)", "url": null}], "notes": null, "tags": ["Sonoma"]}}, {"type": "Feature", "geometry": {"type": "Point", "coordinates": [-122.84819, 38.47709]}, "properties": {"id": "rancho-los-molinos-59", "register_no": null, "name": "Los Molinos (John B. R. Cooper)", "date": {"iso": "1833", "display": "1833", "confidence": "year"}, "coord_precision": "exact", "polygon": [[[38.42242, -122.8765], [38.42243, -122.87531], [38.42244, -122.86579], [38.42246, -122.85723], [38.41718, -122.85366], [38.41504, -122.84843], [38.41837, -122.84367], [38.42249, -122.83986], [38.43574, -122.83962], [38.4355, -122.82534], [38.44359, -122.82534], [38.44359, -122.81702], [38.46239, -122.81702], [38.46263, -122.80393], [38.49903, -122.80417], [38.49903, -122.81131], [38.51902, -122.81178], [38.52211, -122.81725], [38.52188, -122.83367], [38.5333, -122.83367], [38.53354, -122.82201], [38.56869, -122.82221], [38.55609, -122.8399], [38.53658, -122.8418], [38.53894, -122.85008], [38.53282, -122.8746], [38.52402, -122.88792], [38.52402, -122.90672], [38.49546, -122.90648], [38.4957, -122.89268], [38.43764, -122.89197], [38.4374, -122.87674], [38.42242, -122.8765]]], "type": "rancho", "layer": "figueroa", "summary": "Granted 1833 by Jose Figueroa to John B. R. Cooper. Present-day Sonoma County.", "sources": [{"citation": "Diseño (Bancroft Land Case Maps)", "url": "../gallery/disenos.html#dise-o-del-rancho-rio-de-los-molinos-calif-john-bidwell--rec78453-1"}, {"citation": "Boundary: NAHC/CNRA California Land Grants (PLSS reconstruction)", "url": null}], "notes": null, "tags": ["Sonoma"]}}, {"type": "Feature", "geometry": {"type": "Point", "coordinates": [-122.69047, 38.45535]}, "properties": {"id": "rancho-cabeza-de-santa-rosa-60", "register_no": null, "name": "Cabeza de Santa Rosa (Maria Ygnacia Lopez)", "date": {"iso": "1841", "display": "1841", "confidence": "year"}, "coord_precision": "exact", "polygon": [[[38.4236, -122.73197], [38.43883, -122.68296], [38.43764, -122.66963], [38.45287, -122.6368], [38.49189, -122.65417], [38.48642, -122.67439], [38.47833, -122.68819], [38.46501, -122.74411], [38.4236, -122.73197]]], "type": "rancho", "layer": "alvarado", "summary": "Rancho Cabeza de Santa Rosa was granted in 1841 to Maria Ignacia Lopez de Carrillo, the widowed mother-in-law of Mariano Guadalupe Vallejo. The rancho encompassed the site of present-day Santa Rosa.", "sources": [{"citation": "Diseño (Bancroft Land Case Maps)", "url": "../gallery/disenos.html#dise-o-del-rancho-cabeza-de-santa-rosa-calif--rec78598"}, {"citation": "Boundary: NAHC/CNRA California Land Grants (PLSS reconstruction)", "url": null}], "notes": null, "tags": ["Sonoma"]}}, {"type": "Feature", "geometry": {"type": "Point", "coordinates": [-122.7013, 38.29688]}, "properties": {"id": "rancho-roblar-de-la-miseria-61", "register_no": null, "name": "Roblar de la Miseria (Juan Nepomuceno Padilla)", "date": {"iso": "1845", "display": "1845", "confidence": "year"}, "coord_precision": "exact", "polygon": [[[38.38006, -122.77185], [38.2668, -122.77162], [38.29692, -122.72246], [38.23006, -122.66535], [38.25576, -122.6249], [38.27027, -122.64917], [38.29511, -122.63323], [38.38006, -122.77185]]], "type": "rancho", "layer": "pico", "summary": "Granted 1845 by Pio Pico to Juan Nepomuceno Padilla. Present-day Sonoma County.", "sources": [{"citation": "Diseño (Bancroft Land Case Maps)", "url": "../gallery/disenos.html#plan-del-rancho-de-la-roblar-de-la-miseria-calif-pretendido---rec79000"}, {"citation": "Boundary: NAHC/CNRA California Land Grants (PLSS reconstruction)", "url": null}], "notes": null, "tags": ["Sonoma"]}}, {"type": "Feature", "geometry": {"type": "Point", "coordinates": [-122.64326, 38.34179]}, "properties": {"id": "rancho-cotate-62", "register_no": null, "name": "Cotate (Juan Casteneda)", "date": {"iso": "1844", "display": "1844", "confidence": "year"}, "coord_precision": "exact", "polygon": [[[38.29511, -122.63323], [38.32976, -122.613], [38.34285, -122.62561], [38.35212, -122.59849], [38.42589, -122.67368], [38.3517, -122.72557], [38.29511, -122.63323]]], "type": "rancho", "layer": "micheltorena", "summary": "Granted 1844 by Manuel Micheltorena to Juan Casteneda. Present-day Sonoma County.", "sources": [{"citation": "Boundary: NAHC/CNRA California Land Grants (PLSS reconstruction)", "url": null}], "notes": null, "tags": ["Sonoma"]}}, {"type": "Feature", "geometry": {"type": "Point", "coordinates": [-122.70143, 38.22449]}, "properties": {"id": "rancho-laguna-de-san-antonio-63", "register_no": null, "name": "Laguna de San Antonio (Bartoleme Bojorquez)", "date": {"iso": "1845", "display": "1845", "confidence": "year"}, "coord_precision": "exact", "polygon": [[[38.29645, -122.72222], [38.2668, -122.77162], [38.25409, -122.7936], [38.15582, -122.73388], [38.18033, -122.66464], [38.1946, -122.6644], [38.19389, -122.67487], [38.20603, -122.67439], [38.20841, -122.68938], [38.21721, -122.69081], [38.21864, -122.68058], [38.22411, -122.67201], [38.23006, -122.66535], [38.29645, -122.72222]]], "type": "rancho", "layer": "pico", "summary": "Granted 1845 by Pio Pico to Bartoleme Bojorquez. Present-day Marin County.", "sources": [{"citation": "Diseño (Bancroft Land Case Maps)", "url": "../gallery/disenos.html#plat-of-the-rancho-laguna-de-san-antonio-finally-confirmed-t--rec79421-1"}, {"citation": "Boundary: NAHC/CNRA California Land Grants (PLSS reconstruction)", "url": null}], "notes": null, "tags": ["Marin"]}}, {"type": "Feature", "geometry": {"type": "Point", "coordinates": [-122.73944, 38.4052]}, "properties": {"id": "rancho-llano-de-santa-rosa-64", "register_no": null, "name": "Llano de Santa Rosa (Joaquin Carrillo)", "date": {"iso": "1844", "display": "1844", "confidence": "year"}, "coord_precision": "exact", "polygon": [[[38.42256, -122.80388], [38.42218, -122.8035], [38.3803, -122.80231], [38.38006, -122.77185], [38.3517, -122.72557], [38.37645, -122.70826], [38.37701, -122.70787], [38.37706, -122.72236], [38.39515, -122.72236], [38.39515, -122.70832], [38.38587, -122.70832], [38.38571, -122.70178], [38.42589, -122.67368], [38.43781, -122.68626], [38.4236, -122.73197], [38.44004, -122.73679], [38.44105, -122.73709], [38.44107, -122.76638], [38.42275, -122.76638], [38.42256, -122.80388]]], "type": "rancho", "layer": "micheltorena", "summary": "Granted 1844 by Manuel Micheltorena to Joaquin Carrillo. Present-day Sonoma County.", "sources": [{"citation": "Diseño (Bancroft Land Case Maps)", "url": "../gallery/disenos.html#dise-o-del-rancho-llano-de-santa-rosa-calif--rec78576"}, {"citation": "Boundary: NAHC/CNRA California Land Grants (PLSS reconstruction)", "url": null}], "notes": null, "tags": ["Sonoma"]}}, {"type": "Feature", "geometry": {"type": "Point", "coordinates": [-122.78341, 38.45838]}, "properties": {"id": "rancho-san-miguel-65", "register_no": null, "name": "San Miguel (William Marcus West)", "date": {"iso": "1840", "display": "1840", "confidence": "year"}, "coord_precision": "exact", "polygon": [[[38.46501, -122.74411], [38.46582, -122.75025], [38.47676, -122.74858], [38.477, -122.73954], [38.48271, -122.73907], [38.48342, -122.74787], [38.4889, -122.74858], [38.48913, -122.77381], [38.47985, -122.77381], [38.47985, -122.79022], [38.46962, -122.78999], [38.4701, -122.80398], [38.46891, -122.80397], [38.46263, -122.80393], [38.46239, -122.81702], [38.44359, -122.81702], [38.44359, -122.82534], [38.4355, -122.82534], [38.43574, -122.83962], [38.42249, -122.83986], [38.42251, -122.82891], [38.42256, -122.80388], [38.42275, -122.76638], [38.44107, -122.76638], [38.44105, -122.73709], [38.46501, -122.74411]]], "type": "rancho", "layer": "alvarado", "summary": "Granted 1840 by Juan Alvarado to William Marcus West. Present-day Sonoma County.", "sources": [{"citation": "Diseño (Bancroft Land Case Maps)", "url": "../gallery/disenos.html#dise-o-del-rancho-san-miguel-san-francisco-calif--rec78552"}, {"citation": "Boundary: NAHC/CNRA California Land Grants (PLSS reconstruction)", "url": null}], "notes": null, "tags": ["Sonoma"]}}, {"type": "Feature", "geometry": {"type": "Point", "coordinates": [-122.69836, 38.65679]}, "properties": {"id": "rancho-mallacomes-66", "register_no": null, "name": "Mallacomes (José de los Santos Berreyesa)", "date": {"iso": "1843", "display": "1843", "confidence": "year"}, "coord_precision": "exact", "polygon": [[[38.6585, -122.67867], [38.67564, -122.67844], [38.67573, -122.72312], [38.64871, -122.7217], [38.64756, -122.71294], [38.64589, -122.70723], [38.64875, -122.69771], [38.65184, -122.68676], [38.6585, -122.67867]]], "type": "rancho", "layer": "micheltorena", "summary": "Granted 1843 by Manuel Micheltorena to José de los Santos Berreyesa. Present-day Napa County.", "sources": [{"citation": "Diseño (Bancroft Land Case Maps)", "url": "../gallery/disenos.html#plan-de-agua-caliente-rancho-mallacomes-or-moristal-sonoma-c--rec79195"}, {"citation": "Boundary: NAHC/CNRA California Land Grants (PLSS reconstruction)", "url": null}], "notes": null, "tags": ["Napa"]}}, {"type": "Feature", "geometry": {"type": "Point", "coordinates": [-122.66968, 38.63496]}, "properties": {"id": "rancho-mallacomes-67", "register_no": null, "name": "Mallacomes (José de los Santos Berreyesa)", "date": {"iso": "1843", "display": "1843", "confidence": "year"}, "coord_precision": "exact", "polygon": [[[38.63168, -122.62062], [38.63162, -122.62704], [38.6447, -122.62728], [38.64566, -122.64132], [38.65303, -122.64179], [38.65279, -122.65536], [38.65803, -122.65821], [38.65898, -122.66321], [38.65946, -122.67368], [38.6585, -122.67867], [38.65184, -122.68676], [38.64875, -122.69771], [38.64589, -122.70723], [38.64756, -122.71294], [38.64871, -122.7217], [38.61696, -122.72003], [38.61696, -122.70147], [38.60934, -122.70123], [38.61053, -122.67934], [38.60697, -122.6791], [38.6072, -122.6584], [38.60149, -122.65769], [38.60078, -122.64089], [38.63168, -122.62062]]], "type": "rancho", "layer": "micheltorena", "summary": "Granted 1843 by Manuel Micheltorena to José de los Santos Berreyesa. Present-day Napa County.", "sources": [{"citation": "Diseño (Bancroft Land Case Maps)", "url": "../gallery/disenos.html#plan-de-agua-caliente-rancho-mallacomes-or-moristal-sonoma-c--rec79195"}, {"citation": "Boundary: NAHC/CNRA California Land Grants (PLSS reconstruction)", "url": null}], "notes": null, "tags": ["Napa"]}}, {"type": "Feature", "geometry": {"type": "Point", "coordinates": [-122.61937, 38.61239]}, "properties": {"id": "rancho-mallacomes-68", "register_no": null, "name": "Mallacomes (José de los Santos Berreyesa)", "date": {"iso": "1843", "display": "1843", "confidence": "year"}, "coord_precision": "exact", "polygon": [[[38.6202, -122.60348], [38.63185, -122.60348], [38.63168, -122.62062], [38.60078, -122.64089], [38.59102, -122.64017], [38.59102, -122.62347], [38.6202, -122.60348]]], "type": "rancho", "layer": "micheltorena", "summary": "Granted 1843 by Manuel Micheltorena to José de los Santos Berreyesa. Present-day Napa County.", "sources": [{"citation": "Diseño (Bancroft Land Case Maps)", "url": "../gallery/disenos.html#plan-de-agua-caliente-rancho-mallacomes-or-moristal-sonoma-c--rec79195"}, {"citation": "Boundary: NAHC/CNRA California Land Grants (PLSS reconstruction)", "url": null}], "notes": null, "tags": ["Napa"]}}, {"type": "Feature", "geometry": {"type": "Point", "coordinates": [-122.38014, 38.46439]}, "properties": {"id": "rancho-caymus-69", "register_no": null, "name": "Caymus (George C. Yount)", "date": {"iso": "1836", "display": "1836", "confidence": "year"}, "coord_precision": "exact", "polygon": [[[38.45844, -122.42056], [38.45278, -122.41056], [38.4385, -122.41008], [38.43731, -122.39533], [38.42256, -122.39319], [38.42279, -122.37772], [38.40899, -122.36511], [38.43541, -122.31466], [38.44207, -122.32561], [38.44826, -122.33418], [38.45492, -122.33679], [38.46229, -122.33917], [38.46896, -122.34512], [38.47443, -122.35321], [38.47871, -122.36249], [38.48371, -122.36987], [38.48942, -122.3732], [38.49822, -122.37986], [38.50156, -122.38652], [38.50346, -122.40104], [38.5037, -122.40675], [38.49232, -122.41122], [38.48637, -122.41455], [38.47924, -122.41765], [38.47115, -122.4186], [38.45844, -122.42056]]], "type": "rancho", "layer": "interim", "summary": "Granted 1836 by Nicolas Gutierrez to George C. Yount. Present-day Napa County.", "sources": [{"citation": "Diseño (Bancroft Land Case Maps)", "url": "../gallery/disenos.html#dise-o-del-caymus-rancho-y-rio-de-napa-napa-co-calif--rec78434"}, {"citation": "Boundary: NAHC/CNRA California Land Grants (PLSS reconstruction)", "url": null}], "notes": null, "tags": ["Napa"]}}, {"type": "Feature", "geometry": {"type": "Point", "coordinates": [-122.5015, 38.54323]}, "properties": {"id": "rancho-carne-humana-70", "register_no": null, "name": "Carne Humana (Edward Turner Bale)", "date": {"iso": "1841", "display": "1841", "confidence": "year"}, "coord_precision": "exact", "polygon": [[[38.5037, -122.40675], [38.51131, -122.41889], [38.51321, -122.42364], [38.51321, -122.43388], [38.52059, -122.43388], [38.52083, -122.44672], [38.52654, -122.44696], [38.52892, -122.45315], [38.52916, -122.45743], [38.5363, -122.45957], [38.53653, -122.46243], [38.5363, -122.47195], [38.54367, -122.47171], [38.54724, -122.47623], [38.54772, -122.48384], [38.5639, -122.48432], [38.56366, -122.50359], [38.58317, -122.50359], [38.58388, -122.53881], [38.59626, -122.53905], [38.59592, -122.55114], [38.60282, -122.55137], [38.60306, -122.56422], [38.60925, -122.5647], [38.60901, -122.57993], [38.61805, -122.58112], [38.6202, -122.60348], [38.59102, -122.62347], [38.59102, -122.61281], [38.5865, -122.61234], [38.58674, -122.59972], [38.5815, -122.59949], [38.58174, -122.58497], [38.57746, -122.58426], [38.57722, -122.57331], [38.57175, -122.57284], [38.57127, -122.56046], [38.56651, -122.55927], [38.56628, -122.54928], [38.55985, -122.54904], [38.56009, -122.53215], [38.55985, -122.53001], [38.55057, -122.53001], [38.55033, -122.51359], [38.53534, -122.51335], [38.53511, -122.49788], [38.51393, -122.47932], [38.50322, -122.47932], [38.50322, -122.46505], [38.49418, -122.46481], [38.49442, -122.45077], [38.47538, -122.45053], [38.47562, -122.4384], [38.46039, -122.43863], [38.46087, -122.42483], [38.45844, -122.42056], [38.47115, -122.4186], [38.47924, -122.41765], [38.48637, -122.41455], [38.49232, -122.41122], [38.5037, -122.40675]]], "type": "rancho", "layer": "alvarado", "summary": "Granted 1841 by Juan Alvarado to Edward Turner Bale. Present-day Napa County.", "sources": [{"citation": "Diseño (Bancroft Land Case Maps)", "url": "../gallery/disenos.html#dise-o-del-rancho-carne-humana-napa-co-calif--rec79002"}, {"citation": "Boundary: NAHC/CNRA California Land Grants (PLSS reconstruction)", "url": null}], "notes": null, "tags": ["Napa"]}}, {"type": "Feature", "geometry": {"type": "Point", "coordinates": [-122.56146, 38.42883]}, "properties": {"id": "rancho-los-guilicos-71", "register_no": null, "name": "Los Guilicos (John Wilson)", "date": {"iso": "1837", "display": "1837", "confidence": "year"}, "coord_precision": "exact", "polygon": [[[38.49189, -122.65417], [38.45287, -122.6368], [38.42665, -122.62442], [38.38358, -122.5252], [38.38548, -122.52401], [38.40238, -122.51592], [38.41475, -122.50735], [38.41785, -122.4907], [38.42094, -122.48189], [38.49189, -122.65417]]], "type": "rancho", "layer": "alvarado", "summary": "Granted 1837 by Juan Alvarado to John Wilson. Present-day Sonoma County.", "sources": [{"citation": "Diseño (Bancroft Land Case Maps)", "url": "../gallery/disenos.html#dise-o-del-rancho-los-guilicos-sonoma-co-calif--rec78587"}, {"citation": "Boundary: NAHC/CNRA California Land Grants (PLSS reconstruction)", "url": null}], "notes": null, "tags": ["Sonoma"]}}, {"type": "Feature", "geometry": {"type": "Point", "coordinates": [-122.21868, 38.60592]}, "properties": {"id": "rancho-las-putas-72", "register_no": null, "name": "Las Putas (Jose de Jesus Berreyesa and Sexto Berreyesa)", "date": {"iso": "1843", "display": "1843", "confidence": "year"}, "coord_precision": "exact", "polygon": [[[38.53135, -122.20883], [38.53158, -122.14815], [38.53158, -122.14529], [38.53587, -122.14529], [38.5361, -122.13102], [38.56038, -122.13126], [38.56038, -122.15077], [38.58346, -122.15053], [38.58369, -122.16909], [38.59702, -122.16933], [38.59678, -122.17528], [38.61296, -122.17504], [38.6132, -122.1817], [38.63009, -122.18122], [38.62986, -122.18789], [38.66745, -122.1905], [38.66721, -122.20335], [38.68577, -122.20383], [38.68649, -122.21787], [38.69838, -122.21882], [38.69838, -122.23024], [38.71861, -122.23024], [38.71885, -122.27831], [38.65508, -122.27854], [38.65532, -122.29377], [38.62795, -122.29354], [38.62795, -122.29829], [38.61487, -122.29806], [38.61391, -122.28426], [38.60511, -122.28402], [38.60535, -122.27307], [38.59583, -122.27307], [38.59583, -122.26189], [38.5875, -122.26189], [38.58774, -122.25142], [38.57965, -122.25142], [38.57965, -122.23952], [38.56252, -122.23928], [38.5618, -122.23048], [38.54301, -122.23072], [38.54277, -122.20883], [38.53135, -122.20883]]], "type": "rancho", "layer": "micheltorena", "summary": "Granted 1843 by Manuel Micheltorena to Jose de Jesus Berreyesa and Sexto Berreyesa. Present-day Napa County.", "sources": [{"citation": "Diseño (Bancroft Land Case Maps)", "url": "../gallery/disenos.html#rancho-de-las-putas-on-putas-river-in-napa-county-california--rec79515"}, {"citation": "Boundary: NAHC/CNRA California Land Grants (PLSS reconstruction)", "url": null}], "notes": null, "tags": ["Napa"]}}, {"type": "Feature", "geometry": {"type": "Point", "coordinates": [-122.40089, 38.58038]}, "properties": {"id": "rancho-la-jota-73", "register_no": null, "name": "La Jota (George C. Yount)", "date": {"iso": "1843", "display": "1843", "confidence": "year"}, "coord_precision": "exact", "polygon": [[[38.57588, -122.38852], [38.58012, -122.3949], [38.59277, -122.38541], [38.60773, -122.41075], [38.57394, -122.43621], [38.55633, -122.40194], [38.57588, -122.38852]]], "type": "rancho", "layer": "micheltorena", "summary": "Granted 1843 by Manuel Micheltorena to George C. Yount. Present-day Napa County.", "sources": [{"citation": "Boundary: NAHC/CNRA California Land Grants (PLSS reconstruction)", "url": null}], "notes": null, "tags": ["Napa"]}}, {"type": "Feature", "geometry": {"type": "Point", "coordinates": [-122.3909, 38.62667]}, "properties": {"id": "rancho-locoallomi-74", "register_no": null, "name": "Locoallomi (William (Julien) Pope)", "date": {"iso": "1841", "display": "1841", "confidence": "year"}, "coord_precision": "exact", "polygon": [[[38.63866, -122.4393], [38.58988, -122.3308], [38.60892, -122.31819], [38.65722, -122.42693], [38.63866, -122.4393]]], "type": "rancho", "layer": "alvarado", "summary": "Granted 1841 by Manuel Jimeno to William (Julien) Pope. Present-day Napa County.", "sources": [{"citation": "Boundary: NAHC/CNRA California Land Grants (PLSS reconstruction)", "url": null}], "notes": null, "tags": ["Napa"]}}, {"type": "Feature", "geometry": {"type": "Point", "coordinates": [-122.27553, 38.24718]}, "properties": {"id": "rancho-entre-napa-75", "register_no": null, "name": "Entre Napa (Nicolas Higuera)", "date": {"iso": "1836", "display": "1836", "confidence": "year"}, "coord_precision": "exact", "polygon": [[[38.23484, -122.26249], [38.24353, -122.26227], [38.24781, -122.25775], [38.25162, -122.25275], [38.25638, -122.25275], [38.26256, -122.25822], [38.26922, -122.26727], [38.27089, -122.27512], [38.27137, -122.28011], [38.25545, -122.31065], [38.25209, -122.30819], [38.24567, -122.30391], [38.23948, -122.29725], [38.23448, -122.28725], [38.22806, -122.28368], [38.22568, -122.27797], [38.23639, -122.27012], [38.23615, -122.26489], [38.23484, -122.26249]]], "type": "rancho", "layer": "interim", "summary": "Granted 1836 by Mariano Chico to Nicolas Higuera. Present-day Napa County.", "sources": [{"citation": "Diseño (Bancroft Land Case Maps)", "url": "../gallery/disenos.html#sketch-of-a-rancho-claim-in-the-vicinity-of-rancho-napa-and---rec78497"}, {"citation": "Boundary: NAHC/CNRA California Land Grants (PLSS reconstruction)", "url": null}], "notes": null, "tags": ["Napa"]}}, {"type": "Feature", "geometry": {"type": "Point", "coordinates": [-122.23891, 38.28782]}, "properties": {"id": "rancho-tulucay-76", "register_no": null, "name": "Tulucay (Cayetano Juarez)", "date": {"iso": "1840", "display": "1840", "confidence": "year"}, "coord_precision": "exact", "polygon": [[[38.26584, -122.26267], [38.26256, -122.25822], [38.25638, -122.25275], [38.25162, -122.25275], [38.24781, -122.25775], [38.24353, -122.26227], [38.23484, -122.26249], [38.23187, -122.25703], [38.2352, -122.24928], [38.23496, -122.22168], [38.25043, -122.2212], [38.25066, -122.22429], [38.27113, -122.22477], [38.27113, -122.23238], [38.28207, -122.23262], [38.28231, -122.20573], [38.29231, -122.20549], [38.29231, -122.19883], [38.3042, -122.19883], [38.3042, -122.2074], [38.32657, -122.2074], [38.32681, -122.21739], [38.33704, -122.21739], [38.33704, -122.22643], [38.34204, -122.22739], [38.34156, -122.23381], [38.33847, -122.24095], [38.33323, -122.24671], [38.32942, -122.25075], [38.32538, -122.25123], [38.31324, -122.25599], [38.30492, -122.25979], [38.29683, -122.25932], [38.29587, -122.2655], [38.28659, -122.2655], [38.28303, -122.26289], [38.26584, -122.26267]]], "type": "rancho", "layer": "alvarado", "summary": "Granted 1840 by Manuel Jimeno to Cayetano Juarez. Present-day Napa County.", "sources": [{"citation": "Diseño (Bancroft Land Case Maps)", "url": "../gallery/disenos.html#dise-o-del-rancho-tulucay-napa-co-calif--rec79014"}, {"citation": "Boundary: NAHC/CNRA California Land Grants (PLSS reconstruction)", "url": null}], "notes": null, "tags": ["Napa"]}}, {"type": "Feature", "geometry": {"type": "Point", "coordinates": [-122.27337, 38.37889]}, "properties": {"id": "rancho-yajome-77", "register_no": null, "name": "Yajome (Damaso Antonio Rodriquez)", "date": {"iso": "1841", "display": "1841", "confidence": "year"}, "coord_precision": "exact", "polygon": [[[38.32538, -122.25123], [38.32942, -122.25075], [38.33323, -122.24671], [38.33847, -122.24095], [38.35536, -122.24238], [38.36321, -122.24452], [38.36535, -122.24714], [38.37011, -122.24761], [38.37178, -122.25023], [38.37202, -122.25689], [38.37725, -122.25784], [38.38296, -122.26022], [38.38582, -122.26689], [38.39581, -122.26665], [38.39605, -122.28092], [38.40438, -122.28092], [38.40509, -122.28901], [38.4108, -122.29187], [38.41961, -122.29829], [38.42722, -122.30567], [38.43174, -122.31114], [38.43541, -122.31466], [38.42639, -122.33188], [38.41699, -122.32571], [38.38558, -122.29311], [38.37725, -122.28978], [38.37226, -122.28192], [38.36202, -122.27217], [38.34894, -122.26336], [38.33442, -122.26289], [38.32538, -122.25123]]], "type": "rancho", "layer": "alvarado", "summary": "Granted 1841 by Juan Alvarado to Damaso Antonio Rodriquez. Present-day Napa County.", "sources": [{"citation": "Diseño (Bancroft Land Case Maps)", "url": "../gallery/disenos.html#dise-o-del-rancho-yajome-napa-co-calif--rec78436"}, {"citation": "Boundary: NAHC/CNRA California Land Grants (PLSS reconstruction)", "url": null}], "notes": null, "tags": ["Napa"]}}, {"type": "Feature", "geometry": {"type": "Point", "coordinates": [-122.33775, 38.32663]}, "properties": {"id": "rancho-napa-78", "register_no": null, "name": "Napa (Salvador Vallejo)", "date": {"iso": "1838", "display": "1838", "confidence": "year"}, "coord_precision": "exact", "polygon": [[[38.26043, -122.31622], [38.29587, -122.28906], [38.30301, -122.2943], [38.31253, -122.29882], [38.32014, -122.30667], [38.32895, -122.31452], [38.33561, -122.32166], [38.34394, -122.33023], [38.3487, -122.33784], [38.35132, -122.33927], [38.35798, -122.34022], [38.36107, -122.34117], [38.36321, -122.34641], [38.36321, -122.3514], [38.3675, -122.35307], [38.37321, -122.34902], [38.37701, -122.34831], [38.38106, -122.35402], [38.38153, -122.36488], [38.37416, -122.36482], [38.35655, -122.36982], [38.33585, -122.38172], [38.32752, -122.36482], [38.3161, -122.35769], [38.30753, -122.35435], [38.30087, -122.35197], [38.29659, -122.34484], [38.28897, -122.33603], [38.28255, -122.33246], [38.27589, -122.32961], [38.26732, -122.32556], [38.26209, -122.3189], [38.26043, -122.31622]]], "type": "rancho", "layer": "alvarado", "summary": "Granted 1838 by Juan Alvarado to Salvador Vallejo. Present-day Napa County.", "sources": [{"citation": "Boundary: NAHC/CNRA California Land Grants (PLSS reconstruction)", "url": null}], "notes": null, "tags": ["Napa"]}}, {"type": "Feature", "geometry": {"type": "Point", "coordinates": [-122.27996, 38.35139]}, "properties": {"id": "rancho-napa-79", "register_no": null, "name": "Napa (Salvador Vallejo)", "date": {"iso": "1838", "display": "1838", "confidence": "year"}, "coord_precision": "exact", "polygon": [[[38.33442, -122.26289], [38.34894, -122.26336], [38.36202, -122.27217], [38.37226, -122.28192], [38.37725, -122.28978], [38.36678, -122.30058], [38.35631, -122.29344], [38.33704, -122.29201], [38.32443, -122.28059], [38.33442, -122.26289]]], "type": "rancho", "layer": "alvarado", "summary": "Granted 1838 by Juan Alvarado to Salvador Vallejo. Present-day Napa County.", "sources": [{"citation": "Boundary: NAHC/CNRA California Land Grants (PLSS reconstruction)", "url": null}], "notes": null, "tags": ["Napa"]}}, {"type": "Feature", "geometry": {"type": "Point", "coordinates": [-122.31098, 38.348]}, "properties": {"id": "rancho-napa-80", "register_no": null, "name": "Napa (Salvador Vallejo)", "date": {"iso": "1838", "display": "1838", "confidence": "year"}, "coord_precision": "exact", "polygon": [[[38.29587, -122.2655], [38.29683, -122.25932], [38.30492, -122.25979], [38.31324, -122.25599], [38.32538, -122.25123], [38.33442, -122.26289], [38.32443, -122.28059], [38.33704, -122.29201], [38.35631, -122.29344], [38.36678, -122.30058], [38.37725, -122.28978], [38.38558, -122.29311], [38.41699, -122.32571], [38.42639, -122.33188], [38.40899, -122.36511], [38.38153, -122.36488], [38.38106, -122.35402], [38.37701, -122.34831], [38.37321, -122.34902], [38.3675, -122.35307], [38.36321, -122.3514], [38.36321, -122.34641], [38.36107, -122.34117], [38.35798, -122.34022], [38.35132, -122.33927], [38.3487, -122.33784], [38.34394, -122.33023], [38.33561, -122.32166], [38.32895, -122.31452], [38.32014, -122.30667], [38.31253, -122.29882], [38.30301, -122.2943], [38.29587, -122.28906], [38.29587, -122.2655]]], "type": "rancho", "layer": "alvarado", "summary": "Granted 1838 by Juan Alvarado to Salvador Vallejo. Present-day Napa County.", "sources": [{"citation": "Boundary: NAHC/CNRA California Land Grants (PLSS reconstruction)", "url": null}], "notes": null, "tags": ["Napa"]}}, {"type": "Feature", "geometry": {"type": "Point", "coordinates": [-122.36898, 38.26928]}, "properties": {"id": "rancho-huichica-81", "register_no": null, "name": "Huichica (Jacob P. Leese)", "date": {"iso": "1841", "display": "1841", "confidence": "year"}, "coord_precision": "exact", "polygon": [[[38.33585, -122.38172], [38.33276, -122.386], [38.32847, -122.38719], [38.3249, -122.38671], [38.32205, -122.3879], [38.32086, -122.39766], [38.31681, -122.39861], [38.31182, -122.39742], [38.30682, -122.39695], [38.3042, -122.40099], [38.30301, -122.41003], [38.29992, -122.4167], [38.29254, -122.41884], [38.28731, -122.41646], [38.27708, -122.41503], [38.27018, -122.41384], [38.26637, -122.41551], [38.2609, -122.42217], [38.25709, -122.43145], [38.25423, -122.43621], [38.24971, -122.4374], [38.2402, -122.43383], [38.23639, -122.42883], [38.23758, -122.42217], [38.23972, -122.4136], [38.24186, -122.40527], [38.24234, -122.40028], [38.23996, -122.39552], [38.23448, -122.38886], [38.22901, -122.37958], [38.2252, -122.37244], [38.22425, -122.36244], [38.22449, -122.34626], [38.22306, -122.33817], [38.22068, -122.32985], [38.22306, -122.32009], [38.22592, -122.30486], [38.22616, -122.29677], [38.22592, -122.28939], [38.22806, -122.28368], [38.23448, -122.28725], [38.23948, -122.29725], [38.24567, -122.30391], [38.25209, -122.30819], [38.25545, -122.31065], [38.25828, -122.31271], [38.26043, -122.31622], [38.26209, -122.3189], [38.26732, -122.32556], [38.27589, -122.32961], [38.28255, -122.33246], [38.28897, -122.33603], [38.29659, -122.34484], [38.30087, -122.35197], [38.30753, -122.35435], [38.3161, -122.35769], [38.32752, -122.36482], [38.33585, -122.38172]]], "type": "rancho", "layer": "alvarado", "summary": "Granted 1841 by Manuel Jimeno to Jacob P. Leese. Present-day Napa County.", "sources": [{"citation": "Diseño (Bancroft Land Case Maps)", "url": "../gallery/disenos.html#dise-o-el-rancho-de-huichica-calif-gaspar-farrell-agrimensor--rec79015"}, {"citation": "Boundary: NAHC/CNRA California Land Grants (PLSS reconstruction)", "url": null}], "notes": null, "tags": ["Napa"]}}, {"type": "Feature", "geometry": {"type": "Point", "coordinates": [-122.13723, 38.38464]}, "properties": {"id": "rancho-chimiles-82", "register_no": null, "name": "Chimiles (Jose Ygnacio Berreyesa)", "date": {"iso": "1846", "display": "1846", "confidence": "year"}, "coord_precision": "exact", "polygon": [[[38.44388, -122.18979], [38.39058, -122.18979], [38.39034, -122.19574], [38.36678, -122.19431], [38.36654, -122.18622], [38.35774, -122.18432], [38.35774, -122.15029], [38.34775, -122.15005], [38.34798, -122.13935], [38.33799, -122.13911], [38.33799, -122.12412], [38.31919, -122.12436], [38.31919, -122.06344], [38.34846, -122.06344], [38.34822, -122.07724], [38.3675, -122.07724], [38.3675, -122.09604], [38.38011, -122.09604], [38.38035, -122.11864], [38.38582, -122.11912], [38.38653, -122.12436], [38.42199, -122.12436], [38.42246, -122.13411], [38.42865, -122.13387], [38.43055, -122.13673], [38.43031, -122.14625], [38.4346, -122.14625], [38.43436, -122.15124], [38.44411, -122.15124], [38.44388, -122.18979]]], "type": "rancho", "layer": "pico", "summary": "Granted 1846 by Pio Pico to Jose Ygnacio Berreyesa. Present-day Napa County.", "sources": [{"citation": "Diseño (Bancroft Land Case Maps)", "url": "../gallery/disenos.html#plano-del-chimiles-napa-co-calif--rec79011"}, {"citation": "Boundary: NAHC/CNRA California Land Grants (PLSS reconstruction)", "url": null}], "notes": null, "tags": ["Napa"]}}, {"type": "Feature", "geometry": {"type": "Point", "coordinates": [-122.06587, 38.24176]}, "properties": {"id": "rancho-suisun-83", "register_no": null, "name": "Suisun (Francisco Solano)", "date": {"iso": "1842", "display": "1842", "confidence": "year"}, "coord_precision": "exact", "polygon": [[[38.2145, -122.10841], [38.20165, -122.08771], [38.20093, -122.07986], [38.21069, -122.08152], [38.22259, -122.08057], [38.22663, -122.07486], [38.22663, -122.07058], [38.22378, -122.0663], [38.21664, -122.06392], [38.21045, -122.05963], [38.20736, -122.05392], [38.21236, -122.05226], [38.21664, -122.04845], [38.21616, -122.04631], [38.2114, -122.04226], [38.21021, -122.0375], [38.2183, -122.03132], [38.24424, -122.02941], [38.24448, -122.01038], [38.27422, -122.01014], [38.27422, -122.02846], [38.29849, -122.0287], [38.30849, -122.03869], [38.30825, -122.08248], [38.29754, -122.08295], [38.29754, -122.09318], [38.27565, -122.09318], [38.27517, -122.10056], [38.26018, -122.10032], [38.25994, -122.10651], [38.25661, -122.10913], [38.2145, -122.10841]]], "type": "rancho", "layer": "alvarado", "summary": "Rancho Suisun, in present Solano County, was granted about 1842 to Francisco Solano (Sem-Yeto), the Patwin/Suisun chief and ally of Mariano Vallejo who was baptized under that name. It is one of the few grants made to a Native Californian, and the land later passed into Vallejo family hands.", "sources": [{"citation": "Diseño (Bancroft Land Case Maps)", "url": "../gallery/disenos.html#dise-o-del-rancho-suisun-solano-co-calif--rec78550"}, {"citation": "Boundary: NAHC/CNRA California Land Grants (PLSS reconstruction)", "url": null}], "notes": null, "tags": ["Solano"]}}, {"type": "Feature", "geometry": {"type": "Point", "coordinates": [-122.31767, 38.55361]}, "properties": {"id": "rancho-catacula-84", "register_no": null, "name": "Catacula (Joseph B. Chiles)", "date": {"iso": "1844", "display": "1844", "confidence": "year"}, "coord_precision": "exact", "polygon": [[[38.59916, -122.38062], [38.58012, -122.3949], [38.49922, -122.27331], [38.51802, -122.23643], [38.54253, -122.26998], [38.53706, -122.28782], [38.59916, -122.38062]]], "type": "rancho", "layer": "micheltorena", "summary": "Granted 1844 by Manuel Micheltorena to Joseph B. Chiles. Present-day Napa County.", "sources": [{"citation": "Diseño (Bancroft Land Case Maps)", "url": "../gallery/disenos.html#dise-o-del-rancho-catacula-napa-co-calif--rec78579"}, {"citation": "Boundary: NAHC/CNRA California Land Grants (PLSS reconstruction)", "url": null}], "notes": null, "tags": ["Napa"]}}, {"type": "Feature", "geometry": {"type": "Point", "coordinates": [-121.8354, 39.71939]}, "properties": {"id": "rancho-farwell-85", "register_no": null, "name": "Farwell (Edward Farwell)", "date": {"iso": "1844", "display": "1844", "confidence": "year"}, "coord_precision": "exact", "polygon": [[[39.70474, -121.82732], [39.72693, -121.81781], [39.73544, -121.81151], [39.73122, -121.83018], [39.72931, -121.84731], [39.72849, -121.85486], [39.69423, -121.86687], [39.70474, -121.82732]]], "type": "rancho", "layer": "micheltorena", "summary": "Granted 1844 by Manuel Micheltorena to Edward Farwell. Present-day Butte County.", "sources": [{"citation": "Diseño (Bancroft Land Case Maps)", "url": "../gallery/disenos.html#dise-o-del-rancho-de-farwell-calif--rec78764"}, {"citation": "Boundary: NAHC/CNRA California Land Grants (PLSS reconstruction)", "url": null}], "notes": null, "tags": ["Butte"]}}, {"type": "Feature", "geometry": {"type": "Point", "coordinates": [-120.9763, 38.33414]}, "properties": {"id": "rancho-arroyo-seco-86", "register_no": null, "name": "Arroyo Seco (Teodocio Yorba)", "date": {"iso": "1840", "display": "1840", "confidence": "year"}, "coord_precision": "exact", "polygon": [[[38.3958, -121.05652], [38.25256, -121.05604], [38.25256, -120.91042], [38.32347, -120.91042], [38.32347, -120.92232], [38.39533, -120.92184], [38.3958, -121.05652]]], "type": "rancho", "layer": "alvarado", "summary": "Granted 1840 by Juan Alvarado to Teodocio Yorba. Present-day Amador County.", "sources": [{"citation": "Diseño (Bancroft Land Case Maps)", "url": "../gallery/disenos.html#dise-o-del-rancho-arroyo-seco-monterey-county-calif--rec78814"}, {"citation": "Boundary: NAHC/CNRA California Land Grants (PLSS reconstruction)", "url": null}], "notes": null, "tags": ["Amador"]}}, {"type": "Feature", "geometry": {"type": "Point", "coordinates": [-121.34235, 38.21128]}, "properties": {"id": "rancho-sanjon-de-los-moquelumnes-87", "register_no": null, "name": "Sanjon de los Moquelumnes (Anastasio and María Chaboya)", "date": {"iso": "1844", "display": "1844", "confidence": "year"}, "coord_precision": "exact", "polygon": [[[38.12559, -121.37327], [38.12588, -121.25849], [38.16271, -121.25877], [38.16243, -121.26848], [38.19755, -121.26819], [38.19783, -121.28133], [38.2221, -121.28104], [38.22239, -121.28932], [38.24295, -121.28932], [38.24266, -121.30503], [38.27378, -121.30503], [38.27378, -121.35414], [38.26293, -121.35414], [38.26293, -121.36642], [38.2518, -121.3667], [38.25208, -121.37498], [38.24066, -121.37527], [38.24066, -121.38669], [38.22324, -121.38641], [38.22324, -121.40268], [38.20754, -121.40268], [38.20783, -121.3904], [38.19526, -121.39069], [38.19555, -121.38384], [38.1827, -121.38384], [38.18298, -121.37299], [38.12559, -121.37327]]], "type": "rancho", "layer": "micheltorena", "summary": "Granted 1844 by Manuel Micheltorena to Anastasio and María Chaboya. Present-day San Joaquin County.", "sources": [{"citation": "Diseño (Bancroft Land Case Maps)", "url": "../gallery/disenos.html#dise-o-del-rancho-sanjon-de-los-moquelumnes-calif--rec78586"}, {"citation": "Boundary: NAHC/CNRA California Land Grants (PLSS reconstruction)", "url": null}], "notes": null, "tags": ["San Joaquin"]}}, {"type": "Feature", "geometry": {"type": "Point", "coordinates": [-121.21715, 37.95272]}, "properties": {"id": "rancho-campo-de-los-franceses-88", "register_no": null, "name": "Campo de los Franceses (William Gulnac)", "date": {"iso": "1844", "display": "1844", "confidence": "year"}, "coord_precision": "exact", "polygon": [[[37.98939, -121.30594], [37.9714, -121.30594], [37.9714, -121.30137], [37.91829, -121.30137], [37.91858, -121.28881], [37.91087, -121.28852], [37.91087, -121.26511], [37.90402, -121.26482], [37.90402, -121.29052], [37.8452, -121.28967], [37.8452, -121.22685], [37.85862, -121.22656], [37.85862, -121.19059], [37.91601, -121.19087], [37.91601, -121.15661], [37.94456, -121.15689], [37.94485, -121.15318], [37.94456, -121.12377], [37.96483, -121.12348], [37.96626, -121.14376], [38.01423, -121.14461], [38.01423, -121.14833], [38.04022, -121.14947], [38.0405, -121.17659], [38.03336, -121.17659], [38.03336, -121.19258], [38.03051, -121.19258], [38.02965, -121.216], [37.98939, -121.30594]]], "type": "rancho", "layer": "micheltorena", "summary": "Granted 1844 by Manuel Micheltorena to William Gulnac. Present-day San Joaquin County.", "sources": [{"citation": "Diseño (Bancroft Land Case Maps)", "url": "../gallery/disenos.html#plat-of-the-rancho-campo-de-los-franceses-finally-confirmed---rec79563-1"}, {"citation": "Boundary: NAHC/CNRA California Land Grants (PLSS reconstruction)", "url": null}], "notes": null, "tags": ["San Joaquin"]}}, {"type": "Feature", "geometry": {"type": "Point", "coordinates": [-120.70296, 37.81974]}, "properties": {"id": "rancho-del-rio-estanislao-89", "register_no": null, "name": "Del Rio Estanislao (Francisco Rico and José Castro)", "date": {"iso": "1843", "display": "1843", "confidence": "year"}, "coord_precision": "exact", "polygon": [[[37.77615, -120.82731], [37.7673, -120.8273], [37.77216, -120.82122], [37.77301, -120.81793], [37.77531, -120.81122], [37.77644, -120.80794], [37.78072, -120.78909], [37.77958, -120.77368], [37.77901, -120.75169], [37.78044, -120.73815], [37.78443, -120.72045], [37.79271, -120.70675], [37.79985, -120.69847], [37.80499, -120.69018], [37.80471, -120.68019], [37.80756, -120.66192], [37.81327, -120.65307], [37.82441, -120.6425], [37.83269, -120.63536], [37.83897, -120.62908], [37.84383, -120.62194], [37.84896, -120.61195], [37.85496, -120.59739], [37.85953, -120.59396], [37.86524, -120.58882], [37.87295, -120.58339], [37.88323, -120.58111], [37.90122, -120.58225], [37.90236, -120.69801], [37.8798, -120.69744], [37.8798, -120.8275], [37.77615, -120.82731]]], "type": "rancho", "layer": "micheltorena", "summary": "Granted 1843 by Manuel Micheltorena to Francisco Rico and José Castro. Present-day Stanislaus County.", "sources": [{"citation": "Diseño (Bancroft Land Case Maps)", "url": "../gallery/disenos.html#plat-of-the-rancheria-del-rio-estanislao-finally-confirmed-t--rec79636-1"}, {"citation": "Boundary: NAHC/CNRA California Land Grants (PLSS reconstruction)", "url": null}], "notes": null, "tags": ["Stanislaus"]}}, {"type": "Feature", "geometry": {"type": "Point", "coordinates": [-120.87107, 37.78743]}, "properties": {"id": "rancho-thompson-90", "register_no": null, "name": "Thompson (Alpheus Basil Thompson)", "date": {"iso": "1846", "display": "1846", "confidence": "year"}, "coord_precision": "exact", "polygon": [[[37.72612, -120.82722], [37.8798, -120.8275], [37.8798, -120.93714], [37.72533, -120.93629], [37.72612, -120.82722]]], "type": "rancho", "layer": "pico", "summary": "Granted 1846 by Pio Pico to Alpheus Basil Thompson. Present-day Stanislaus County.", "sources": [{"citation": "Diseño (Bancroft Land Case Maps)", "url": "../gallery/disenos.html#dise-o-del-thompson-s-rancho-stanislaus-co-calif--rec78490"}, {"citation": "Boundary: NAHC/CNRA California Land Grants (PLSS reconstruction)", "url": null}], "notes": null, "tags": ["Stanislaus"]}}, {"type": "Feature", "geometry": {"type": "Point", "coordinates": [-121.43426, 37.79488]}, "properties": {"id": "rancho-pescadero-91", "register_no": null, "name": "Pescadero (Antonio Maria Pico)", "date": {"iso": "1843", "display": "1843", "confidence": "year"}, "coord_precision": "exact", "polygon": [[[37.78729, -121.53905], [37.78729, -121.51013], [37.78586, -121.50664], [37.77758, -121.50607], [37.77558, -121.49608], [37.7693, -121.49608], [37.7673, -121.48209], [37.75988, -121.48066], [37.75845, -121.46867], [37.7496, -121.46895], [37.74988, -121.34417], [37.78329, -121.28678], [37.80099, -121.29221], [37.8147, -121.29963], [37.82641, -121.30648], [37.83497, -121.31733], [37.83469, -121.41599], [37.81213, -121.41627], [37.81042, -121.42113], [37.81185, -121.42427], [37.81641, -121.42941], [37.82127, -121.43169], [37.82469, -121.43854], [37.82498, -121.53905], [37.78729, -121.53905]]], "type": "rancho", "layer": "micheltorena", "summary": "Granted 1843 by Manuel Micheltorena to Antonio Maria Pico. Present-day San Joaquin County.", "sources": [{"citation": "Diseño (Bancroft Land Case Maps)", "url": "../gallery/disenos.html#dise-o-del-rancho-san-antonio-o-pescadero-san-mateo-co-calif--rec78594"}, {"citation": "Boundary: NAHC/CNRA California Land Grants (PLSS reconstruction)", "url": null}], "notes": null, "tags": ["San Joaquin"]}}, {"type": "Feature", "geometry": {"type": "Point", "coordinates": [-121.2298, 37.637]}, "properties": {"id": "rancho-pescadero-92", "register_no": null, "name": "Pescadero (Antonio Maria Pico)", "date": {"iso": "1843", "display": "1843", "confidence": "year"}, "coord_precision": "exact", "polygon": [[[37.78329, -121.28678], [37.74988, -121.34417], [37.73418, -121.34349], [37.73418, -121.33235], [37.72276, -121.33264], [37.72304, -121.32436], [37.70134, -121.32379], [37.70163, -121.31208], [37.67764, -121.3118], [37.67736, -121.30266], [37.66165, -121.30209], [37.66023, -121.29152], [37.65452, -121.29409], [37.64966, -121.29038], [37.64509, -121.28381], [37.63396, -121.28467], [37.63396, -121.2741], [37.62396, -121.27382], [37.62425, -121.26068], [37.61397, -121.26097], [37.61397, -121.24455], [37.60398, -121.24427], [37.60369, -121.23484], [37.58884, -121.23456], [37.58884, -121.22], [37.57314, -121.21971], [37.57285, -121.20715], [37.57028, -121.20286], [37.55972, -121.20258], [37.56, -121.19487], [37.55743, -121.18973], [37.55601, -121.1863], [37.53459, -121.18345], [37.53545, -121.17488], [37.52831, -121.17402], [37.52859, -121.16631], [37.5206, -121.16489], [37.52088, -121.15118], [37.51375, -121.1509], [37.5146, -121.14519], [37.51232, -121.13919], [37.51318, -121.13376], [37.52688, -121.11035], [37.53876, -121.10749], [37.54647, -121.11149], [37.55047, -121.11777], [37.55332, -121.12977], [37.55618, -121.15192], [37.56389, -121.15335], [37.56988, -121.15078], [37.57559, -121.14736], [37.58302, -121.14736], [37.59073, -121.14878], [37.59729, -121.15021], [37.60386, -121.15421], [37.61014, -121.16135], [37.61157, -121.16877], [37.61757, -121.17819], [37.62727, -121.19104], [37.64127, -121.2056], [37.65383, -121.22017], [37.6604, -121.2293], [37.66211, -121.2353], [37.66297, -121.23958], [37.6624, -121.25043], [37.66782, -121.25329], [37.6741, -121.25158], [37.67753, -121.24958], [37.68267, -121.24387], [37.6861, -121.24301], [37.69123, -121.24529], [37.69523, -121.24729], [37.70209, -121.24529], [37.7078, -121.25072], [37.71065, -121.25557], [37.71008, -121.263], [37.71179, -121.27556], [37.71493, -121.28156], [37.7235, -121.28498], [37.72978, -121.28156], [37.73435, -121.27899], [37.73578, -121.27927], [37.73949, -121.28441], [37.7452, -121.29298], [37.75291, -121.29441], [37.76405, -121.29155], [37.77233, -121.28584], [37.78329, -121.28678]]], "type": "rancho", "layer": "micheltorena", "summary": "Granted 1843 by Manuel Micheltorena to Antonio Maria Pico. Present-day San Joaquin County.", "sources": [{"citation": "Diseño (Bancroft Land Case Maps)", "url": "../gallery/disenos.html#dise-o-del-rancho-san-antonio-o-pescadero-san-mateo-co-calif--rec78594"}, {"citation": "Boundary: NAHC/CNRA California Land Grants (PLSS reconstruction)", "url": null}], "notes": null, "tags": ["San Joaquin"]}}, {"type": "Feature", "geometry": {"type": "Point", "coordinates": [-121.05372, 37.42145]}, "properties": {"id": "rancho-del-puerto-93", "register_no": null, "name": "Del Puerto (Mariano and Pedro Hernández)", "date": {"iso": "1844", "display": "1844", "confidence": "year"}, "coord_precision": "exact", "polygon": [[[37.51318, -121.13376], [37.51281, -121.13607], [37.48942, -121.13519], [37.48942, -121.12091], [37.47857, -121.12091], [37.47914, -121.11349], [37.466, -121.11292], [37.46401, -121.10178], [37.4503, -121.1015], [37.4503, -121.09093], [37.44002, -121.0915], [37.44002, -121.0798], [37.43031, -121.08008], [37.43003, -121.06781], [37.42289, -121.06866], [37.42432, -121.06067], [37.3852, -121.06067], [37.3852, -121.05067], [37.37321, -121.05096], [37.37321, -121.04211], [37.33152, -121.04239], [37.33723, -121.03497], [37.34237, -121.03468], [37.34637, -121.0304], [37.34637, -121.02497], [37.34608, -121.01727], [37.35093, -121.0147], [37.35579, -121.01013], [37.35636, -121.00642], [37.35522, -121.00156], [37.35779, -120.99728], [37.36264, -120.99328], [37.36378, -120.98814], [37.36521, -120.981], [37.37092, -120.97929], [37.38034, -120.98015], [37.38063, -120.99271], [37.41832, -120.99214], [37.41832, -121.00584], [37.44116, -121.00556], [37.44088, -121.03525], [37.45001, -121.04039], [37.46115, -121.04696], [37.47086, -121.05496], [37.48142, -121.06638], [37.4897, -121.07323], [37.50113, -121.08008], [37.51255, -121.09122], [37.52688, -121.11035], [37.51318, -121.13376]]], "type": "rancho", "layer": "micheltorena", "summary": "Granted 1844 by Manuel Micheltorena to Mariano and Pedro Hernández. Present-day Stanislaus County.", "sources": [{"citation": "Diseño (Bancroft Land Case Maps)", "url": "../gallery/disenos.html#dise-o-del-rancho-del-puerto-stanislaus-co-calif--rec78700"}, {"citation": "Boundary: NAHC/CNRA California Land Grants (PLSS reconstruction)", "url": null}], "notes": null, "tags": ["Stanislaus"]}}, {"type": "Feature", "geometry": {"type": "Point", "coordinates": [-121.00062, 37.32763]}, "properties": {"id": "rancho-rancho-orestimba-y-las-garzas-94", "register_no": null, "name": "Rancho Orestimba y Las Garzas (Sebastian Nunez)", "date": {"iso": "1844", "display": "1844", "confidence": "year"}, "coord_precision": "exact", "polygon": [[[37.33152, -121.04239], [37.31855, -121.04254], [37.31884, -121.02483], [37.30342, -121.02483], [37.30342, -121.00227], [37.29143, -121.00199], [37.29143, -120.98], [37.28086, -120.97972], [37.28086, -120.96915], [37.27001, -120.96858], [37.2703, -120.91833], [37.29485, -120.91804], [37.34511, -120.98429], [37.35539, -120.98314], [37.36521, -120.981], [37.36378, -120.98814], [37.36264, -120.99328], [37.35779, -120.99728], [37.35522, -121.00156], [37.35636, -121.00642], [37.35579, -121.01013], [37.35093, -121.0147], [37.34608, -121.01727], [37.34637, -121.02497], [37.34637, -121.0304], [37.34237, -121.03468], [37.33723, -121.03497], [37.33152, -121.04239]]], "type": "rancho", "layer": "micheltorena", "summary": "Granted 1844 by Manuel Micheltorena to Sebastian Nunez. Present-day Stanislaus County.", "sources": [{"citation": "Boundary: NAHC/CNRA California Land Grants (PLSS reconstruction)", "url": null}], "notes": null, "tags": ["Stanislaus"]}}, {"type": "Feature", "geometry": {"type": "Point", "coordinates": [-121.75722, 37.28144]}, "properties": {"id": "rancho-yerba-buena-95", "register_no": null, "name": "Yerba Buena (Antonio Chaboya)", "date": {"iso": "1833", "display": "1833", "confidence": "year"}, "coord_precision": "exact", "polygon": [[[37.28743, -121.66714], [37.33902, -121.7243], [37.31998, -121.82162], [37.31027, -121.80534], [37.30171, -121.79249], [37.29828, -121.78707], [37.29314, -121.78507], [37.28686, -121.78307], [37.28201, -121.77964], [37.27829, -121.7765], [37.27001, -121.76365], [37.26487, -121.75452], [37.25916, -121.75252], [37.25402, -121.75052], [37.24945, -121.74481], [37.24546, -121.73996], [37.2386, -121.73453], [37.28743, -121.66714]]], "type": "rancho", "layer": "figueroa", "summary": "Granted 1833 by José Figueroa to Antonio Chaboya. Present-day Santa Clara County.", "sources": [{"citation": "Diseño (Bancroft Land Case Maps)", "url": "../gallery/disenos.html#dise-o-del-rancho-yerba-buena-or-socayre-santa-clara-co-cal--rec78646"}, {"citation": "Boundary: NAHC/CNRA California Land Grants (PLSS reconstruction)", "url": null}], "notes": null, "tags": ["Santa Clara"]}}, {"type": "Feature", "geometry": {"type": "Point", "coordinates": [-121.70193, 37.35326]}, "properties": {"id": "rancho-canada-de-pala-96", "register_no": null, "name": "Cañada de Pala (José de Jesús Bernal)", "date": {"iso": "1839", "display": "1839", "confidence": "year"}, "coord_precision": "exact", "polygon": [[[37.30205, -121.68334], [37.29589, -121.67652], [37.31627, -121.63431], [37.3591, -121.65829], [37.40564, -121.7214], [37.40678, -121.73567], [37.40621, -121.74881], [37.38537, -121.77565], [37.30205, -121.68334]]], "type": "rancho", "layer": "alvarado", "summary": "Granted 1839 by Juan Alvarado to José de Jesús Bernal. Present-day Santa Clara County.", "sources": [{"citation": "Diseño (Bancroft Land Case Maps)", "url": "../gallery/disenos.html#plan-dise-o-del-terreno-llamada-ca-ada-de-pala-santa-clara-c--rec79194"}, {"citation": "Boundary: NAHC/CNRA California Land Grants (PLSS reconstruction)", "url": null}], "notes": null, "tags": ["Santa Clara"]}}, {"type": "Feature", "geometry": {"type": "Point", "coordinates": [-121.6975, 37.19473]}, "properties": {"id": "rancho-laguna-seca-97", "register_no": null, "name": "Laguna Seca (Juan Alvires)", "date": {"iso": "1834", "display": "1834", "confidence": "year"}, "coord_precision": "exact", "polygon": [[[37.2472, -121.72267], [37.2386, -121.73453], [37.21799, -121.76274], [37.17659, -121.71677], [37.16174, -121.72933], [37.13832, -121.68793], [37.1566, -121.65081], [37.14718, -121.63454], [37.16431, -121.60684], [37.24626, -121.70364], [37.2472, -121.72267]]], "type": "rancho", "layer": "figueroa", "summary": "Granted 1834 by José Figueroa to Juan Alvires. Present-day Santa Clara County.", "sources": [{"citation": "Diseño (Bancroft Land Case Maps)", "url": "../gallery/disenos.html#dise-o-del-rancho-laguna-seca-calif--rec78503"}, {"citation": "Boundary: NAHC/CNRA California Land Grants (PLSS reconstruction)", "url": null}], "notes": null, "tags": ["Santa Clara"]}}, {"type": "Feature", "geometry": {"type": "Point", "coordinates": [-121.63558, 37.22253]}, "properties": {"id": "rancho-canada-de-san-felipe-y-las-animas-98", "register_no": null, "name": "Cañada de San Felipe y Las Animas (Thomas Bowen)", "date": {"iso": "1839", "display": "1839", "confidence": "year"}, "coord_precision": "exact", "polygon": [[[37.24768, -121.70364], [37.24626, -121.70364], [37.17743, -121.62234], [37.17714, -121.62199], [37.20086, -121.57771], [37.21342, -121.57771], [37.21371, -121.60684], [37.22627, -121.60712], [37.22627, -121.6234], [37.23426, -121.6234], [37.23455, -121.64567], [37.2474, -121.64539], [37.24768, -121.70364]]], "type": "rancho", "layer": "alvarado", "summary": "Granted 1839 by Manuel Jimeno to Thomas Bowen. Present-day Santa Clara County.", "sources": [{"citation": "Boundary: NAHC/CNRA California Land Grants (PLSS reconstruction)", "url": null}], "notes": null, "tags": ["Santa Clara"]}}, {"type": "Feature", "geometry": {"type": "Point", "coordinates": [-121.68939, 37.11844]}, "properties": {"id": "rancho-las-uvas-99", "register_no": null, "name": "Las Uvas (Lorenzo Pineda)", "date": {"iso": "1842", "display": "1842", "confidence": "year"}, "coord_precision": "exact", "polygon": [[[37.16088, -121.76645], [37.12462, -121.73171], [37.11731, -121.74247], [37.10046, -121.72676], [37.10743, -121.71523], [37.06494, -121.67451], [37.05421, -121.65338], [37.09532, -121.65509], [37.10027, -121.64807], [37.1056, -121.65224], [37.1096, -121.65281], [37.11474, -121.65509], [37.11874, -121.65995], [37.12302, -121.66623], [37.1253, -121.67137], [37.12673, -121.67423], [37.12902, -121.67794], [37.13216, -121.67908], [37.13444, -121.68022], [37.13832, -121.68793], [37.16174, -121.72933], [37.16088, -121.76645]]], "type": "rancho", "layer": "alvarado", "summary": "Granted 1842 by Juan Alvarado to Lorenzo Pineda. Present-day Santa Clara County.", "sources": [{"citation": "Boundary: NAHC/CNRA California Land Grants (PLSS reconstruction)", "url": null}], "notes": null, "tags": ["Santa Clara"]}}, {"type": "Feature", "geometry": {"type": "Point", "coordinates": [-121.65219, 37.12597]}, "properties": {"id": "rancho-ojo-del-agua-de-la-coche-100", "register_no": null, "name": "Ojo del Agua de la Coche (Juan M. Hernadez)", "date": {"iso": "1835", "display": "1835", "confidence": "year"}, "coord_precision": "exact", "polygon": [[[37.10027, -121.64807], [37.11103, -121.63282], [37.13016, -121.56115], [37.16431, -121.60684], [37.14718, -121.63454], [37.1566, -121.65081], [37.13832, -121.68793], [37.13444, -121.68022], [37.13216, -121.67908], [37.12902, -121.67794], [37.12673, -121.67423], [37.1253, -121.67137], [37.12302, -121.66623], [37.11874, -121.65995], [37.11474, -121.65509], [37.1096, -121.65281], [37.1056, -121.65224], [37.10027, -121.64807]]], "type": "rancho", "layer": "figueroa", "summary": "Granted 1835 by José Figueroa to Juan M. Hernadez. Present-day Santa Clara County.", "sources": [{"citation": "Boundary: NAHC/CNRA California Land Grants (PLSS reconstruction)", "url": null}], "notes": null, "tags": ["Santa Clara"]}}, {"type": "Feature", "geometry": {"type": "Point", "coordinates": [-122.02284, 37.99252]}, "properties": {"id": "rancho-monte-del-diablo-101", "register_no": null, "name": "Monte del Diablo (Salvio Pacheco)", "date": {"iso": "1834", "display": "1834", "confidence": "year"}, "coord_precision": "exact", "polygon": [[[37.96814, -121.92304], [38.02747, -122.00167], [38.02692, -122.00588], [38.02514, -122.01248], [38.02503, -122.01911], [38.02734, -122.0234], [38.03156, -122.02744], [38.0231, -122.04895], [38.0172, -122.04607], [38.01131, -122.04259], [38.00753, -122.04037], [38.00133, -122.04141], [37.99699, -122.04461], [37.9948, -122.04696], [37.99171, -122.04718], [37.98605, -122.04401], [37.98204, -122.04179], [37.97655, -122.04224], [37.97079, -122.0454], [37.96453, -122.04939], [37.95689, -122.05063], [37.94706, -122.02383], [37.95716, -122.01203], [37.92819, -121.96736], [37.96814, -121.92304]]], "type": "rancho", "layer": "figueroa", "summary": "Granted 1834 by José Figueroa to Salvio Pacheco. Present-day Contra Costa County.", "sources": [{"citation": "Diseño (Bancroft Land Case Maps)", "url": "../gallery/disenos.html#dise-o-de-un-sitio-baldio-situado-al-s-o-del-monte-del-diabl--rec78568"}, {"citation": "Boundary: NAHC/CNRA California Land Grants (PLSS reconstruction)", "url": null}], "notes": null, "tags": ["Contra Costa"]}}, {"type": "Feature", "geometry": {"type": "Point", "coordinates": [-121.91507, 37.74541]}, "properties": {"id": "rancho-san-ramon-102", "register_no": null, "name": "San Ramon (Jose Maria Amador)", "date": {"iso": "1834", "display": "1834", "confidence": "year"}, "coord_precision": "exact", "polygon": [[[37.76993, -121.92952], [37.75317, -121.92036], [37.74941, -121.91786], [37.74396, -121.91592], [37.73918, -121.917], [37.73627, -121.92053], [37.72971, -121.94352], [37.72186, -121.94331], [37.72247, -121.93461], [37.69558, -121.93422], [37.69724, -121.8438], [37.77101, -121.84561], [37.77029, -121.90696], [37.77856, -121.91109], [37.77806, -121.92732], [37.76993, -121.92952]]], "type": "rancho", "layer": "figueroa", "summary": "Granted 1834 by José Figueroa to Jose Maria Amador. Present-day Contra Costa County.", "sources": [{"citation": "Diseño (Bancroft Land Case Maps)", "url": "../gallery/disenos.html#dise-o-del-rancho-san-ramon-carpentier-calif--rec78446-1"}, {"citation": "Boundary: NAHC/CNRA California Land Grants (PLSS reconstruction)", "url": null}], "notes": null, "tags": ["Contra Costa"]}}, {"type": "Feature", "geometry": {"type": "Point", "coordinates": [-121.84355, 37.68755]}, "properties": {"id": "rancho-santa-rita-103", "register_no": null, "name": "Santa Rita (Jose Pacheco)", "date": {"iso": "1839", "display": "1839", "confidence": "year"}, "coord_precision": "exact", "polygon": [[[37.69543, -121.92967], [37.65374, -121.91688], [37.65281, -121.91536], [37.65363, -121.87873], [37.65887, -121.87856], [37.65986, -121.82993], [37.67199, -121.83052], [37.67633, -121.82702], [37.67808, -121.82166], [37.68074, -121.81872], [37.68448, -121.80769], [37.6863, -121.79751], [37.68784, -121.79004], [37.69171, -121.78592], [37.71027, -121.78637], [37.70974, -121.80589], [37.69641, -121.80587], [37.70522, -121.82141], [37.7085, -121.8248], [37.71326, -121.82491], [37.71272, -121.84418], [37.71249, -121.84417], [37.69724, -121.8438], [37.69567, -121.92938], [37.69543, -121.92967]]], "type": "rancho", "layer": "alvarado", "summary": "Granted 1839 by Juan Alvarado to Jose Pacheco. Present-day Alameda County.", "sources": [{"citation": "Diseño (Bancroft Land Case Maps)", "url": "../gallery/disenos.html#dise-o-del-rancho-santa-rita-alameda-county-calif--rec78473"}, {"citation": "Boundary: NAHC/CNRA California Land Grants (PLSS reconstruction)", "url": null}], "notes": null, "tags": ["Alameda"]}}, {"type": "Feature", "geometry": {"type": "Point", "coordinates": [-121.90591, 37.47111]}, "properties": {"id": "rancho-agua-caliente-104", "register_no": null, "name": "Agua Caliente (Fulgencio Higuera)", "date": {"iso": "1839", "display": "1839", "confidence": "year"}, "coord_precision": "exact", "polygon": [[[37.39489, -121.89474], [37.39828, -121.89123], [37.4192, -121.89295], [37.42638, -121.89074], [37.42976, -121.88783], [37.43883, -121.88656], [37.4444, -121.88011], [37.44776, -121.87839], [37.46682, -121.87737], [37.47587, -121.86202], [37.48168, -121.85617], [37.49094, -121.85759], [37.49542, -121.8604], [37.49868, -121.86468], [37.50362, -121.8684], [37.51268, -121.86772], [37.5157, -121.87259], [37.51466, -121.87827], [37.51551, -121.88458], [37.5188, -121.88766], [37.52062, -121.89251], [37.52009, -121.89609], [37.51811, -121.90084], [37.51617, -121.90289], [37.51513, -121.90856], [37.51223, -121.91148], [37.51051, -121.91444], [37.51071, -121.91714], [37.51303, -121.9208], [37.51488, -121.92444], [37.51428, -121.93162], [37.51421, -121.93642], [37.50844, -121.93957], [37.50344, -121.94004], [37.49841, -121.94171], [37.49431, -121.9452], [37.48926, -121.94807], [37.48449, -121.94854], [37.47782, -121.94867], [37.47164, -121.94821], [37.4692, -121.93706], [37.46232, -121.93598], [37.46041, -121.93593], [37.45932, -121.92991], [37.45749, -121.92507], [37.45393, -121.92468], [37.44846, -121.92454], [37.44425, -121.91964], [37.44126, -121.91298], [37.43844, -121.91111], [37.43345, -121.91008], [37.4256, -121.90988], [37.41756, -121.90639], [37.41334, -121.90269], [37.40646, -121.90102], [37.4012, -121.90238], [37.39907, -121.90173], [37.39489, -121.89474]]], "type": "rancho", "layer": "alvarado", "summary": "Granted 1839 by Juan Alvarado to Fulgencio Higuera. Present-day Alameda County.", "sources": [{"citation": "Diseño (Bancroft Land Case Maps)", "url": "../gallery/disenos.html#dise-o-de-agua-caliente-rancho-arroyo-de-san-antonio-sonoma---rec78668"}, {"citation": "Boundary: NAHC/CNRA California Land Grants (PLSS reconstruction)", "url": null}], "notes": null, "tags": ["Alameda"]}}, {"type": "Feature", "geometry": {"type": "Point", "coordinates": [-122.02806, 37.3945]}, "properties": {"id": "rancho-pastoria-de-las-borregas-105", "register_no": null, "name": "Pastoria de las Borregas (Francisco Estrada)", "date": {"iso": "1842", "display": "1842", "confidence": "year"}, "coord_precision": "exact", "polygon": [[[37.36721, -122.05683], [37.368, -122.01077], [37.41868, -121.98397], [37.43012, -122.01182], [37.40528, -122.03062], [37.40502, -122.04558], [37.36721, -122.05683]]], "type": "rancho", "layer": "alvarado", "summary": "Granted 1842 by Juan Alvarado to Francisco Estrada. Present-day Santa Clara County.", "sources": [{"citation": "Diseño (Bancroft Land Case Maps)", "url": "../gallery/disenos.html#dise-o-del-rancho-del-refugio-o-pastoria-de-las-borregas-san--rec78456"}, {"citation": "Boundary: NAHC/CNRA California Land Grants (PLSS reconstruction)", "url": null}], "notes": null, "tags": ["Santa Clara"]}}, {"type": "Feature", "geometry": {"type": "Point", "coordinates": [-121.88623, 37.32332]}, "properties": {"id": "rancho-potrero-de-santa-clara-106", "register_no": null, "name": "Potrero de Santa Clara (James Alexander Forbes)", "date": {"iso": "1844", "display": "1844", "confidence": "year"}, "coord_precision": "exact", "polygon": [[[37.32305, -121.87649], [37.32561, -121.88014], [37.32888, -121.88411], [37.33317, -121.88362], [37.33747, -121.88313], [37.33765, -121.88642], [37.33826, -121.89332], [37.33911, -121.89962], [37.34097, -121.90206], [37.32592, -121.92022], [37.29817, -121.88424], [37.3009, -121.87713], [37.30589, -121.87785], [37.30969, -121.87795], [37.31392, -121.88164], [37.31791, -121.88503], [37.32009, -121.88269], [37.32305, -121.87649]]], "type": "rancho", "layer": "micheltorena", "summary": "Granted 1844 by Manuel Micheltorena to James Alexander Forbes. Present-day Santa Clara County.", "sources": [{"citation": "Boundary: NAHC/CNRA California Land Grants (PLSS reconstruction)", "url": null}], "notes": null, "tags": ["Santa Clara"]}}, {"type": "Feature", "geometry": {"type": "Point", "coordinates": [-121.86627, 37.29024]}, "properties": {"id": "rancho-san-juan-bautista-107", "register_no": null, "name": "San Juan Bautista (Jose Narvaez)", "date": {"iso": "1844", "display": "1844", "confidence": "year"}, "coord_precision": "exact", "polygon": [[[37.29817, -121.88424], [37.28053, -121.91518], [37.25754, -121.89398], [37.26075, -121.88659], [37.26178, -121.88214], [37.26207, -121.87886], [37.26547, -121.87446], [37.26763, -121.87332], [37.26864, -121.86976], [37.26729, -121.86494], [37.27189, -121.85968], [37.2731, -121.85821], [37.27316, -121.85433], [37.27348, -121.84955], [37.27614, -121.84663], [37.27692, -121.84217], [37.27837, -121.8413], [37.28218, -121.8408], [37.28648, -121.83971], [37.2917, -121.84133], [37.2964, -121.84533], [37.29894, -121.85018], [37.2977, -121.85344], [37.30007, -121.85409], [37.30338, -121.85537], [37.30718, -121.85606], [37.30975, -121.85911], [37.31279, -121.86248], [37.31816, -121.86919], [37.32192, -121.87287], [37.32305, -121.87649], [37.32009, -121.88269], [37.31791, -121.88503], [37.31392, -121.88164], [37.30969, -121.87795], [37.30589, -121.87785], [37.3009, -121.87713], [37.29817, -121.88424]]], "type": "rancho", "layer": "micheltorena", "summary": "Granted 1844 by Manuel Micheltorena to Jose Narvaez. Present-day Santa Clara County.", "sources": [{"citation": "Diseño (Bancroft Land Case Maps)", "url": "../gallery/disenos.html#dise-o-del-rancho-de-san-juan-bautista-santa-clara-co-calif--rec78985"}, {"citation": "Boundary: NAHC/CNRA California Land Grants (PLSS reconstruction)", "url": null}], "notes": null, "tags": ["Santa Clara"]}}, {"type": "Feature", "geometry": {"type": "Point", "coordinates": [-121.95383, 37.26359]}, "properties": {"id": "rancho-rinconada-de-los-gatos-108", "register_no": null, "name": "Rinconada de Los Gatos (Jose Maria Hernandez and Sebastian Fabian Peralta)", "date": {"iso": "1839", "display": "1839", "confidence": "year"}, "coord_precision": "exact", "polygon": [[[37.30126, -121.94605], [37.2501, -121.99745], [37.23416, -121.9727], [37.23464, -121.93344], [37.2601, -121.92726], [37.30126, -121.94605]]], "type": "rancho", "layer": "alvarado", "summary": "Granted 1839 by Juan Alvarado to Jose Maria Hernandez and Sebastian Fabian Peralta. Present-day Santa Clara County.", "sources": [{"citation": "Diseño (Bancroft Land Case Maps)", "url": "../gallery/disenos.html#dise-o-del-rancho-rinconada-de-los-gatos-santa-clara-co-cali--rec78628"}, {"citation": "Boundary: NAHC/CNRA California Land Grants (PLSS reconstruction)", "url": null}], "notes": null, "tags": ["Santa Clara"]}}, {"type": "Feature", "geometry": {"type": "Point", "coordinates": [-122.09093, 37.3563]}, "properties": {"id": "rancho-rancho-san-antonio-de-padua-109", "register_no": null, "name": "Rancho San Antonio de Padua (Juan Prado Mesa)", "date": {"iso": "1839", "display": "1839", "confidence": "year"}, "coord_precision": "exact", "polygon": [[[37.35504, -122.0804], [37.36051, -122.08016], [37.36694, -122.0842], [37.36622, -122.10062], [37.35004, -122.1149], [37.34029, -122.09586], [37.35504, -122.0804]]], "type": "rancho", "layer": "alvarado", "summary": "Granted 1839 by Juan Alvarado to Juan Prado Mesa. Present-day Santa Clara County.", "sources": [{"citation": "Boundary: NAHC/CNRA California Land Grants (PLSS reconstruction)", "url": null}], "notes": null, "tags": ["Santa Clara"]}}, {"type": "Feature", "geometry": {"type": "Point", "coordinates": [-122.06665, 37.33685]}, "properties": {"id": "rancho-rancho-san-antonio-de-padua-110", "register_no": null, "name": "Rancho San Antonio de Padua (Juan Prado Mesa)", "date": {"iso": "1839", "display": "1839", "confidence": "year"}, "coord_precision": "exact", "polygon": [[[37.34029, -122.09586], [37.336, -122.08706], [37.33148, -122.06493], [37.31411, -122.05042], [37.3272, -122.03495], [37.33196, -122.03543], [37.35528, -122.05494], [37.35504, -122.0804], [37.34029, -122.09586]]], "type": "rancho", "layer": "alvarado", "summary": "Granted 1839 by Juan Alvarado to Juan Prado Mesa. Present-day Santa Clara County.", "sources": [{"citation": "Boundary: NAHC/CNRA California Land Grants (PLSS reconstruction)", "url": null}], "notes": null, "tags": ["Santa Clara"]}}, {"type": "Feature", "geometry": {"type": "Point", "coordinates": [-122.21728, 37.38656]}, "properties": {"id": "rancho-corte-de-madera-111", "register_no": null, "name": "Corte de Madera (Maximo Martinez)", "date": {"iso": "1844", "display": "1844", "confidence": "year"}, "coord_precision": "exact", "polygon": [[[37.42228, -122.2127], [37.40991, -122.2165], [37.4061, -122.26433], [37.38516, -122.26266], [37.37707, -122.26147], [37.37255, -122.25648], [37.37065, -122.24791], [37.36946, -122.24125], [37.36874, -122.23126], [37.36851, -122.22483], [37.36636, -122.2196], [37.3628, -122.21698], [37.3559, -122.2146], [37.34804, -122.21389], [37.34186, -122.2146], [37.33615, -122.1613], [37.39159, -122.14655], [37.41705, -122.1663], [37.41538, -122.20008], [37.4161, -122.20342], [37.4161, -122.20627], [37.41824, -122.20913], [37.41919, -122.20984], [37.42228, -122.2127]]], "type": "rancho", "layer": "micheltorena", "summary": "Granted 1844 by Manuel Micheltorena to Maximo Martinez. Present-day Santa Clara County.", "sources": [{"citation": "Diseño (Bancroft Land Case Maps)", "url": "../gallery/disenos.html#dise-o-del-rancho-ca-ada-del-corte-de-madera-san-mateo-co-ca--rec78447"}, {"citation": "Boundary: NAHC/CNRA California Land Grants (PLSS reconstruction)", "url": null}], "notes": null, "tags": ["Santa Clara"]}}, {"type": "Feature", "geometry": {"type": "Point", "coordinates": [-122.3568, 37.40675]}, "properties": {"id": "rancho-canada-de-verde-y-arroyo-de-la-purisima-112", "register_no": null, "name": "Cañada de Verde y Arroyo de la Purisima (José María Alviso)", "date": {"iso": "1838", "display": "1838", "confidence": "year"}, "coord_precision": "exact", "polygon": [[[37.38245, -122.41358], [37.37481, -122.40927], [37.34671, -122.40337], [37.36922, -122.37188], [37.37564, -122.36807], [37.38278, -122.36403], [37.39397, -122.3557], [37.3992, -122.3507], [37.40539, -122.33571], [37.41205, -122.33], [37.41943, -122.32715], [37.423, -122.32358], [37.42514, -122.31906], [37.43156, -122.31097], [37.43418, -122.30835], [37.43656, -122.31002], [37.43585, -122.32405], [37.4368, -122.33571], [37.4318, -122.35213], [37.42585, -122.3607], [37.42561, -122.36427], [37.42038, -122.37117], [37.41395, -122.37307], [37.39968, -122.38663], [37.39111, -122.39401], [37.38245, -122.41358]]], "type": "rancho", "layer": "alvarado", "summary": "Granted 1838 by Juan Alvarado to José María Alviso. Present-day San Mateo County.", "sources": [{"citation": "Diseño (Bancroft Land Case Maps)", "url": "../gallery/disenos.html#dise-o-del-rancho-ca-ada-de-verde-y-arroyo-de-la-purisima-ca--rec78689"}, {"citation": "Boundary: NAHC/CNRA California Land Grants (PLSS reconstruction)", "url": null}], "notes": null, "tags": ["San Mateo"]}}, {"type": "Feature", "geometry": {"type": "Point", "coordinates": [-122.33199, 37.33931]}, "properties": {"id": "rancho-san-gregorio-113", "register_no": null, "name": "San Gregorio (Antonio Buelna)", "date": {"iso": "1839", "display": "1839", "confidence": "year"}, "coord_precision": "exact", "polygon": [[[37.37327, -122.32858], [37.3735, -122.35308], [37.37041, -122.35499], [37.3666, -122.36213], [37.36541, -122.36736], [37.33966, -122.40189], [37.32935, -122.40282], [37.33305, -122.38425], [37.3321, -122.37783], [37.32877, -122.3726], [37.32734, -122.37022], [37.32639, -122.36379], [37.32829, -122.35832], [37.32758, -122.35237], [37.32449, -122.3507], [37.32234, -122.3469], [37.32687, -122.34333], [37.32853, -122.34214], [37.32853, -122.33809], [37.32853, -122.33643], [37.33258, -122.33095], [37.334, -122.32524], [37.33329, -122.32072], [37.33115, -122.31573], [37.31854, -122.3143], [37.31521, -122.30978], [37.31592, -122.30478], [37.3183, -122.29693], [37.31925, -122.28884], [37.31854, -122.28384], [37.31592, -122.27742], [37.31378, -122.27123], [37.34733, -122.27123], [37.34733, -122.28836], [37.36993, -122.28908], [37.37065, -122.2974], [37.38992, -122.2974], [37.3873, -122.3281], [37.37327, -122.32858]]], "type": "rancho", "layer": "alvarado", "summary": "Granted 1839 by Juan Alvarado to Antonio Buelna. Present-day San Mateo County.", "sources": [{"citation": "Diseño (Bancroft Land Case Maps)", "url": "../gallery/disenos.html#dise-o-del-rancho-san-gregorio-san-mateo-co-calif--rec78450"}, {"citation": "Boundary: NAHC/CNRA California Land Grants (PLSS reconstruction)", "url": null}], "notes": null, "tags": ["San Mateo"]}}, {"type": "Feature", "geometry": {"type": "Point", "coordinates": [-122.28125, 37.44353]}, "properties": {"id": "rancho-canada-de-raymundo-114", "register_no": null, "name": "Cañada de Raymundo (John Coppinger)", "date": {"iso": "1840", "display": "1840", "confidence": "year"}, "coord_precision": "exact", "polygon": [[[37.42228, -122.2127], [37.43537, -122.21317], [37.43561, -122.23149], [37.50985, -122.3231], [37.48534, -122.34476], [37.46844, -122.32739], [37.46416, -122.32596], [37.45821, -122.3212], [37.45155, -122.31811], [37.44988, -122.31454], [37.44655, -122.30216], [37.4437, -122.29764], [37.43727, -122.29621], [37.43013, -122.28717], [37.40651, -122.25923], [37.40656, -122.25854], [37.40991, -122.2165], [37.42228, -122.2127]]], "type": "rancho", "layer": "alvarado", "summary": "Granted 1840 by Juan Alvarado to John Coppinger. Present-day San Mateo County.", "sources": [{"citation": "Diseño (Bancroft Land Case Maps)", "url": "../gallery/disenos.html#map-of-the-rancho-of-ca-ada-de-raymundo-finally-confirmed-to--rec79430-1"}, {"citation": "Boundary: NAHC/CNRA California Land Grants (PLSS reconstruction)", "url": null}], "notes": null, "tags": ["San Mateo"]}}, {"type": "Feature", "geometry": {"type": "Point", "coordinates": [-122.18767, 37.4859]}, "properties": {"id": "rancho-las-pulgas-115", "register_no": null, "name": "Las Pulgas (José Dario Argüello and Luis Antonio Argüello)", "date": {"iso": "1795", "display": "1795", "confidence": "year"}, "coord_precision": "exact", "polygon": [[[37.45036, -122.09715], [37.46464, -122.09786], [37.47249, -122.10215], [37.47963, -122.10548], [37.48439, -122.11024], [37.48867, -122.11714], [37.49271, -122.12308], [37.49414, -122.12856], [37.49628, -122.13522], [37.49343, -122.14069], [37.49129, -122.14593], [37.49033, -122.15497], [37.492, -122.1602], [37.49462, -122.16163], [37.49557, -122.17353], [37.49414, -122.18114], [37.49724, -122.18685], [37.49842, -122.19423], [37.5039, -122.20898], [37.51175, -122.22255], [37.51984, -122.2285], [37.5315, -122.2323], [37.53911, -122.23563], [37.5434, -122.2423], [37.55125, -122.24777], [37.55648, -122.24896], [37.56079, -122.2533], [37.55991, -122.26609], [37.56253, -122.27513], [37.56874, -122.2801], [37.58014, -122.29203], [37.53635, -122.34794], [37.50985, -122.3231], [37.43561, -122.23149], [37.43537, -122.21317], [37.42228, -122.2127], [37.41919, -122.20984], [37.41824, -122.20913], [37.4161, -122.20627], [37.4161, -122.20342], [37.41538, -122.20008], [37.41585, -122.19062], [37.42452, -122.18804], [37.43761, -122.17496], [37.45878, -122.14617], [37.45997, -122.13665], [37.45688, -122.12427], [37.4564, -122.11404], [37.45045, -122.10476], [37.45036, -122.09715]]], "type": "rancho", "layer": "spanish", "summary": "Granted 1795 by Diego de Borica to José Dario Argüello and Luis Antonio Argüello. Present-day San Mateo County.", "sources": [{"citation": "Diseño (Bancroft Land Case Maps)", "url": "../gallery/disenos.html#dise-o-del-rancho-pulgas-calif-francisco-del-castillo-negret--rec78441"}, {"citation": "Boundary: NAHC/CNRA California Land Grants (PLSS reconstruction)", "url": null}], "notes": null, "tags": ["San Mateo"]}}, {"type": "Feature", "geometry": {"type": "Point", "coordinates": [-122.31772, 37.57902]}, "properties": {"id": "rancho-san-mateo-116", "register_no": null, "name": "San Mateo (Cayetano Arenas)", "date": {"iso": "1846", "display": "1846", "confidence": "year"}, "coord_precision": "exact", "polygon": [[[37.53635, -122.34794], [37.58014, -122.29203], [37.58228, -122.29583], [37.58656, -122.29536], [37.59513, -122.2975], [37.60131, -122.30273], [37.60369, -122.30773], [37.6006, -122.31463], [37.56776, -122.37555], [37.53635, -122.34794]]], "type": "rancho", "layer": "pico", "summary": "Granted 1846 by Pio Pico to Cayetano Arenas. Present-day San Mateo County.", "sources": [{"citation": "Diseño (Bancroft Land Case Maps)", "url": "../gallery/disenos.html#dise-o-del-rancho-ca-ada-del-corte-de-madera-san-mateo-co-ca--rec78447"}, {"citation": "Boundary: NAHC/CNRA California Land Grants (PLSS reconstruction)", "url": null}], "notes": null, "tags": ["San Mateo"]}}, {"type": "Feature", "geometry": {"type": "Point", "coordinates": [-122.41591, 37.74102]}, "properties": {"id": "rancho-rincon-de-las-salinas-y-potrero-viejo-117", "register_no": null, "name": "Rincon de las Salinas y Potrero Viejo (Cornelio Bernal)", "date": {"iso": "1839", "display": "1839", "confidence": "year"}, "coord_precision": "exact", "polygon": [[[37.68162, -122.38578], [37.70754, -122.3932], [37.70834, -122.38984], [37.71501, -122.36176], [37.72951, -122.3568], [37.73856, -122.37648], [37.775, -122.38267], [37.77536, -122.38273], [37.77454, -122.39263], [37.77311, -122.39477], [37.7693, -122.40262], [37.76716, -122.40691], [37.76788, -122.40952], [37.77097, -122.41642], [37.77287, -122.42452], [37.77287, -122.43118], [37.77216, -122.43784], [37.76883, -122.44403], [37.76431, -122.44831], [37.75693, -122.4514], [37.75312, -122.45259], [37.74384, -122.45045], [37.73813, -122.44641], [37.73171, -122.4495], [37.72647, -122.44736], [37.72243, -122.44165], [37.71196, -122.43974], [37.70672, -122.4307], [37.70149, -122.43118], [37.69221, -122.42856], [37.68162, -122.38578]]], "type": "rancho", "layer": "alvarado", "summary": "Granted 1839 by Manuel Jimeno to Cornelio Bernal. Present-day San Francisco County.", "sources": [{"citation": "Diseño (Bancroft Land Case Maps)", "url": "../gallery/disenos.html#map-of-san-francisco-showing-rancho-rincon-de-las-salinas-y---rec78984"}, {"citation": "Boundary: NAHC/CNRA California Land Grants (PLSS reconstruction)", "url": null}], "notes": null, "tags": ["San Francisco"]}}, {"type": "Feature", "geometry": {"type": "Point", "coordinates": [-122.51207, 38.01783]}, "properties": {"id": "rancho-san-pedro-santa-margarita-y-las-gallinas-118", "register_no": null, "name": "San Pedro; Santa Margarita y Las Gallinas (Timothy Murphy)", "date": {"iso": "1844", "display": "1844", "confidence": "year"}, "coord_precision": "exact", "polygon": [[[37.96246, -122.48846], [37.9619, -122.48319], [37.9638, -122.47796], [37.96856, -122.47463], [37.97379, -122.47106], [37.97594, -122.46582], [37.97831, -122.45559], [37.98022, -122.45226], [37.98522, -122.44607], [37.98617, -122.44274], [37.9864, -122.43632], [37.98712, -122.43084], [37.99473, -122.42775], [38.00092, -122.42656], [38.0052, -122.42918], [38.00734, -122.43322], [38.00806, -122.43893], [38.00925, -122.44488], [38.01187, -122.45464], [38.01234, -122.46368], [38.01234, -122.46892], [38.00711, -122.47653], [38.0052, -122.48557], [38.00806, -122.4889], [38.01139, -122.49247], [38.01496, -122.50032], [38.01686, -122.50604], [38.02114, -122.50723], [38.02305, -122.50389], [38.02495, -122.49795], [38.02963, -122.4962], [38.03376, -122.49557], [38.03804, -122.4939], [38.04018, -122.4889], [38.05517, -122.48533], [38.05922, -122.48748], [38.05684, -122.49057], [38.0516, -122.50199], [38.04875, -122.51056], [38.05065, -122.52293], [38.05493, -122.5384], [38.06112, -122.556], [38.06873, -122.56838], [38.07278, -122.57623], [38.07706, -122.60217], [38.07754, -122.62358], [38.07516, -122.63572], [38.0704, -122.64048], [38.06421, -122.64119], [38.05826, -122.64166], [38.05279, -122.64024], [38.04661, -122.63215], [38.04137, -122.62406], [38.04185, -122.61406], [38.02567, -122.58599], [38.02686, -122.54844], [38.01424, -122.52988], [38.00758, -122.52536], [38.00021, -122.52322], [37.99093, -122.52322], [37.98403, -122.52607], [37.97855, -122.52631], [37.97189, -122.51869], [37.96499, -122.50965], [37.96246, -122.48846]]], "type": "rancho", "layer": "micheltorena", "summary": "Granted 1844 by Manuel Micheltorena to Timothy Murphy. Present-day Marin County.", "sources": [{"citation": "Diseño (Bancroft Land Case Maps)", "url": "../gallery/disenos.html#dise-o-del-rancho-san-pedro-santa-margarita-y-las-gallinas-c--rec78418"}, {"citation": "Boundary: NAHC/CNRA California Land Grants (PLSS reconstruction)", "url": null}], "notes": null, "tags": ["Marin"]}}, {"type": "Feature", "geometry": {"type": "Point", "coordinates": [-122.52602, 38.07279]}, "properties": {"id": "rancho-san-jose-119", "register_no": null, "name": "San Jose (Ygnacio Pacheco)", "date": {"iso": "1840", "display": "1840", "confidence": "year"}, "coord_precision": "exact", "polygon": [[[38.05922, -122.48748], [38.06707, -122.48629], [38.07421, -122.48771], [38.07516, -122.49033], [38.07706, -122.49818], [38.0754, -122.50604], [38.07207, -122.51365], [38.07111, -122.51722], [38.07397, -122.51984], [38.0773, -122.52055], [38.08349, -122.52103], [38.09181, -122.52126], [38.09515, -122.52507], [38.09943, -122.5315], [38.10038, -122.53887], [38.09681, -122.5472], [38.0842, -122.56743], [38.0823, -122.56933], [38.0792, -122.57099], [38.0754, -122.57147], [38.07025, -122.57132], [38.0698, -122.57045], [38.06873, -122.56838], [38.06112, -122.556], [38.05493, -122.5384], [38.05065, -122.52293], [38.04875, -122.51056], [38.0516, -122.50199], [38.05382, -122.49714], [38.05684, -122.49057], [38.05922, -122.48748]]], "type": "rancho", "layer": "alvarado", "summary": "Granted 1840 by Juan Alvarado to Ygnacio Pacheco. Present-day Marin County.", "sources": [{"citation": "Diseño (Bancroft Land Case Maps)", "url": "../gallery/disenos.html#dise-o-del-rancho-san-jos-marin-co-calif--rec78435"}, {"citation": "Boundary: NAHC/CNRA California Land Grants (PLSS reconstruction)", "url": null}], "notes": null, "tags": ["Marin"]}}, {"type": "Feature", "geometry": {"type": "Point", "coordinates": [-122.69531, 38.05618]}, "properties": {"id": "rancho-nicasio-120", "register_no": null, "name": "Nicasio (Pablo de la Guerra and John B.R. Cooper)", "date": {"iso": "1844", "display": "1844", "confidence": "year"}, "coord_precision": "exact", "polygon": [[[38.04137, -122.62406], [38.04661, -122.63215], [38.05279, -122.64024], [38.0585, -122.64595], [38.06231, -122.6519], [38.06398, -122.65404], [38.07016, -122.66141], [38.07444, -122.6695], [38.07587, -122.6745], [38.07801, -122.67593], [38.07849, -122.68069], [38.08135, -122.6983], [38.08491, -122.70187], [38.08896, -122.70829], [38.09015, -122.7159], [38.09015, -122.72019], [38.08729, -122.72257], [38.08539, -122.72423], [38.08753, -122.73423], [38.08801, -122.74041], [38.08634, -122.74517], [38.08658, -122.75112], [38.08634, -122.75398], [38.08111, -122.75493], [38.07278, -122.75469], [38.06921, -122.75183], [38.06659, -122.74707], [38.0635, -122.74089], [38.05993, -122.73779], [38.05612, -122.73446], [38.05089, -122.73375], [38.04637, -122.73327], [38.04137, -122.73137], [38.03685, -122.72756], [38.03399, -122.72114], [38.03138, -122.71448], [38.02995, -122.71091], [38.03066, -122.70068], [38.029, -122.69639], [38.02519, -122.69021], [38.02138, -122.68687], [38.01639, -122.67831], [38.02091, -122.67498], [38.02495, -122.67307], [38.03114, -122.6695], [38.03328, -122.66784], [38.03614, -122.66118], [38.03614, -122.65451], [38.03685, -122.64785], [38.03566, -122.63929], [38.03566, -122.63691], [38.03733, -122.62905], [38.04137, -122.62406]]], "type": "rancho", "layer": "micheltorena", "summary": "Rancho Nicasio was one of the largest land grants in Marin County, laid out on lands formerly attached to Mission San Rafael Arcangel following secularization. Its diseño depicts the interior hill country west of San Rafael.", "sources": [{"citation": "Diseño (Bancroft Land Case Maps)", "url": "../gallery/disenos.html#dise-o-del-rancho-nicasio-marin-co-calif--rec78769"}, {"citation": "Boundary: NAHC/CNRA California Land Grants (PLSS reconstruction)", "url": null}], "notes": null, "tags": ["Marin"]}}, {"type": "Feature", "geometry": {"type": "Point", "coordinates": [-122.64994, 38.09581]}, "properties": {"id": "rancho-nicasio-121", "register_no": null, "name": "Nicasio (Pablo de la Guerra and John B.R. Cooper)", "date": {"iso": "1844", "display": "1844", "confidence": "year"}, "coord_precision": "exact", "polygon": [[[38.0842, -122.56743], [38.09443, -122.57433], [38.10324, -122.57671], [38.11133, -122.57718], [38.1187, -122.57742], [38.1287, -122.57599], [38.13393, -122.57504], [38.13893, -122.60026], [38.11133, -122.60431], [38.11014, -122.6588], [38.14178, -122.69282], [38.13583, -122.70853], [38.12441, -122.73327], [38.15378, -122.76992], [38.16163, -122.77111], [38.16805, -122.79633], [38.17115, -122.80513], [38.08729, -122.72257], [38.09015, -122.72019], [38.09015, -122.7159], [38.08896, -122.70829], [38.08491, -122.70187], [38.08135, -122.6983], [38.07849, -122.68069], [38.07801, -122.67593], [38.07587, -122.6745], [38.07444, -122.6695], [38.07016, -122.66141], [38.06398, -122.65404], [38.06231, -122.6519], [38.0585, -122.64595], [38.05279, -122.64024], [38.05826, -122.64166], [38.06421, -122.64119], [38.0704, -122.64048], [38.07516, -122.63572], [38.07754, -122.62358], [38.07706, -122.60217], [38.07278, -122.57623], [38.07025, -122.57132], [38.0754, -122.57147], [38.0792, -122.57099], [38.0823, -122.56933], [38.0842, -122.56743]]], "type": "rancho", "layer": "micheltorena", "summary": "Rancho Nicasio was one of the largest land grants in Marin County, laid out on lands formerly attached to Mission San Rafael Arcangel following secularization. Its diseño depicts the interior hill country west of San Rafael.", "sources": [{"citation": "Diseño (Bancroft Land Case Maps)", "url": "../gallery/disenos.html#dise-o-del-rancho-nicasio-marin-co-calif--rec78769"}, {"citation": "Boundary: NAHC/CNRA California Land Grants (PLSS reconstruction)", "url": null}], "notes": null, "tags": ["Marin"]}}, {"type": "Feature", "geometry": {"type": "Point", "coordinates": [-122.63203, 38.14758]}, "properties": {"id": "rancho-corte-madera-de-novato-122", "register_no": null, "name": "Corte Madera de Novato (John (Juan) Martin)", "date": {"iso": "1839", "display": "1839", "confidence": "year"}, "coord_precision": "exact", "polygon": [[[38.14178, -122.69282], [38.11014, -122.6588], [38.11133, -122.60431], [38.13893, -122.60026], [38.14021, -122.60788], [38.14235, -122.60811], [38.15687, -122.60764], [38.16306, -122.61026], [38.16544, -122.61573], [38.16544, -122.62358], [38.16091, -122.62953], [38.18033, -122.66464], [38.14178, -122.69282]]], "type": "rancho", "layer": "alvarado", "summary": "Granted 1839 by Juan Alvarado to John (Juan) Martin. Present-day Marin County.", "sources": [{"citation": "Diseño (Bancroft Land Case Maps)", "url": "../gallery/disenos.html#dise-o-del-rancho-corte-madera-de-novato--rec78444"}, {"citation": "Boundary: NAHC/CNRA California Land Grants (PLSS reconstruction)", "url": null}], "notes": null, "tags": ["Marin"]}}, {"type": "Feature", "geometry": {"type": "Point", "coordinates": [-122.85794, 38.2085]}, "properties": {"id": "rancho-nicasio-123", "register_no": null, "name": "Nicasio (Pablo de la Guerra and John B.R. Cooper)", "date": {"iso": "1844", "display": "1844", "confidence": "year"}, "coord_precision": "exact", "polygon": [[[38.18875, -122.82526], [38.19803, -122.83454], [38.20232, -122.83478], [38.20565, -122.83216], [38.20541, -122.81789], [38.21421, -122.83335], [38.21374, -122.84716], [38.21612, -122.8493], [38.22397, -122.86167], [38.22421, -122.87642], [38.22088, -122.8857], [38.2254, -122.88642], [38.23254, -122.88546], [38.2392, -122.89593], [38.21778, -122.91426], [38.16924, -122.87024], [38.16683, -122.86718], [38.18875, -122.82526]]], "type": "rancho", "layer": "micheltorena", "summary": "Rancho Nicasio was one of the largest land grants in Marin County, laid out on lands formerly attached to Mission San Rafael Arcangel following secularization. Its diseño depicts the interior hill country west of San Rafael.", "sources": [{"citation": "Diseño (Bancroft Land Case Maps)", "url": "../gallery/disenos.html#dise-o-del-rancho-nicasio-marin-co-calif--rec78769"}, {"citation": "Boundary: NAHC/CNRA California Land Grants (PLSS reconstruction)", "url": null}], "notes": null, "tags": ["Marin"]}}, {"type": "Feature", "geometry": {"type": "Point", "coordinates": [-122.78017, 38.10189]}, "properties": {"id": "rancho-nicasio-124", "register_no": null, "name": "Nicasio (Pablo de la Guerra and John B.R. Cooper)", "date": {"iso": "1844", "display": "1844", "confidence": "year"}, "coord_precision": "exact", "polygon": [[[38.11642, -122.82455], [38.10952, -122.81337], [38.10238, -122.80837], [38.09572, -122.80528], [38.08834, -122.79909], [38.07811, -122.79148], [38.07502, -122.78719], [38.07882, -122.7822], [38.08406, -122.77244], [38.08739, -122.76602], [38.08739, -122.75935], [38.08634, -122.75398], [38.08658, -122.75112], [38.08634, -122.74517], [38.08801, -122.74041], [38.08753, -122.73423], [38.08539, -122.72423], [38.08729, -122.72257], [38.1425, -122.77693], [38.13807, -122.78686], [38.13545, -122.79043], [38.13284, -122.7959], [38.12879, -122.80114], [38.12522, -122.80851], [38.11927, -122.81898], [38.11642, -122.82455]]], "type": "rancho", "layer": "micheltorena", "summary": "Rancho Nicasio was one of the largest land grants in Marin County, laid out on lands formerly attached to Mission San Rafael Arcangel following secularization. Its diseño depicts the interior hill country west of San Rafael.", "sources": [{"citation": "Diseño (Bancroft Land Case Maps)", "url": "../gallery/disenos.html#dise-o-del-rancho-nicasio-marin-co-calif--rec78769"}, {"citation": "Boundary: NAHC/CNRA California Land Grants (PLSS reconstruction)", "url": null}], "notes": null, "tags": ["Marin"]}}, {"type": "Feature", "geometry": {"type": "Point", "coordinates": [-122.82183, 38.14318]}, "properties": {"id": "rancho-nicasio-125", "register_no": null, "name": "Nicasio (Pablo de la Guerra and John B.R. Cooper)", "date": {"iso": "1844", "display": "1844", "confidence": "year"}, "coord_precision": "exact", "polygon": [[[38.16683, -122.86718], [38.1621, -122.86119], [38.14378, -122.8493], [38.13022, -122.83859], [38.12261, -122.83216], [38.11642, -122.82455], [38.11927, -122.81898], [38.12522, -122.80851], [38.12879, -122.80114], [38.13284, -122.7959], [38.13545, -122.79043], [38.13807, -122.78686], [38.1425, -122.77693], [38.17115, -122.80513], [38.18875, -122.82526], [38.16683, -122.86718]]], "type": "rancho", "layer": "micheltorena", "summary": "Rancho Nicasio was one of the largest land grants in Marin County, laid out on lands formerly attached to Mission San Rafael Arcangel following secularization. Its diseño depicts the interior hill country west of San Rafael.", "sources": [{"citation": "Diseño (Bancroft Land Case Maps)", "url": "../gallery/disenos.html#dise-o-del-rancho-nicasio-marin-co-calif--rec78769"}, {"citation": "Boundary: NAHC/CNRA California Land Grants (PLSS reconstruction)", "url": null}], "notes": null, "tags": ["Marin"]}}, {"type": "Feature", "geometry": {"type": "Point", "coordinates": [-122.68345, 37.92938]}, "properties": {"id": "rancho-las-baulines-126", "register_no": null, "name": "Las Baulines (Gregorio Briones)", "date": {"iso": "1846", "display": "1846", "confidence": "year"}, "coord_precision": "exact", "polygon": [[[37.94164, -122.72424], [37.93572, -122.71776], [37.92811, -122.7111], [37.92026, -122.70539], [37.91954, -122.69753], [37.91645, -122.68706], [37.91383, -122.68088], [37.90431, -122.67284], [37.90266, -122.66879], [37.9086, -122.66089], [37.91954, -122.66327], [37.9262, -122.66755], [37.93691, -122.66779], [37.93786, -122.66517], [37.93786, -122.66184], [37.94786, -122.65923], [37.95214, -122.66636], [37.96711, -122.68361], [37.94164, -122.72424]]], "type": "rancho", "layer": "pico", "summary": "Granted 1846 by Pio Pico to Gregorio Briones. Present-day Marin County.", "sources": [{"citation": "Diseño (Bancroft Land Case Maps)", "url": "../gallery/disenos.html#dise-o-del-rancho-las-baulines-calif--rec78641-1"}, {"citation": "Boundary: NAHC/CNRA California Land Grants (PLSS reconstruction)", "url": null}], "notes": null, "tags": ["Marin"]}}, {"type": "Feature", "geometry": {"type": "Point", "coordinates": [-122.83307, 38.08809]}, "properties": {"id": "rancho-punta-de-los-reyes-127", "register_no": null, "name": "Punta de los Reyes (James Richard Berry)", "date": {"iso": "1836", "display": "1836", "confidence": "year"}, "coord_precision": "exact", "polygon": [[[38.07168, -122.80285], [38.0774, -122.81118], [38.0843, -122.81951], [38.0931, -122.82664], [38.0981, -122.82998], [38.10428, -122.83783], [38.11404, -122.84925], [38.12356, -122.85567], [38.12893, -122.86076], [38.10918, -122.89574], [38.04423, -122.83768], [38.04494, -122.83364], [38.06778, -122.79938], [38.07168, -122.80285]]], "type": "rancho", "layer": "interim", "summary": "This diseño maps the Point Reyes peninsula on the outer Marin coast, granted during the Mexican period. The Point Reyes ranchos later became the subject of extended United States land litigation before passing into large-scale dairy operations.", "sources": [{"citation": "Diseño (Bancroft Land Case Maps)", "url": "../gallery/disenos.html#dise-o-del-rancho-punta-de-los-reyes-marin-co-calif--rec79132"}, {"citation": "Boundary: NAHC/CNRA California Land Grants (PLSS reconstruction)", "url": null}], "notes": null, "tags": ["Marin"]}}, {"type": "Feature", "geometry": {"type": "Point", "coordinates": [-122.87026, 38.07219]}, "properties": {"id": "rancho-punta-de-los-reyes-sobrante-128", "register_no": null, "name": "Punta de los Reyes Sobrante (Antonio Maria Osio)", "date": {"iso": "1843", "display": "1843", "confidence": "year"}, "coord_precision": "exact", "polygon": [[[38.12893, -122.86076], [38.13236, -122.864], [38.13831, -122.86995], [38.1483, -122.8778], [38.15782, -122.8878], [38.1652, -122.89731], [38.1721, -122.90802], [38.17686, -122.91397], [38.18233, -122.91897], [38.18947, -122.92373], [38.19518, -122.92991], [38.1997, -122.93753], [38.20422, -122.94252], [38.2116, -122.95418], [38.22016, -122.96204], [38.22468, -122.96798], [38.23039, -122.97369], [38.23658, -122.9806], [38.23972, -122.98711], [38.23754, -122.98716], [38.17567, -122.95364], [38.11297, -122.9609], [38.00344, -123.01155], [37.99243, -122.9744], [38.00609, -122.96241], [38.01434, -122.9656], [38.02053, -122.96894], [38.02624, -122.96965], [38.03052, -122.96679], [38.03552, -122.96061], [38.04123, -122.95395], [38.0486, -122.94871], [38.05646, -122.94847], [38.06122, -122.95252], [38.06407, -122.95371], [38.06669, -122.95157], [38.06859, -122.94776], [38.07383, -122.94252], [38.08025, -122.94348], [38.08287, -122.94014], [38.08549, -122.93539], [38.08929, -122.92825], [38.09881, -122.92016], [38.10333, -122.91683], [38.09905, -122.91468], [38.0931, -122.91326], [38.08668, -122.91349], [38.07859, -122.91254], [38.07621, -122.90921], [38.07977, -122.90517], [38.09024, -122.89874], [38.09262, -122.89589], [38.09381, -122.89041], [38.08905, -122.89208], [38.0793, -122.89755], [38.07264, -122.90112], [38.06788, -122.90802], [38.06478, -122.92206], [38.05931, -122.92396], [38.05455, -122.92254], [38.05336, -122.91611], [38.05455, -122.90517], [38.05336, -122.89993], [38.04932, -122.89612], [38.05003, -122.88756], [38.05075, -122.88256], [38.04813, -122.87352], [38.04765, -122.87209], [38.04004, -122.86805], [38.03409, -122.86305], [38.02671, -122.85448], [38.02552, -122.84211], [38.0241, -122.83307], [38.02267, -122.82355], [37.9864, -122.77963], [37.95523, -122.74298], [37.94572, -122.72871], [37.94164, -122.72424], [37.96711, -122.68361], [37.97094, -122.68802], [37.97736, -122.6942], [37.97855, -122.70158], [37.98093, -122.70753], [37.98593, -122.71157], [37.9914, -122.71895], [37.99331, -122.72418], [37.99949, -122.73204], [38.00449, -122.73751], [38.00925, -122.74203], [38.01115, -122.74465], [38.01686, -122.74774], [38.02138, -122.75202], [38.02662, -122.76059], [38.02876, -122.76273], [38.0359, -122.76368], [38.04327, -122.76345], [38.04827, -122.76749], [38.05303, -122.77534], [38.05684, -122.78248], [38.06802, -122.78248], [38.07135, -122.78557], [38.0724, -122.79167], [38.07168, -122.80285], [38.06778, -122.79938], [38.04494, -122.83364], [38.04423, -122.83768], [38.10918, -122.89574], [38.12893, -122.86076]]], "type": "rancho", "layer": "micheltorena", "summary": "Granted 1843 by Manuel Micheltorena to Antonio Maria Osio. Present-day Marin County.", "sources": [{"citation": "Boundary: NAHC/CNRA California Land Grants (PLSS reconstruction)", "url": null}], "notes": null, "tags": ["Marin"]}}, {"type": "Feature", "geometry": {"type": "Point", "coordinates": [-122.34718, 37.20513]}, "properties": {"id": "rancho-punta-del-ano-nuevo-129", "register_no": null, "name": "Punta del Año Nuevo (Simeon Castro)", "date": {"iso": "1842", "display": "1842", "confidence": "year"}, "coord_precision": "exact", "polygon": [[[37.23866, -122.41502], [37.18725, -122.39708], [37.1441, -122.34404], [37.11546, -122.32298], [37.10656, -122.29824], [37.1368, -122.27749], [37.16345, -122.29774], [37.17502, -122.30155], [37.18964, -122.30338], [37.20213, -122.30444], [37.20822, -122.30718], [37.22314, -122.32698], [37.23198, -122.33993], [37.23725, -122.34381], [37.24169, -122.34996], [37.24226, -122.35833], [37.24188, -122.3648], [37.23788, -122.37013], [37.23541, -122.37432], [37.24035, -122.37927], [37.24074, -122.38841], [37.2394, -122.40497], [37.23866, -122.41502]]], "type": "rancho", "layer": "alvarado", "summary": "Granted 1842 by Juan Alvarado to Simeon Castro. Present-day San Mateo County.", "sources": [{"citation": "Diseño (Bancroft Land Case Maps)", "url": "../gallery/disenos.html#dise-o-del-rancho-punta-del-a-o-nuevo-calif--rec79032-1"}, {"citation": "Boundary: NAHC/CNRA California Land Grants (PLSS reconstruction)", "url": null}], "notes": null, "tags": ["San Mateo"]}}, {"type": "Feature", "geometry": {"type": "Point", "coordinates": [-122.0663, 37.05017]}, "properties": {"id": "rancho-san-agustin-130", "register_no": null, "name": "San Agustin (José Antonio Bolcoff)", "date": {"iso": "1833", "display": "1833", "confidence": "year"}, "coord_precision": "exact", "polygon": [[[37.04558, -122.08671], [37.00979, -122.0398], [37.00964, -122.00158], [37.04162, -122.00173], [37.06522, -122.04589], [37.06644, -122.06584], [37.06538, -122.07178], [37.06431, -122.07437], [37.06187, -122.07681], [37.05807, -122.07833], [37.057, -122.0794], [37.05593, -122.08275], [37.05411, -122.08777], [37.05121, -122.09082], [37.05091, -122.09051], [37.04558, -122.08671]]], "type": "rancho", "layer": "figueroa", "summary": "Granted 1833 by José Figueroa to José Antonio Bolcoff. Present-day Santa Cruz County.", "sources": [{"citation": "Boundary: NAHC/CNRA California Land Grants (PLSS reconstruction)", "url": null}], "notes": null, "tags": ["Santa Cruz"]}}, {"type": "Feature", "geometry": {"type": "Point", "coordinates": [-122.0716, 36.98273]}, "properties": {"id": "rancho-refugio-131", "register_no": null, "name": "Refugio (María Candida; Jacinta; and María de los Angeles Castro)", "date": {"iso": "1839", "display": "1839", "confidence": "year"}, "coord_precision": "exact", "polygon": [[[37.00979, -122.0398], [37.04558, -122.08671], [36.98326, -122.15315], [36.95596, -122.10599], [36.9536, -122.06733], [36.95194, -122.04015], [36.95193, -122.03986], [37.00979, -122.0398]]], "type": "rancho", "layer": "alvarado", "summary": "Granted 1839 by Juan Alvarado to María Candida; Jacinta; and María de los Angeles Castro. Present-day Santa Cruz County.", "sources": [{"citation": "Diseño (Bancroft Land Case Maps)", "url": "../gallery/disenos.html#dise-o-del-rancho-del-refugio-o-pastoria-de-las-borregas-san--rec78456"}, {"citation": "Boundary: NAHC/CNRA California Land Grants (PLSS reconstruction)", "url": null}], "notes": null, "tags": ["Santa Cruz"]}}, {"type": "Feature", "geometry": {"type": "Point", "coordinates": [-122.01748, 37.07133]}, "properties": {"id": "rancho-canada-del-rincon-en-el-rio-de-san-lorenzo-de-sa-132", "register_no": null, "name": "Canada del Rincon en el Rio de San Lorenzo de Santa Cruz (Pedro Sansevain)", "date": {"iso": "1843", "display": "1843", "confidence": "year"}, "coord_precision": "exact", "polygon": [[[37.04478, -122.00763], [37.08523, -121.971], [37.0866, -122.00054], [37.08371, -122.00404], [37.0796, -122.00739], [37.0764, -122.01014], [37.07366, -122.0144], [37.07244, -122.01943], [37.07168, -122.02521], [37.07214, -122.02948], [37.07351, -122.03572], [37.07275, -122.04059], [37.06742, -122.04318], [37.06522, -122.04589], [37.04478, -122.00763]]], "type": "rancho", "layer": "micheltorena", "summary": "Granted 1843 by Manuel Micheltorena to Pedro Sansevain. Present-day Santa Cruz County.", "sources": [{"citation": "Diseño (Bancroft Land Case Maps)", "url": "../gallery/disenos.html#dise-o-del-rancho-ca-ada-del-rincon-en-el-rio-de-san-lorenzo--rec78451-1"}, {"citation": "Boundary: NAHC/CNRA California Land Grants (PLSS reconstruction)", "url": null}], "notes": null, "tags": ["Santa Cruz"]}}, {"type": "Feature", "geometry": {"type": "Point", "coordinates": [-121.59892, 37.08827]}, "properties": {"id": "rancho-san-francisco-de-las-llagas-133", "register_no": null, "name": "San Francisco de las Llagas (Carlos Castro)", "date": {"iso": "1834", "display": "1834", "confidence": "year"}, "coord_precision": "exact", "polygon": [[[37.13016, -121.56115], [37.11103, -121.63282], [37.10027, -121.64807], [37.09532, -121.65509], [37.05421, -121.65338], [37.04429, -121.61362], [37.05214, -121.54509], [37.07689, -121.51987], [37.13016, -121.56115]]], "type": "rancho", "layer": "figueroa", "summary": "Granted 1834 by José Figueroa to Carlos Castro. Present-day Santa Clara County.", "sources": [{"citation": "Diseño (Bancroft Land Case Maps)", "url": "../gallery/disenos.html#dise-o-del-rancho-san-francisco-de-las-llagas-san-clara-co-c--rec79077"}, {"citation": "Boundary: NAHC/CNRA California Land Grants (PLSS reconstruction)", "url": null}], "notes": null, "tags": ["Santa Clara"]}}, {"type": "Feature", "geometry": {"type": "Point", "coordinates": [-121.64315, 37.03813]}, "properties": {"id": "rancho-solis-134", "register_no": null, "name": "Solis (Mariano Castro)", "date": {"iso": "1831", "display": "1831", "confidence": "year"}, "coord_precision": "exact", "polygon": [[[37.05421, -121.65338], [37.04905, -121.65859], [37.04595, -121.66383], [37.04619, -121.67311], [37.05166, -121.67977], [37.0569, -121.68643], [37.06285, -121.69214], [37.06047, -121.70737], [37.02668, -121.67477], [37.02406, -121.6693], [37.02145, -121.66407], [37.0224, -121.65836], [37.02835, -121.65098], [37.03192, -121.64313], [37.03382, -121.6329], [37.02835, -121.61791], [37.02192, -121.61124], [37.01907, -121.60339], [37.0155, -121.59554], [37.01907, -121.57722], [37.04844, -121.57739], [37.04838, -121.57789], [37.04429, -121.61362], [37.05421, -121.65338]]], "type": "rancho", "layer": "figueroa", "summary": "Granted 1831 by Jose Figueroa to Mariano Castro. Present-day Santa Clara County.", "sources": [{"citation": "Diseño (Bancroft Land Case Maps)", "url": "../gallery/disenos.html#dise-o-del-rancho-solis-santa-clara-co-calif--rec78730"}, {"citation": "Boundary: NAHC/CNRA California Land Grants (PLSS reconstruction)", "url": null}], "notes": null, "tags": ["Santa Clara"]}}, {"type": "Feature", "geometry": {"type": "Point", "coordinates": [-121.52269, 37.06512]}, "properties": {"id": "rancho-la-polka-135", "register_no": null, "name": "La Polka (Ysabel Ortega)", "date": {"iso": "1833", "display": "1833", "confidence": "year"}, "coord_precision": "exact", "polygon": [[[37.0481, -121.55889], [37.04524, -121.55628], [37.04143, -121.55699], [37.0381, -121.55318], [37.03501, -121.54581], [37.03096, -121.53629], [37.02787, -121.53129], [37.02977, -121.5263], [37.03667, -121.52344], [37.045, -121.51749], [37.04762, -121.51273], [37.05071, -121.50417], [37.05476, -121.50179], [37.05952, -121.49703], [37.06499, -121.49084], [37.07022, -121.4868], [37.07356, -121.4868], [37.0795, -121.49298], [37.08379, -121.49846], [37.08736, -121.50107], [37.09069, -121.5025], [37.0945, -121.50845], [37.09521, -121.51345], [37.0983, -121.51749], [37.10021, -121.51987], [37.09949, -121.52701], [37.09949, -121.52915], [37.09685, -121.53534], [37.09624, -121.53487], [37.07689, -121.51987], [37.05214, -121.54509], [37.05064, -121.5582], [37.0481, -121.55889]]], "type": "rancho", "layer": "figueroa", "summary": "Granted 1833 by José Figueroa to Ysabel Ortega. Present-day Santa Clara County.", "sources": [{"citation": "Diseño (Bancroft Land Case Maps)", "url": "../gallery/disenos.html#survey-of-land-grants-in-santa-clara-county-calif-including---rec79735-1"}, {"citation": "Boundary: NAHC/CNRA California Land Grants (PLSS reconstruction)", "url": null}], "notes": null, "tags": ["Santa Clara"]}}, {"type": "Feature", "geometry": {"type": "Point", "coordinates": [-121.95281, 36.98992]}, "properties": {"id": "rancho-soquel-136", "register_no": null, "name": "Soquel (Martina Castro)", "date": {"iso": "1833", "display": "1833", "confidence": "year"}, "coord_precision": "exact", "polygon": [[[37.01295, -121.9708], [37.00265, -121.9703], [36.9829, -121.96769], [36.96842, -121.96297], [36.96883, -121.96146], [36.97145, -121.95168], [36.96916, -121.91011], [37.01999, -121.90947], [37.01295, -121.9708]]], "type": "rancho", "layer": "figueroa", "summary": "Granted 1833 by José Figueroa to Martina Castro. Present-day Santa Cruz County.", "sources": [{"citation": "Diseño (Bancroft Land Case Maps)", "url": "../gallery/disenos.html#dise-o-del-rancho-soquel-santa-cruz-co-calif--rec78715"}, {"citation": "Boundary: NAHC/CNRA California Land Grants (PLSS reconstruction)", "url": null}], "notes": null, "tags": ["Santa Cruz"]}}, {"type": "Feature", "geometry": {"type": "Point", "coordinates": [-121.87889, 36.98174]}, "properties": {"id": "rancho-aptos-137", "register_no": null, "name": "Aptos (Rafael Castro)", "date": {"iso": "1833", "display": "1833", "confidence": "year"}, "coord_precision": "exact", "polygon": [[[36.9449, -121.87805], [36.97148, -121.84633], [37.01339, -121.84693], [37.01516, -121.85576], [37.02597, -121.90939], [36.96916, -121.91011], [36.96895, -121.90648], [36.9449, -121.87805]]], "type": "rancho", "layer": "figueroa", "summary": "Granted 1833 by José Figueroa to Rafael Castro. Present-day Santa Cruz County.", "sources": [{"citation": "Diseño (Bancroft Land Case Maps)", "url": "../gallery/disenos.html#dise-o-del-rancho-aptos-calif--rec78880"}, {"citation": "Boundary: NAHC/CNRA California Land Grants (PLSS reconstruction)", "url": null}], "notes": null, "tags": ["Santa Cruz"]}}, {"type": "Feature", "geometry": {"type": "Point", "coordinates": [-121.90841, 37.04562]}, "properties": {"id": "rancho-soquel-138", "register_no": null, "name": "Soquel (Martina Castro)", "date": {"iso": "1833", "display": "1833", "confidence": "year"}, "coord_precision": "exact", "polygon": [[[37.0128, -121.84382], [37.01193, -121.83937], [37.02397, -121.83878], [37.11496, -121.83801], [37.15279, -121.98077], [37.07831, -121.94508], [37.06832, -121.9546], [37.06047, -121.96079], [37.04714, -121.96721], [37.02739, -121.97149], [37.01295, -121.9708], [37.01999, -121.90947], [37.02597, -121.90939], [37.01456, -121.85278], [37.0128, -121.84382]]], "type": "rancho", "layer": "figueroa", "summary": "Granted 1833 by José Figueroa to Martina Castro. Present-day Santa Cruz County.", "sources": [{"citation": "Diseño (Bancroft Land Case Maps)", "url": "../gallery/disenos.html#dise-o-del-rancho-soquel-santa-cruz-co-calif--rec78715"}, {"citation": "Boundary: NAHC/CNRA California Land Grants (PLSS reconstruction)", "url": null}], "notes": null, "tags": ["Santa Cruz"]}}, {"type": "Feature", "geometry": {"type": "Point", "coordinates": [-121.81705, 36.92649]}, "properties": {"id": "rancho-san-andres-139", "register_no": null, "name": "San Andrés (José Joaquín Castro)", "date": {"iso": "1833", "display": "1833", "confidence": "year"}, "coord_precision": "exact", "polygon": [[[36.85005, -121.81275], [36.86901, -121.79213], [36.8752, -121.79689], [36.88566, -121.80641], [36.89566, -121.80927], [36.90375, -121.80237], [36.9097, -121.79237], [36.91422, -121.78642], [36.93617, -121.78568], [36.93617, -121.79651], [36.9652, -121.79663], [37.01193, -121.83937], [37.0128, -121.84382], [37.01339, -121.84693], [36.97148, -121.84633], [36.9449, -121.87805], [36.93156, -121.86228], [36.85005, -121.81275]]], "type": "rancho", "layer": "figueroa", "summary": "Granted 1833 by José Figueroa to José Joaquín Castro. Present-day Santa Cruz County.", "sources": [{"citation": "Diseño (Bancroft Land Case Maps)", "url": "../gallery/disenos.html#dise-o-de-san-andr-s-calif-by-james-wicks-now-in-san-jos--rec78846"}, {"citation": "Boundary: NAHC/CNRA California Land Grants (PLSS reconstruction)", "url": null}], "notes": null, "tags": ["Santa Cruz"]}}, {"type": "Feature", "geometry": {"type": "Point", "coordinates": [-121.77038, 36.90846]}, "properties": {"id": "rancho-bolsa-del-pajaro-140", "register_no": null, "name": "Bolsa del Pajaro (Sebastian Rodriguez)", "date": {"iso": "1837", "display": "1837", "confidence": "year"}, "coord_precision": "exact", "polygon": [[[36.91422, -121.78642], [36.9097, -121.79237], [36.90375, -121.80237], [36.89566, -121.80927], [36.88566, -121.80641], [36.8752, -121.79689], [36.86901, -121.79213], [36.87044, -121.78714], [36.87305, -121.78404], [36.88757, -121.77286], [36.8997, -121.76025], [36.91469, -121.74574], [36.91969, -121.73217], [36.92088, -121.72242], [36.93896, -121.72408], [36.94658, -121.73265], [36.94491, -121.74478], [36.93873, -121.75811], [36.93206, -121.76596], [36.92302, -121.77548], [36.91422, -121.78642]]], "type": "rancho", "layer": "alvarado", "summary": "Granted 1837 by Juan Alvarado to Sebastian Rodriguez. Present-day Santa Cruz County.", "sources": [{"citation": "Diseño (Bancroft Land Case Maps)", "url": "../gallery/disenos.html#dise-o-del-rancho-bolsa-del-pajaro-calif--rec78936-1"}, {"citation": "Boundary: NAHC/CNRA California Land Grants (PLSS reconstruction)", "url": null}], "notes": null, "tags": ["Santa Cruz"]}}, {"type": "Feature", "geometry": {"type": "Point", "coordinates": [-121.68202, 36.95625]}, "properties": {"id": "rancho-salsipuedes-141", "register_no": null, "name": "Salsipuedes (Manuel Jimeno Casarin)", "date": {"iso": "1834", "display": "1834", "confidence": "year"}, "coord_precision": "exact", "polygon": [[[36.94658, -121.73265], [36.93896, -121.72408], [36.92088, -121.72242], [36.91707, -121.71385], [36.91517, -121.70005], [36.91588, -121.6922], [36.92041, -121.68577], [36.92159, -121.67911], [36.9185, -121.67435], [36.91707, -121.6646], [36.92041, -121.65532], [36.91803, -121.65032], [36.91636, -121.64627], [36.9185, -121.64247], [36.92207, -121.63557], [36.92064, -121.62724], [36.91755, -121.62105], [36.91279, -121.61796], [36.91184, -121.61011], [36.90518, -121.59892], [36.93492, -121.58988], [36.9442, -121.61034], [36.95848, -121.60987], [36.96847, -121.61605], [36.98513, -121.63176], [36.9956, -121.65436], [37.00892, -121.67649], [37.02724, -121.70409], [37.04485, -121.7248], [37.06246, -121.75359], [37.06579, -121.7662], [37.03176, -121.76644], [37.032, -121.7524], [37.00963, -121.7524], [36.98632, -121.75264], [36.98632, -121.73907], [36.95467, -121.73907], [36.95491, -121.73241], [36.94658, -121.73265]]], "type": "rancho", "layer": "figueroa", "summary": "Granted 1834 by José Figueroa to Manuel Jimeno Casarin. Present-day Santa Cruz County.", "sources": [{"citation": "Diseño (Bancroft Land Case Maps)", "url": "../gallery/disenos.html#dise-o-del-rancho-ca-ada-de-salsipuedes-calif--rec78788"}, {"citation": "Boundary: NAHC/CNRA California Land Grants (PLSS reconstruction)", "url": null}], "notes": null, "tags": ["Santa Cruz"]}}, {"type": "Feature", "geometry": {"type": "Point", "coordinates": [-121.7303, 36.89036]}, "properties": {"id": "rancho-bolsa-de-san-cayetano-142", "register_no": null, "name": "Bolsa de San Cayetano (Ygnacio Vallejo)", "date": {"iso": "1824", "display": "1824", "confidence": "year"}, "coord_precision": "exact", "polygon": [[[36.87044, -121.78714], [36.86711, -121.77857], [36.8652, -121.76001], [36.85687, -121.73907], [36.86853, -121.74026], [36.87282, -121.73741], [36.87686, -121.73265], [36.87757, -121.72384], [36.87686, -121.71552], [36.88138, -121.71385], [36.88495, -121.7129], [36.88733, -121.71694], [36.88971, -121.72075], [36.89161, -121.72289], [36.89471, -121.72218], [36.89709, -121.71885], [36.89851, -121.71552], [36.89756, -121.71028], [36.89756, -121.70719], [36.90161, -121.69696], [36.90137, -121.69458], [36.90185, -121.69148], [36.91588, -121.6922], [36.91517, -121.70005], [36.91707, -121.71385], [36.92088, -121.72242], [36.91969, -121.73217], [36.91469, -121.74574], [36.8997, -121.76025], [36.88757, -121.77286], [36.87305, -121.78404], [36.87044, -121.78714]]], "type": "rancho", "layer": "echeandia", "summary": "Granted 1824 by Luís Antonio Argüello to Ygnacio Vallejo. Present-day Monterey County.", "sources": [{"citation": "Diseño (Bancroft Land Case Maps)", "url": "../gallery/disenos.html#plat-of-the-bolsa-de-san-cayetano-calif-finally-confirmed-to--rec79267-1"}, {"citation": "Boundary: NAHC/CNRA California Land Grants (PLSS reconstruction)", "url": null}], "notes": null, "tags": ["Monterey"]}}, {"type": "Feature", "geometry": {"type": "Point", "coordinates": [-121.66461, 36.90526]}, "properties": {"id": "rancho-vega-del-rio-del-pajaro-143", "register_no": null, "name": "Vega del Rio del Pajaro (Antonio Maria Castro)", "date": {"iso": "1821", "display": "1821", "confidence": "year"}, "coord_precision": "exact", "polygon": [[[36.9185, -121.67435], [36.92159, -121.67911], [36.92041, -121.68577], [36.91588, -121.6922], [36.90185, -121.69148], [36.90026, -121.68694], [36.89873, -121.68039], [36.89508, -121.6743], [36.89188, -121.67201], [36.89005, -121.67262], [36.88762, -121.67445], [36.88031, -121.67521], [36.88031, -121.64034], [36.88244, -121.63836], [36.89965, -121.63699], [36.90863, -121.63653], [36.9189, -121.64169], [36.9185, -121.64247], [36.91636, -121.64627], [36.91803, -121.65032], [36.92041, -121.65532], [36.91707, -121.6646], [36.9185, -121.67435]]], "type": "rancho", "layer": "spanish", "summary": "Granted 1821 by Pablo Vicente de Solá to Antonio Maria Castro. Present-day Monterey County.", "sources": [{"citation": "Diseño (Bancroft Land Case Maps)", "url": "../gallery/disenos.html#dise-o-del-rancho-vega-del-rio-del-pajaro-calif--rec79351-1"}, {"citation": "Boundary: NAHC/CNRA California Land Grants (PLSS reconstruction)", "url": null}], "notes": null, "tags": ["Monterey"]}}, {"type": "Feature", "geometry": {"type": "Point", "coordinates": [-121.60505, 36.90536]}, "properties": {"id": "rancho-las-aromitas-y-agua-caliente-144", "register_no": null, "name": "Las Aromitas y Agua Caliente (Juan Miguel Anzar)", "date": {"iso": "1835", "display": "1835", "confidence": "year"}, "coord_precision": "exact", "polygon": [[[36.92036, -121.59431], [36.91977, -121.59449], [36.90518, -121.59892], [36.91184, -121.61011], [36.91279, -121.61796], [36.91755, -121.62105], [36.92064, -121.62724], [36.92207, -121.63557], [36.9189, -121.64169], [36.90863, -121.63653], [36.89965, -121.63699], [36.88244, -121.63836], [36.86462, -121.62072], [36.86614, -121.58143], [36.87178, -121.57367], [36.88655, -121.56605], [36.89965, -121.56803], [36.9167, -121.57686], [36.9234, -121.58387], [36.92356, -121.58798], [36.92036, -121.59431]]], "type": "rancho", "layer": "interim", "summary": "Granted 1835 by José Castro to Juan Miguel Anzar. Present-day San Benito County.", "sources": [{"citation": "Diseño (Bancroft Land Case Maps)", "url": "../gallery/disenos.html#dise-o-del-rancho-las-aromitas-y-agua-caliente-calif--rec78849"}, {"citation": "Boundary: NAHC/CNRA California Land Grants (PLSS reconstruction)", "url": null}], "notes": null, "tags": ["San Benito"]}}, {"type": "Feature", "geometry": {"type": "Point", "coordinates": [-121.5966, 36.84705]}, "properties": {"id": "rancho-los-carneros-145", "register_no": null, "name": "Los Carneros (María Antonia Linares)", "date": {"iso": "1842", "display": "1842", "confidence": "year"}, "coord_precision": "exact", "polygon": [[[36.86614, -121.58143], [36.86462, -121.62072], [36.81924, -121.60747], [36.81909, -121.59194], [36.86614, -121.58143]]], "type": "rancho", "layer": "alvarado", "summary": "Granted 1842 by Juan Alvarado to María Antonia Linares. Present-day Monterey County.", "sources": [{"citation": "Diseño (Bancroft Land Case Maps)", "url": "../gallery/disenos.html#dise-o-del-rancho-entre-napa-or-rincon-de-los-carneros-calif--rec78632"}, {"citation": "Boundary: NAHC/CNRA California Land Grants (PLSS reconstruction)", "url": null}], "notes": null, "tags": ["Monterey"]}}, {"type": "Feature", "geometry": {"type": "Point", "coordinates": [-121.52164, 36.89873]}, "properties": {"id": "rancho-lomerias-muertas-146", "register_no": null, "name": "Lomerias Muertas (José Castro)", "date": {"iso": "1842", "display": "1842", "confidence": "year"}, "coord_precision": "exact", "polygon": [[[36.9128, -121.47535], [36.91768, -121.48281], [36.92879, -121.49728], [36.93519, -121.51083], [36.93854, -121.52073], [36.939, -121.53505], [36.9361, -121.53931], [36.9291, -121.54586], [36.92468, -121.54921], [36.91996, -121.55241], [36.91265, -121.55347], [36.90336, -121.55225], [36.89925, -121.54936], [36.89453, -121.54571], [36.88935, -121.54464], [36.88478, -121.54327], [36.88021, -121.54266], [36.87397, -121.54083], [36.87016, -121.53672], [36.86544, -121.52789], [36.86453, -121.52225], [36.86605, -121.51525], [36.86849, -121.50733], [36.86758, -121.50291], [36.8656, -121.49423], [36.87016, -121.49332], [36.88859, -121.48906], [36.90382, -121.48236], [36.9128, -121.47535]]], "type": "rancho", "layer": "alvarado", "summary": "Granted 1842 by Juan Alvarado to José Castro. Present-day San Benito County.", "sources": [{"citation": "Diseño (Bancroft Land Case Maps)", "url": "../gallery/disenos.html#dise-o-del-rancho-lomerias-muertas-calif--rec78521"}, {"citation": "Boundary: NAHC/CNRA California Land Grants (PLSS reconstruction)", "url": null}], "notes": null, "tags": ["San Benito"]}}, {"type": "Feature", "geometry": {"type": "Point", "coordinates": [-121.43762, 36.84971]}, "properties": {"id": "rancho-san-justo-147", "register_no": null, "name": "San Justo (José Castro)", "date": {"iso": "1839", "display": "1839", "confidence": "year"}, "coord_precision": "exact", "polygon": [[[36.8656, -121.49423], [36.85554, -121.49597], [36.84077, -121.49734], [36.78233, -121.38599], [36.78491, -121.38096], [36.78948, -121.37548], [36.79588, -121.36969], [36.8003, -121.36817], [36.80151, -121.36726], [36.80182, -121.35584], [36.88162, -121.35584], [36.9206, -121.46761], [36.91634, -121.47218], [36.9128, -121.47535], [36.90382, -121.48236], [36.88859, -121.48906], [36.87016, -121.49332], [36.86688, -121.49398], [36.8656, -121.49423]]], "type": "rancho", "layer": "alvarado", "summary": "Granted 1839 by Juan Alvarado to José Castro. Present-day San Benito County.", "sources": [{"citation": "Diseño (Bancroft Land Case Maps)", "url": "../gallery/disenos.html#dise-o-del-rancho-san-justo-calif--rec78911-1"}, {"citation": "Boundary: NAHC/CNRA California Land Grants (PLSS reconstruction)", "url": null}], "notes": null, "tags": ["San Benito"]}}, {"type": "Feature", "geometry": {"type": "Point", "coordinates": [-121.53878, 36.67067]}, "properties": {"id": "rancho-el-alisal-148", "register_no": null, "name": "El Alisal (Feliciano Soberanes)", "date": {"iso": "1834", "display": "1834", "confidence": "year"}, "coord_precision": "exact", "polygon": [[[36.65651, -121.56614], [36.64394, -121.5415], [36.64135, -121.51873], [36.64846, -121.52175], [36.69795, -121.52056], [36.70561, -121.53171], [36.70152, -121.54222], [36.68415, -121.54031], [36.65651, -121.56614]]], "type": "rancho", "layer": "figueroa", "summary": "Granted 1834 by José Figueroa to Feliciano Soberanes. Present-day Monterey County.", "sources": [{"citation": "Diseño (Bancroft Land Case Maps)", "url": "../gallery/disenos.html#plat-of-the-alisal-rancho-calif-finally-confirmed-to-m-t-de---rec79359-1"}, {"citation": "Boundary: NAHC/CNRA California Land Grants (PLSS reconstruction)", "url": null}], "notes": null, "tags": ["Monterey"]}}, {"type": "Feature", "geometry": {"type": "Point", "coordinates": [-121.61892, 36.72022]}, "properties": {"id": "rancho-sausal-149", "register_no": null, "name": "Sausal (Jose Tiburcio Castro)", "date": {"iso": "1834", "display": "1834", "confidence": "year"}, "coord_precision": "exact", "polygon": [[[36.72264, -121.54788], [36.72817, -121.55292], [36.73436, -121.55602], [36.73693, -121.55675], [36.73816, -121.56791], [36.74102, -121.58909], [36.74316, -121.60265], [36.74316, -121.61408], [36.74102, -121.62859], [36.73745, -121.64453], [36.73293, -121.65072], [36.72746, -121.65952], [36.71913, -121.66452], [36.7127, -121.665], [36.7058, -121.66428], [36.7039, -121.66047], [36.70747, -121.65453], [36.70937, -121.6462], [36.70699, -121.64287], [36.70128, -121.64239], [36.69272, -121.63882], [36.68986, -121.63073], [36.68708, -121.62572], [36.72264, -121.54788]]], "type": "rancho", "layer": "figueroa", "summary": "Granted 1834 by José Figueroa to Jose Tiburcio Castro. Present-day Monterey County.", "sources": [{"citation": "Diseño (Bancroft Land Case Maps)", "url": "../gallery/disenos.html#dise-o-del-rancho-sausal-redondo-calif--rec79338"}, {"citation": "Boundary: NAHC/CNRA California Land Grants (PLSS reconstruction)", "url": null}], "notes": null, "tags": ["Monterey"]}}, {"type": "Feature", "geometry": {"type": "Point", "coordinates": [-121.56832, 36.69582]}, "properties": {"id": "rancho-el-alisal-150", "register_no": null, "name": "El Alisal (Feliciano Soberanes)", "date": {"iso": "1834", "display": "1834", "confidence": "year"}, "coord_precision": "exact", "polygon": [[[36.68708, -121.62572], [36.6851, -121.62217], [36.65651, -121.56614], [36.68415, -121.54031], [36.70152, -121.54222], [36.70561, -121.53171], [36.70842, -121.53579], [36.72008, -121.54555], [36.72264, -121.54788], [36.68708, -121.62572]]], "type": "rancho", "layer": "figueroa", "summary": "Granted 1834 by José Figueroa to Feliciano Soberanes. Present-day Monterey County.", "sources": [{"citation": "Diseño (Bancroft Land Case Maps)", "url": "../gallery/disenos.html#plat-of-the-alisal-rancho-calif-finally-confirmed-to-m-t-de---rec79359-1"}, {"citation": "Boundary: NAHC/CNRA California Land Grants (PLSS reconstruction)", "url": null}], "notes": null, "tags": ["Monterey"]}}, {"type": "Feature", "geometry": {"type": "Point", "coordinates": [-121.61029, 36.64298]}, "properties": {"id": "rancho-llano-de-buena-vista-151", "register_no": null, "name": "Llano de Buena Vista (José Mariano Estrada)", "date": {"iso": "1823", "display": "1823", "confidence": "year"}, "coord_precision": "exact", "polygon": [[[36.65651, -121.56614], [36.68708, -121.62572], [36.6832, -121.63216], [36.67796, -121.63763], [36.67011, -121.64501], [36.66226, -121.65096], [36.64989, -121.65524], [36.64251, -121.65476], [36.63632, -121.64905], [36.63204, -121.64215], [36.63156, -121.63406], [36.62966, -121.63026], [36.62538, -121.62526], [36.62038, -121.61289], [36.62086, -121.6017], [36.62252, -121.59147], [36.62419, -121.58171], [36.62205, -121.57291], [36.61776, -121.56672], [36.63109, -121.56625], [36.64037, -121.56458], [36.64822, -121.56387], [36.65651, -121.56614]]], "type": "rancho", "layer": "echeandia", "summary": "Granted 1823 by Luís Antonio Argüello to José Mariano Estrada. Present-day Monterey County.", "sources": [{"citation": "Boundary: NAHC/CNRA California Land Grants (PLSS reconstruction)", "url": null}], "notes": null, "tags": ["Monterey"]}}, {"type": "Feature", "geometry": {"type": "Point", "coordinates": [-121.7351, 36.70172]}, "properties": {"id": "rancho-las-salinas-152", "register_no": null, "name": "Las Salinas (Gabriel Espinoza)", "date": {"iso": "1836", "display": "1836", "confidence": "year"}, "coord_precision": "exact", "polygon": [[[36.67772, -121.70102], [36.67868, -121.69721], [36.68129, -121.69959], [36.68201, -121.70031], [36.68225, -121.70459], [36.68177, -121.70911], [36.687, -121.71506], [36.68891, -121.7191], [36.68867, -121.72482], [36.69176, -121.72815], [36.69843, -121.73005], [36.70437, -121.73076], [36.70771, -121.736], [36.71175, -121.73957], [36.71675, -121.7341], [36.72103, -121.73148], [36.72603, -121.73314], [36.73055, -121.736], [36.7365, -121.73576], [36.73745, -121.73838], [36.7365, -121.74433], [36.73102, -121.75242], [36.7265, -121.76408], [36.72103, -121.77193], [36.71532, -121.77693], [36.69771, -121.78359], [36.69462, -121.78264], [36.68796, -121.76979], [36.68034, -121.76003], [36.67868, -121.74599], [36.67701, -121.72624], [36.67772, -121.70102]]], "type": "rancho", "layer": "interim", "summary": "Granted 1836 by Nicolás Gutiérrez to Gabriel Espinoza. Present-day Monterey County.", "sources": [{"citation": "Diseño (Bancroft Land Case Maps)", "url": "../gallery/disenos.html#dise-o-del-rancho-las-salinas-calif--rec78873"}, {"citation": "Boundary: NAHC/CNRA California Land Grants (PLSS reconstruction)", "url": null}], "notes": null, "tags": ["Monterey"]}}, {"type": "Feature", "geometry": {"type": "Point", "coordinates": [-121.7485, 36.75377]}, "properties": {"id": "rancho-bolsa-del-potrero-y-moro-cojo-153", "register_no": null, "name": "Bolsa del Potrero y Moro Cojo (Joaquín de la Torre)", "date": {"iso": "1844", "display": "1844", "confidence": "year"}, "coord_precision": "exact", "polygon": [[[36.73102, -121.75242], [36.7365, -121.74433], [36.73745, -121.73838], [36.7365, -121.73576], [36.73055, -121.736], [36.72603, -121.73314], [36.72103, -121.73148], [36.72198, -121.72434], [36.73483, -121.70483], [36.74007, -121.7103], [36.74768, -121.71125], [36.75244, -121.71458], [36.75601, -121.71958], [36.76029, -121.72148], [36.76505, -121.7241], [36.7691, -121.7291], [36.77481, -121.73624], [36.77909, -121.73909], [36.78195, -121.74409], [36.78218, -121.74766], [36.78171, -121.75456], [36.78195, -121.75741], [36.7867, -121.76265], [36.79551, -121.77145], [36.80277, -121.7933], [36.77755, -121.79684], [36.75602, -121.80085], [36.75934, -121.77788], [36.76172, -121.76907], [36.75791, -121.76289], [36.75173, -121.76384], [36.74459, -121.76574], [36.73983, -121.76693], [36.73983, -121.76408], [36.74292, -121.76003], [36.74697, -121.75646], [36.74816, -121.75313], [36.74649, -121.75123], [36.74364, -121.75099], [36.74102, -121.75242], [36.7365, -121.7548], [36.73102, -121.75242]]], "type": "rancho", "layer": "micheltorena", "summary": "Granted 1844 by Manuel Micheltorena to Joaquín de la Torre. Present-day Monterey County.", "sources": [{"citation": "Diseño (Bancroft Land Case Maps)", "url": "../gallery/disenos.html#dise-o-del-rancho-bolsa-del-potrero-y-moro-cojo-or-la-sagrad--rec79251"}, {"citation": "Boundary: NAHC/CNRA California Land Grants (PLSS reconstruction)", "url": null}], "notes": null, "tags": ["Monterey"]}}, {"type": "Feature", "geometry": {"type": "Point", "coordinates": [-121.68824, 36.7164]}, "properties": {"id": "rancho-rincon-de-sanjon-154", "register_no": null, "name": "Rincon de Sanjon (Jose Eusebio Boronda)", "date": {"iso": "1840", "display": "1840", "confidence": "year"}, "coord_precision": "exact", "polygon": [[[36.71913, -121.66452], [36.72365, -121.6708], [36.72365, -121.6758], [36.72389, -121.67889], [36.72555, -121.68484], [36.7296, -121.68889], [36.73007, -121.69364], [36.73245, -121.69935], [36.73483, -121.70483], [36.72198, -121.72434], [36.71794, -121.72291], [36.71413, -121.72172], [36.71437, -121.71506], [36.71437, -121.70649], [36.71389, -121.70364], [36.70961, -121.70007], [36.70937, -121.69531], [36.70985, -121.68865], [36.70985, -121.68413], [36.70985, -121.68222], [36.70556, -121.67818], [36.70366, -121.67532], [36.7039, -121.66866], [36.7039, -121.66047], [36.7058, -121.66428], [36.7127, -121.665], [36.71913, -121.66452]]], "type": "rancho", "layer": "alvarado", "summary": "Granted 1840 by Juan Alvarado to Jose Eusebio Boronda. Present-day Monterey County.", "sources": [{"citation": "Diseño (Bancroft Land Case Maps)", "url": "../gallery/disenos.html#dise-o-del-rancho-rincon-de-sanjon-calif--rec78930"}, {"citation": "Boundary: NAHC/CNRA California Land Grants (PLSS reconstruction)", "url": null}], "notes": null, "tags": ["Monterey"]}}, {"type": "Feature", "geometry": {"type": "Point", "coordinates": [-121.68572, 36.60411]}, "properties": {"id": "rancho-laguna-seca-155", "register_no": null, "name": "Laguna Seca (Catalina M. Munras)", "date": {"iso": "1834", "display": "1834", "confidence": "year"}, "coord_precision": "exact", "polygon": [[[36.63632, -121.64905], [36.64251, -121.65476], [36.64218, -121.67699], [36.57793, -121.7241], [36.56722, -121.71696], [36.56579, -121.71197], [36.56461, -121.70292], [36.63632, -121.64905]]], "type": "rancho", "layer": "figueroa", "summary": "Granted 1834 by José Figueroa to Catalina M. Munras. Present-day Monterey County.", "sources": [{"citation": "Diseño (Bancroft Land Case Maps)", "url": "../gallery/disenos.html#dise-o-del-rancho-laguna-seca-calif--rec78503"}, {"citation": "Boundary: NAHC/CNRA California Land Grants (PLSS reconstruction)", "url": null}], "notes": null, "tags": ["Monterey"]}}, {"type": "Feature", "geometry": {"type": "Point", "coordinates": [-121.77608, 36.58351]}, "properties": {"id": "rancho-el-toro-156", "register_no": null, "name": "El Toro (José Ramón Estrada)", "date": {"iso": "1835", "display": "1835", "confidence": "year"}, "coord_precision": "exact", "polygon": [[[36.57986, -121.79932], [36.57983, -121.79905], [36.57603, -121.75456], [36.57793, -121.7241], [36.59697, -121.74266], [36.59411, -121.81357], [36.57986, -121.79932]]], "type": "rancho", "layer": "interim", "summary": "Granted 1835 by José Castro to José Ramón Estrada. Present-day Monterey County.", "sources": [{"citation": "Boundary: NAHC/CNRA California Land Grants (PLSS reconstruction)", "url": null}], "notes": null, "tags": ["Monterey"]}}, {"type": "Feature", "geometry": {"type": "Point", "coordinates": [-121.82595, 36.59158]}, "properties": {"id": "rancho-arroyo-seco-157", "register_no": null, "name": "Arroyo Seco (Joaquín de la Torre)", "date": {"iso": "1840", "display": "1840", "confidence": "year"}, "coord_precision": "exact", "polygon": [[[36.59839, -121.8188], [36.60363, -121.84522], [36.59197, -121.85259], [36.58531, -121.84664], [36.58102, -121.81262], [36.57986, -121.79932], [36.59411, -121.81357], [36.59839, -121.8188]]], "type": "rancho", "layer": "alvarado", "summary": "Granted 1840 by Juan Alvarado to Joaquín de la Torre. Present-day Monterey County.", "sources": [{"citation": "Diseño (Bancroft Land Case Maps)", "url": "../gallery/disenos.html#dise-o-del-rancho-arroyo-seco-monterey-county-calif--rec78814"}, {"citation": "Boundary: NAHC/CNRA California Land Grants (PLSS reconstruction)", "url": null}], "notes": null, "tags": ["Monterey"]}}, {"type": "Feature", "geometry": {"type": "Point", "coordinates": [-121.81789, 36.62805]}, "properties": {"id": "rancho-saucito-158", "register_no": null, "name": "Saucito (Graciano Manjares)", "date": {"iso": "1833", "display": "1833", "confidence": "year"}, "coord_precision": "exact", "polygon": [[[36.59839, -121.8188], [36.60839, -121.80833], [36.62052, -121.80239], [36.63385, -121.79477], [36.65479, -121.79311], [36.6624, -121.80405], [36.66917, -121.82328], [36.6392, -121.84257], [36.61981, -121.84545], [36.60363, -121.84522], [36.59839, -121.8188]]], "type": "rancho", "layer": "figueroa", "summary": "Granted 1833 by José Figueroa to Graciano Manjares. Present-day Monterey County.", "sources": [{"citation": "Boundary: NAHC/CNRA California Land Grants (PLSS reconstruction)", "url": null}], "notes": null, "tags": ["Monterey"]}}, {"type": "Feature", "geometry": {"type": "Point", "coordinates": [-121.86526, 36.55008]}, "properties": {"id": "rancho-canada-de-la-segunda-159", "register_no": null, "name": "Cañada de la Segunda (Lazaro Soto)", "date": {"iso": "1839", "display": "1839", "confidence": "year"}, "coord_precision": "exact", "polygon": [[[36.54447, -121.84188], [36.574, -121.83325], [36.58198, -121.89185], [36.54638, -121.89185], [36.54495, -121.88876], [36.54471, -121.88567], [36.54709, -121.87853], [36.54876, -121.87187], [36.54995, -121.86806], [36.54757, -121.86639], [36.54447, -121.86473], [36.54495, -121.86187], [36.54543, -121.85616], [36.54614, -121.85283], [36.5459, -121.84855], [36.54447, -121.84188]]], "type": "rancho", "layer": "interim", "summary": "Granted 1839 by José Castro to Lazaro Soto. Present-day Monterey County.", "sources": [{"citation": "Diseño (Bancroft Land Case Maps)", "url": "../gallery/disenos.html#dise-o-del-rancho-ca-ada-de-la-segunda-calif--rec78946"}, {"citation": "Boundary: NAHC/CNRA California Land Grants (PLSS reconstruction)", "url": null}], "notes": null, "tags": ["Monterey"]}}, {"type": "Feature", "geometry": {"type": "Point", "coordinates": [-121.85572, 36.53238]}, "properties": {"id": "rancho-potrero-de-san-carlos-160", "register_no": null, "name": "Potrero de San Carlos (Fructuoso del Real)", "date": {"iso": "1839", "display": "1839", "confidence": "year"}, "coord_precision": "exact", "polygon": [[[36.53329, -121.83617], [36.54447, -121.83522], [36.54447, -121.84188], [36.5459, -121.84855], [36.54614, -121.85283], [36.54543, -121.85616], [36.54495, -121.86187], [36.54447, -121.86473], [36.54757, -121.86639], [36.54995, -121.86806], [36.54876, -121.87187], [36.54709, -121.87853], [36.54471, -121.88567], [36.54495, -121.88876], [36.54638, -121.89185], [36.52891, -121.89185], [36.48727, -121.83764], [36.49332, -121.83475], [36.4995, -121.83665], [36.50664, -121.83784], [36.51045, -121.83689], [36.51735, -121.8376], [36.52187, -121.83927], [36.53329, -121.83617]]], "type": "rancho", "layer": "alvarado", "summary": "Granted 1839 by Juan Alvarado to Fructuoso del Real. Present-day Monterey County.", "sources": [{"citation": "Diseño (Bancroft Land Case Maps)", "url": "../gallery/disenos.html#dise-o-del-rancho-el-potrero-de-san-carlos-calif--rec78970"}, {"citation": "Boundary: NAHC/CNRA California Land Grants (PLSS reconstruction)", "url": null}], "notes": null, "tags": ["Monterey"]}}, {"type": "Feature", "geometry": {"type": "Point", "coordinates": [-121.82422, 36.50018]}, "properties": {"id": "rancho-san-francisquito-161", "register_no": null, "name": "San Francisquito (Catalina Manzaneli de Munras)", "date": {"iso": "1835", "display": "1835", "confidence": "year"}, "coord_precision": "exact", "polygon": [[[36.48727, -121.83764], [36.4324, -121.76622], [36.51259, -121.76574], [36.53329, -121.83617], [36.52187, -121.83927], [36.51735, -121.8376], [36.51045, -121.83689], [36.50664, -121.83784], [36.4995, -121.83665], [36.49332, -121.83475], [36.48727, -121.83764]]], "type": "rancho", "layer": "interim", "summary": "Granted 1835 by José Castro to Catalina Manzaneli de Munras. Present-day Monterey County.", "sources": [{"citation": "Diseño (Bancroft Land Case Maps)", "url": "../gallery/disenos.html#dise-o-del-rancho-rincon-de-san-francisquito-santa-clara-co---rec78448"}, {"citation": "Boundary: NAHC/CNRA California Land Grants (PLSS reconstruction)", "url": null}], "notes": null, "tags": ["Monterey"]}}, {"type": "Feature", "geometry": {"type": "Point", "coordinates": [-121.24614, 36.85129]}, "properties": {"id": "rancho-santa-ana-y-quien-sabe-162", "register_no": null, "name": "Santa Ana y Quien Sabe (Francisco Negrete)", "date": {"iso": "1839", "display": "1839", "confidence": "year"}, "coord_precision": "exact", "polygon": [[[36.76981, -121.27267], [36.77005, -121.13228], [36.78171, -121.13276], [36.78718, -121.12776], [36.79099, -121.11824], [36.89354, -121.18035], [36.89592, -121.18392], [36.89592, -121.19058], [36.89521, -121.19772], [36.89759, -121.20271], [36.89711, -121.21033], [36.89521, -121.21699], [36.89449, -121.22294], [36.89545, -121.23055], [36.89711, -121.23864], [36.90044, -121.24507], [36.90163, -121.25149], [36.89973, -121.25863], [36.89854, -121.26363], [36.89925, -121.2741], [36.89949, -121.27957], [36.8983, -121.28552], [36.89449, -121.29099], [36.88569, -121.29409], [36.88307, -121.31074], [36.85618, -121.31098], [36.85618, -121.29694], [36.82144, -121.29694], [36.81859, -121.31146], [36.79289, -121.31169], [36.79218, -121.3036], [36.78813, -121.29765], [36.7829, -121.2879], [36.77766, -121.28171], [36.77243, -121.27719], [36.76981, -121.27267]]], "type": "rancho", "layer": "alvarado", "summary": "Granted 1839 by Juan Alvarado to Francisco Negrete. Present-day San Benito County.", "sources": [{"citation": "Diseño (Bancroft Land Case Maps)", "url": "../gallery/disenos.html#dise-o-del-rancho-santa-ana-y-quien-sabe-calif--rec78881-1"}, {"citation": "Boundary: NAHC/CNRA California Land Grants (PLSS reconstruction)", "url": null}], "notes": null, "tags": ["San Benito"]}}, {"type": "Feature", "geometry": {"type": "Point", "coordinates": [-121.06696, 36.7471]}, "properties": {"id": "rancho-real-de-los-aguilas-163", "register_no": null, "name": "Real de los Aguilas (Francisco Arias and Saturnino Carriaga)", "date": {"iso": "1844", "display": "1844", "confidence": "year"}, "coord_precision": "exact", "polygon": [[[36.79099, -121.11824], [36.78718, -121.12776], [36.78171, -121.13276], [36.77005, -121.13228], [36.74806, -121.119], [36.72688, -121.11948], [36.72641, -121.10021], [36.71261, -121.10021], [36.71285, -121.08855], [36.69238, -121.08831], [36.69119, -121.02763], [36.71237, -121.00765], [36.71237, -120.99194], [36.72498, -120.99194], [36.72522, -121.00646], [36.7295, -121.00646], [36.77162, -121.00693], [36.774, -121.04572], [36.77971, -121.04786], [36.78637, -121.04833], [36.78875, -121.04714], [36.79099, -121.11824]]], "type": "rancho", "layer": "micheltorena", "summary": "Granted 1844 by Manuel Micheltorena to Francisco Arias and Saturnino Carriaga. Present-day San Benito County.", "sources": [{"citation": "Boundary: NAHC/CNRA California Land Grants (PLSS reconstruction)", "url": null}], "notes": null, "tags": ["San Benito"]}}, {"type": "Feature", "geometry": {"type": "Point", "coordinates": [-120.6659, 37.12304]}, "properties": {"id": "rancho-sanjon-de-santa-rita-164", "register_no": null, "name": "Sanjon de Santa Rita (Francisco Soberanes)", "date": {"iso": "1841", "display": "1841", "confidence": "year"}, "coord_precision": "exact", "polygon": [[[37.22511, -120.83773], [37.17372, -120.83697], [37.13679, -120.79395], [37.13679, -120.77301], [37.11204, -120.75511], [37.11166, -120.72846], [37.09148, -120.72846], [37.09148, -120.65879], [37.07663, -120.65841], [37.07702, -120.63062], [37.05455, -120.63024], [37.05493, -120.61196], [37.03514, -120.61158], [37.03818, -120.50422], [37.04351, -120.50422], [37.0496, -120.50727], [37.05493, -120.5126], [37.06026, -120.52174], [37.06712, -120.53392], [37.06864, -120.53887], [37.07511, -120.5442], [37.08273, -120.54762], [37.08691, -120.5579], [37.09034, -120.57085], [37.10709, -120.58988], [37.11014, -120.59864], [37.11509, -120.61425], [37.11927, -120.63747], [37.12308, -120.65879], [37.13108, -120.6862], [37.14288, -120.69915], [37.15316, -120.7159], [37.16344, -120.72846], [37.17067, -120.73341], [37.18019, -120.73494], [37.18818, -120.7357], [37.19732, -120.74065], [37.20341, -120.7494], [37.20722, -120.75626], [37.21141, -120.76463], [37.22169, -120.77491], [37.22547, -120.77872], [37.22511, -120.83773]]], "type": "rancho", "layer": "alvarado", "summary": "Granted 1841 by Juan Alvarado to Francisco Soberanes. Present-day Merced County.", "sources": [{"citation": "Boundary: NAHC/CNRA California Land Grants (PLSS reconstruction)", "url": null}], "notes": null, "tags": ["Merced"]}}, {"type": "Feature", "geometry": {"type": "Point", "coordinates": [-120.05162, 37.50514]}, "properties": {"id": "rancho-las-mariposas-165", "register_no": null, "name": "Las Mariposas (J B Alvarado)", "date": {"iso": "1844", "display": "1844", "confidence": "year"}, "coord_precision": "exact", "polygon": [[[37.59878, -120.13335], [37.47657, -120.13335], [37.47686, -120.07596], [37.46287, -120.07596], [37.46315, -120.03513], [37.43175, -120.03541], [37.43175, -120.01343], [37.4149, -120.01343], [37.4149, -119.96488], [37.43431, -119.96488], [37.43431, -119.90778], [37.52711, -119.90806], [37.5274, -120.06368], [37.52711, -120.0711], [37.54196, -120.07139], [37.54196, -120.08395], [37.5571, -120.08367], [37.5571, -120.09852], [37.58593, -120.09852], [37.60335, -120.11822], [37.59878, -120.13335]]], "type": "rancho", "layer": "micheltorena", "summary": "This diseño of the floating grant Las Mariposas is certified by former governor Juan Bautista Alvarado, to whom the grant was made in 1844. Alvarado sold it to John C. Fremont in 1847, and it became extraordinarily valuable in the Gold Rush and the subject of the 1855 Supreme Court case Fremont v. United States.", "sources": [{"citation": "Diseño (Bancroft Land Case Maps)", "url": "../gallery/disenos.html#el-que-subscribe-certifico-que-este-es-el-plano-del-terreno---rec78415"}, {"citation": "Boundary: NAHC/CNRA California Land Grants (PLSS reconstruction)", "url": null}], "notes": null, "tags": ["Mariposa"]}}, {"type": "Feature", "geometry": {"type": "Point", "coordinates": [-119.69376, 36.44372]}, "properties": {"id": "rancho-laguna-de-tache-166", "register_no": null, "name": "Laguna de Tache (Manuel Castro)", "date": {"iso": "1846", "display": "1846", "confidence": "year"}, "coord_precision": "exact", "polygon": [[[36.51202, -119.6009], [36.49336, -119.60052], [36.49374, -119.61271], [36.48499, -119.61309], [36.48499, -119.62603], [36.47813, -119.62565], [36.47509, -119.62908], [36.45072, -119.70408], [36.45567, -119.70788], [36.46176, -119.70788], [36.4629, -119.71207], [36.47509, -119.71207], [36.47509, -119.8221], [36.46252, -119.82134], [36.46176, -119.83009], [36.45072, -119.83009], [36.44958, -119.83733], [36.43625, -119.83695], [36.42369, -119.84951], [36.4176, -119.8537], [36.41189, -119.86588], [36.38905, -119.88301], [36.3525, -119.83847], [36.35478, -119.83504], [36.36735, -119.82781], [36.37648, -119.82134], [36.3841, -119.81296], [36.38448, -119.80382], [36.38638, -119.79507], [36.39095, -119.78898], [36.39818, -119.78441], [36.40275, -119.7806], [36.40427, -119.77108], [36.41037, -119.76537], [36.41836, -119.75738], [36.42217, -119.75129], [36.42255, -119.73872], [36.42521, -119.72768], [36.4294, -119.71702], [36.43016, -119.70788], [36.43625, -119.6976], [36.43854, -119.68694], [36.43816, -119.67743], [36.44044, -119.6721], [36.43854, -119.65116], [36.43854, -119.63517], [36.43702, -119.62908], [36.43968, -119.62603], [36.44615, -119.61804], [36.44615, -119.61309], [36.4492, -119.60205], [36.45415, -119.59672], [36.45757, -119.59139], [36.45415, -119.58301], [36.45643, -119.57045], [36.461, -119.56512], [36.46329, -119.56055], [36.46709, -119.5476], [36.4728, -119.54418], [36.48042, -119.54532], [36.48499, -119.54342], [36.48765, -119.53161], [36.50021, -119.53047], [36.50631, -119.53161], [36.51202, -119.53009], [36.51202, -119.6009]]], "type": "rancho", "layer": "pico", "summary": "Granted 1846 by Pio Pico to Manuel Castro. Present-day Fresno County.", "sources": [{"citation": "Diseño (Bancroft Land Case Maps)", "url": "../gallery/disenos.html#dise-o-del-rancho-laguna-de-tache-calif--rec78782-1"}, {"citation": "Boundary: NAHC/CNRA California Land Grants (PLSS reconstruction)", "url": null}], "notes": null, "tags": ["Fresno"]}}, {"type": "Feature", "geometry": {"type": "Point", "coordinates": [-120.3002, 35.8176]}, "properties": {"id": "rancho-cholame-167", "register_no": null, "name": "Cholame (Mauricio Gonzales)", "date": {"iso": "1844", "display": "1844", "confidence": "year"}, "coord_precision": "exact", "polygon": [[[35.86491, -120.30812], [35.88292, -120.32492], [35.86311, -120.37595], [35.82469, -120.38735], [35.76106, -120.32432], [35.74965, -120.2733], [35.76706, -120.24328], [35.76346, -120.22828], [35.79948, -120.21327], [35.8523, -120.31532], [35.86491, -120.30812]]], "type": "rancho", "layer": "micheltorena", "summary": "Granted 1844 by Manuel Micheltorena to Mauricio Gonzales. Present-day San Luis Obispo County.", "sources": [{"citation": "Boundary: NAHC/CNRA California Land Grants (PLSS reconstruction)", "url": null}], "notes": null, "tags": ["San Luis Obispo"]}}, {"type": "Feature", "geometry": {"type": "Point", "coordinates": [-120.52474, 35.54049]}, "properties": {"id": "rancho-huerhuero-168", "register_no": null, "name": "Huerhuero (Mariano Bonilla)", "date": {"iso": "1842", "display": "1842", "confidence": "year"}, "coord_precision": "exact", "polygon": [[[35.59608, -120.5506], [35.60489, -120.5506], [35.60489, -120.56487], [35.59204, -120.5663], [35.58086, -120.56464], [35.5661, -120.56345], [35.54968, -120.56131], [35.52637, -120.55774], [35.50471, -120.55512], [35.48591, -120.5475], [35.4783, -120.53846], [35.4783, -120.52133], [35.4833, -120.50872], [35.48996, -120.50039], [35.50352, -120.48921], [35.51138, -120.48373], [35.51328, -120.48088], [35.51233, -120.47398], [35.51613, -120.46565], [35.52137, -120.46184], [35.52851, -120.46589], [35.58181, -120.523], [35.59061, -120.53228], [35.59585, -120.54037], [35.59608, -120.5506]]], "type": "rancho", "layer": "alvarado", "summary": "Granted 1842 by Juan Alvarado to Mariano Bonilla. Present-day San Luis Obispo County.", "sources": [{"citation": "Diseño (Bancroft Land Case Maps)", "url": "../gallery/disenos.html#dise-o-del-rancho-huerhuero-calif--rec78891-1"}, {"citation": "Boundary: NAHC/CNRA California Land Grants (PLSS reconstruction)", "url": null}], "notes": null, "tags": ["San Luis Obispo"]}}, {"type": "Feature", "geometry": {"type": "Point", "coordinates": [-120.66394, 35.48726]}, "properties": {"id": "rancho-atascadero-169", "register_no": null, "name": "Atascadero (Trifon Garcia)", "date": {"iso": "1842", "display": "1842", "confidence": "year"}, "coord_precision": "exact", "polygon": [[[35.47402, -120.6641], [35.46474, -120.66029], [35.47497, -120.62579], [35.48782, -120.63626], [35.49329, -120.64506], [35.49853, -120.65101], [35.50352, -120.65577], [35.50638, -120.66553], [35.50971, -120.66957], [35.50828, -120.67219], [35.49638, -120.67576], [35.4871, -120.67742], [35.48116, -120.68075], [35.47735, -120.68385], [35.47259, -120.68956], [35.47354, -120.67005], [35.47402, -120.6641]]], "type": "rancho", "layer": "alvarado", "summary": "Granted 1842 by Juan Alvarado to Trifon Garcia. Present-day San Luis Obispo County.", "sources": [{"citation": "Diseño (Bancroft Land Case Maps)", "url": "../gallery/disenos.html#dise-o-del-rancho-atascadero-calif--rec78860"}, {"citation": "Boundary: NAHC/CNRA California Land Grants (PLSS reconstruction)", "url": null}], "notes": null, "tags": ["San Luis Obispo"]}}, {"type": "Feature", "geometry": {"type": "Point", "coordinates": [-120.59812, 35.39533]}, "properties": {"id": "rancho-santa-margarita-170", "register_no": null, "name": "Santa Margarita (Joaquin Estrada)", "date": {"iso": "1841", "display": "1841", "confidence": "year"}, "coord_precision": "exact", "polygon": [[[35.47109, -120.63886], [35.46131, -120.65054], [35.44727, -120.65863], [35.42372, -120.6591], [35.42181, -120.66172], [35.41872, -120.67171], [35.41872, -120.6779], [35.41824, -120.68313], [35.41705, -120.68813], [35.40944, -120.68956], [35.40349, -120.68837], [35.40159, -120.68266], [35.40016, -120.66719], [35.39897, -120.666], [35.39254, -120.66553], [35.38993, -120.66315], [35.39112, -120.63959], [35.38993, -120.63245], [35.38731, -120.62722], [35.37708, -120.62484], [35.37303, -120.62341], [35.37184, -120.6127], [35.37232, -120.60104], [35.36804, -120.59343], [35.3578, -120.5832], [35.33591, -120.55393], [35.31402, -120.51514], [35.30332, -120.48635], [35.29998, -120.47564], [35.29998, -120.46827], [35.30736, -120.46494], [35.31236, -120.46565], [35.33163, -120.4992], [35.34591, -120.52085], [35.35543, -120.52228], [35.36742, -120.52561], [35.37384, -120.53275], [35.37717, -120.54084], [35.38074, -120.55559], [35.3855, -120.56464], [35.39145, -120.56773], [35.39954, -120.5694], [35.40739, -120.5694], [35.41524, -120.57653], [35.42334, -120.58415], [35.42905, -120.58819], [35.43452, -120.58796], [35.43975, -120.58819], [35.44332, -120.59628], [35.4488, -120.60485], [35.45641, -120.61318], [35.46498, -120.62127], [35.47021, -120.62293], [35.47497, -120.62579], [35.47109, -120.63886]]], "type": "rancho", "layer": "alvarado", "summary": "Granted 1841 by Manuel Jimeno to Joaquin Estrada. Present-day San Luis Obispo County.", "sources": [{"citation": "Diseño (Bancroft Land Case Maps)", "url": "../gallery/disenos.html#dise-o-del-rancho-san-pedro-santa-margarita-y-las-gallinas-c--rec78418"}, {"citation": "Boundary: NAHC/CNRA California Land Grants (PLSS reconstruction)", "url": null}], "notes": null, "tags": ["San Luis Obispo"]}}, {"type": "Feature", "geometry": {"type": "Point", "coordinates": [-120.69746, 35.27424]}, "properties": {"id": "rancho-laguna-alemany-171", "register_no": null, "name": "Laguna (Alemany) (Francisco García Diego y Moreno)", "date": {"iso": "1844", "display": "1844", "confidence": "year"}, "coord_precision": "exact", "polygon": [[[35.29646, -120.69774], [35.27291, -120.72011], [35.23388, -120.69655], [35.27148, -120.67514], [35.29646, -120.69774]]], "type": "rancho", "layer": "micheltorena", "summary": "Granted 1844 by Manuel Micheltorena to Francisco García Diego y Moreno. Present-day San Luis Obispo County.", "sources": [{"citation": "Boundary: NAHC/CNRA California Land Grants (PLSS reconstruction)", "url": null}], "notes": null, "tags": ["San Luis Obispo"]}}, {"type": "Feature", "geometry": {"type": "Point", "coordinates": [-120.71687, 35.32048]}, "properties": {"id": "rancho-el-chorro-172", "register_no": null, "name": "El Chorro (John Wilson and James Scott)", "date": {"iso": "1845", "display": "1845", "confidence": "year"}, "coord_precision": "exact", "polygon": [[[35.31355, -120.75346], [35.30812, -120.74819], [35.30765, -120.73391], [35.31003, -120.72891], [35.31098, -120.72392], [35.31003, -120.71702], [35.30836, -120.71107], [35.30907, -120.70488], [35.31455, -120.69703], [35.31954, -120.69536], [35.32549, -120.69655], [35.33001, -120.69893], [35.33406, -120.70084], [35.33905, -120.69965], [35.34239, -120.6987], [35.35167, -120.72487], [35.31355, -120.75346]]], "type": "rancho", "layer": "pico", "summary": "Granted 1845 by Pio Pico to John Wilson and James Scott. Present-day San Luis Obispo County.", "sources": [{"citation": "Diseño (Bancroft Land Case Maps)", "url": "../gallery/disenos.html#plan-of-the-rancho-of-el-chorro-calif-surveyed-and-drawn-by---rec78798"}, {"citation": "Boundary: NAHC/CNRA California Land Grants (PLSS reconstruction)", "url": null}], "notes": null, "tags": ["San Luis Obispo"]}}, {"type": "Feature", "geometry": {"type": "Point", "coordinates": [-120.77254, 35.36377]}, "properties": {"id": "rancho-san-luisito-173", "register_no": null, "name": "San Luisito (Guadalupe Cantua)", "date": {"iso": "1841", "display": "1841", "confidence": "year"}, "coord_precision": "exact", "polygon": [[[35.35787, -120.7965], [35.31355, -120.75346], [35.35167, -120.72487], [35.3657, -120.73819], [35.36951, -120.74367], [35.3826, -120.76318], [35.37689, -120.76865], [35.37308, -120.77246], [35.36951, -120.77817], [35.36951, -120.78198], [35.36999, -120.78769], [35.36856, -120.79173], [35.36547, -120.7953], [35.36475, -120.79578], [35.35787, -120.7965]]], "type": "rancho", "layer": "alvarado", "summary": "Granted 1841 by Juan Alvarado to Guadalupe Cantua. Present-day San Luis Obispo County.", "sources": [{"citation": "Diseño (Bancroft Land Case Maps)", "url": "../gallery/disenos.html#dise-o-del-rancho-san-luisito-calif--rec78799"}, {"citation": "Boundary: NAHC/CNRA California Land Grants (PLSS reconstruction)", "url": null}], "notes": null, "tags": ["San Luis Obispo"]}}, {"type": "Feature", "geometry": {"type": "Point", "coordinates": [-120.79836, 35.37816]}, "properties": {"id": "rancho-san-bernardo-174", "register_no": null, "name": "San Bernardo (Vicente Canet)", "date": {"iso": "1840", "display": "1840", "confidence": "year"}, "coord_precision": "exact", "polygon": [[[35.37689, -120.76865], [35.37713, -120.79411], [35.38046, -120.79768], [35.38165, -120.79768], [35.38426, -120.79744], [35.38569, -120.79435], [35.38617, -120.79102], [35.38926, -120.78959], [35.3945, -120.79221], [35.39688, -120.79816], [35.40163, -120.81124], [35.39569, -120.83932], [35.3826, -120.85455], [35.3707, -120.84265], [35.36904, -120.81791], [35.3657, -120.80411], [35.35787, -120.7965], [35.36475, -120.79578], [35.36547, -120.7953], [35.36856, -120.79173], [35.36999, -120.78769], [35.36951, -120.78198], [35.36951, -120.77817], [35.37308, -120.77246], [35.37689, -120.76865]]], "type": "rancho", "layer": "alvarado", "summary": "Granted 1840 by Juan Alvarado to Vicente Canet. Present-day San Luis Obispo County.", "sources": [{"citation": "Diseño (Bancroft Land Case Maps)", "url": "../gallery/disenos.html#dise-o-del-rancho-san-bernardo-san-luis-obispo-county-calif--rec78509"}, {"citation": "Boundary: NAHC/CNRA California Land Grants (PLSS reconstruction)", "url": null}], "notes": null, "tags": ["San Luis Obispo"]}}, {"type": "Feature", "geometry": {"type": "Point", "coordinates": [-120.73168, 35.60825]}, "properties": {"id": "rancho-paso-de-robles-175", "register_no": null, "name": "Paso de Robles (Pedro Narváez)", "date": {"iso": "1844", "display": "1844", "confidence": "year"}, "coord_precision": "exact", "polygon": [[[35.67075, -120.69798], [35.68408, -120.69751], [35.68431, -120.72511], [35.62007, -120.72535], [35.61983, -120.74272], [35.60103, -120.74272], [35.60103, -120.74628], [35.6008, -120.79673], [35.61721, -120.79673], [35.61698, -120.83837], [35.59294, -120.83813], [35.59271, -120.82433], [35.57534, -120.82409], [35.57177, -120.81172], [35.55654, -120.81267], [35.52489, -120.742], [35.54131, -120.73367], [35.55059, -120.72963], [35.56106, -120.71607], [35.56463, -120.69655], [35.56511, -120.69326], [35.5701, -120.69608], [35.57819, -120.69727], [35.58509, -120.69608], [35.59056, -120.69679], [35.60008, -120.70298], [35.60674, -120.70298], [35.6146, -120.69917], [35.62007, -120.69965], [35.62578, -120.70155], [35.63054, -120.69989], [35.63744, -120.69679], [35.64434, -120.69536], [35.64791, -120.69632], [35.65386, -120.69893], [35.65981, -120.69822], [35.66456, -120.69632], [35.67075, -120.69798]]], "type": "rancho", "layer": "micheltorena", "summary": "Granted 1844 by Manuel Micheltorena to Pedro Narváez. Present-day San Luis Obispo County.", "sources": [{"citation": "Diseño (Bancroft Land Case Maps)", "url": "../gallery/disenos.html#dise-o-del-rancho-paso-de-robles-calif--rec78896"}, {"citation": "Boundary: NAHC/CNRA California Land Grants (PLSS reconstruction)", "url": null}], "notes": null, "tags": ["San Luis Obispo"]}}, {"type": "Feature", "geometry": {"type": "Point", "coordinates": [-120.67319, 35.61655]}, "properties": {"id": "rancho-santa-ysabel-176", "register_no": null, "name": "Santa Ysabel (Francisco Arce)", "date": {"iso": "1844", "display": "1844", "confidence": "year"}, "coord_precision": "exact", "polygon": [[[35.56511, -120.69326], [35.56677, -120.68204], [35.56677, -120.66729], [35.56463, -120.65182], [35.56487, -120.63731], [35.56629, -120.6304], [35.572, -120.62255], [35.57938, -120.61851], [35.59627, -120.6197], [35.59723, -120.62779], [35.61507, -120.62755], [35.61531, -120.63635], [35.63411, -120.63612], [35.63387, -120.65468], [35.64553, -120.65491], [35.64577, -120.66372], [35.65386, -120.66396], [35.6541, -120.66943], [35.661, -120.66943], [35.66361, -120.67324], [35.66456, -120.68085], [35.67051, -120.68109], [35.67075, -120.69798], [35.66456, -120.69632], [35.65981, -120.69822], [35.65386, -120.69893], [35.64791, -120.69632], [35.64434, -120.69536], [35.63744, -120.69679], [35.63054, -120.69989], [35.62578, -120.70155], [35.62007, -120.69965], [35.6146, -120.69917], [35.60674, -120.70298], [35.60008, -120.70298], [35.59056, -120.69679], [35.58509, -120.69608], [35.57819, -120.69727], [35.5701, -120.69608], [35.56511, -120.69326]]], "type": "rancho", "layer": "micheltorena", "summary": "Granted 1844 by Manuel Micheltorena to Francisco Arce. Present-day San Luis Obispo County.", "sources": [{"citation": "Diseño (Bancroft Land Case Maps)", "url": "../gallery/disenos.html#dise-o-del-rancho-santa-ysabel-san-luis-obispo-county-calif--rec78816"}, {"citation": "Boundary: NAHC/CNRA California Land Grants (PLSS reconstruction)", "url": null}], "notes": null, "tags": ["San Luis Obispo"]}}, {"type": "Feature", "geometry": {"type": "Point", "coordinates": [-121.06188, 35.54738]}, "properties": {"id": "rancho-santa-rosa-177", "register_no": null, "name": "Santa Rosa (Julian Estrada)", "date": {"iso": "1841", "display": "1841", "confidence": "year"}, "coord_precision": "exact", "polygon": [[[35.50682, -121.04942], [35.50919, -120.9997], [35.55844, -121.03396], [35.56106, -121.04134], [35.55606, -121.05086], [35.55178, -121.05799], [35.54987, -121.06442], [35.55178, -121.0687], [35.55725, -121.07536], [35.56177, -121.08226], [35.56439, -121.08964], [35.56463, -121.09726], [35.56348, -121.10602], [35.50682, -121.04942]]], "type": "rancho", "layer": "alvarado", "summary": "Rancho Cabeza de Santa Rosa was granted in 1841 to Maria Ignacia Lopez de Carrillo, the widowed mother-in-law of Mariano Guadalupe Vallejo. The rancho encompassed the site of present-day Santa Rosa.", "sources": [{"citation": "Diseño (Bancroft Land Case Maps)", "url": "../gallery/disenos.html#dise-o-del-rancho-santa-rosa-santa-barbara-county-calif--rec78544"}, {"citation": "Boundary: NAHC/CNRA California Land Grants (PLSS reconstruction)", "url": null}], "notes": null, "tags": ["San Luis Obispo"]}}, {"type": "Feature", "geometry": {"type": "Point", "coordinates": [-121.11125, 35.61007]}, "properties": {"id": "rancho-san-simeon-178", "register_no": null, "name": "San Simeon (José Ramón Estrada)", "date": {"iso": "1842", "display": "1842", "confidence": "year"}, "coord_precision": "exact", "polygon": [[[35.58642, -121.12636], [35.58723, -121.10796], [35.59555, -121.10814], [35.59818, -121.1082], [35.59818, -121.08084], [35.61436, -121.08107], [35.61436, -121.09178], [35.62245, -121.09178], [35.62269, -121.10273], [35.6372, -121.10392], [35.63696, -121.13652], [35.62031, -121.13723], [35.62072, -121.15462], [35.58642, -121.12636]]], "type": "rancho", "layer": "alvarado", "summary": "Granted 1842 by Juan Alvarado to José Ramón Estrada. Present-day San Luis Obispo County.", "sources": [{"citation": "Boundary: NAHC/CNRA California Land Grants (PLSS reconstruction)", "url": null}], "notes": null, "tags": ["San Luis Obispo"]}}, {"type": "Feature", "geometry": {"type": "Point", "coordinates": [-121.15542, 36.30542]}, "properties": {"id": "rancho-rincon-de-la-puente-del-monte-179", "register_no": null, "name": "Rincon de la Puente del Monte (Teodoro Gonzalez)", "date": {"iso": "1836", "display": "1836", "confidence": "year"}, "coord_precision": "exact", "polygon": [[[36.29523, -121.27971], [36.29484, -121.2751], [36.29008, -121.21847], [36.25605, -121.16088], [36.21608, -121.10806], [36.21798, -121.09378], [36.2156, -121.08712], [36.22631, -121.08664], [36.2344, -121.0776], [36.24463, -121.06666], [36.25819, -121.05685], [36.34243, -121.13204], [36.3529, -121.1399], [36.36241, -121.14608], [36.37907, -121.14656], [36.37907, -121.15703], [36.37241, -121.15869], [36.35646, -121.15917], [36.35123, -121.16417], [36.34861, -121.17321], [36.34671, -121.17606], [36.34671, -121.18463], [36.34742, -121.202], [36.29523, -121.27971]]], "type": "rancho", "layer": "interim", "summary": "Granted 1836 by Nicolas Gutierrez to Teodoro Gonzalez. Present-day Monterey County.", "sources": [{"citation": "Diseño (Bancroft Land Case Maps)", "url": "../gallery/disenos.html#plat-of-the-rancho-rincon-de-la-puente-del-monte-calif-final--rec79295-1"}, {"citation": "Boundary: NAHC/CNRA California Land Grants (PLSS reconstruction)", "url": null}], "notes": null, "tags": ["Monterey"]}}, {"type": "Feature", "geometry": {"type": "Point", "coordinates": [-121.26676, 36.35876]}, "properties": {"id": "rancho-posa-de-los-ositos-180", "register_no": null, "name": "Posa de los Ositos (Carlos Cayetano Espinoza)", "date": {"iso": "1839", "display": "1839", "confidence": "year"}, "coord_precision": "exact", "polygon": [[[36.34742, -121.202], [36.39906, -121.23817], [36.40025, -121.24078], [36.40048, -121.24554], [36.38859, -121.25868], [36.3774, -121.27724], [36.36789, -121.29366], [36.3636, -121.3096], [36.36051, -121.31293], [36.31911, -121.30746], [36.29698, -121.30008], [36.29523, -121.27971], [36.34742, -121.202]]], "type": "rancho", "layer": "alvarado", "summary": "Granted 1839 by Juan Alvarado to Carlos Cayetano Espinoza. Present-day Monterey County.", "sources": [{"citation": "Diseño (Bancroft Land Case Maps)", "url": "../gallery/disenos.html#dise-o-del-rancho-posa-de-los-ositos-calif--rec78905"}, {"citation": "Boundary: NAHC/CNRA California Land Grants (PLSS reconstruction)", "url": null}], "notes": null, "tags": ["Monterey"]}}, {"type": "Feature", "geometry": {"type": "Point", "coordinates": [-121.52471, 36.55816]}, "properties": {"id": "rancho-guadalupe-y-llanitos-de-los-correos-181", "register_no": null, "name": "Guadalupe y Llanitos de los Correos (Juan Malarin)", "date": {"iso": "1833", "display": "1833", "confidence": "year"}, "coord_precision": "exact", "polygon": [[[36.51532, -121.48325], [36.51722, -121.49087], [36.5215, -121.4911], [36.52603, -121.49325], [36.52817, -121.49467], [36.53459, -121.49919], [36.53887, -121.50229], [36.54102, -121.50728], [36.54316, -121.50871], [36.54934, -121.51085], [36.55077, -121.51276], [36.5522, -121.51894], [36.55672, -121.51942], [36.56124, -121.52275], [36.56433, -121.52608], [36.56624, -121.53108], [36.571, -121.53298], [36.57504, -121.5356], [36.58028, -121.53893], [36.58432, -121.54417], [36.58646, -121.54678], [36.58979, -121.55154], [36.5936, -121.55297], [36.59955, -121.55273], [36.60407, -121.5544], [36.60693, -121.55701], [36.61026, -121.56273], [36.58266, -121.59723], [36.5403, -121.54474], [36.49663, -121.49861], [36.51532, -121.48325]]], "type": "rancho", "layer": "figueroa", "summary": "Granted 1833 by José Figueroa to Juan Malarin. Present-day Monterey County.", "sources": [{"citation": "Diseño (Bancroft Land Case Maps)", "url": "../gallery/disenos.html#dise-o-del-rancho-guadalupe-y-llanitos-de-los-correos-calif--rec78522"}, {"citation": "Boundary: NAHC/CNRA California Land Grants (PLSS reconstruction)", "url": null}], "notes": null, "tags": ["Monterey"]}}, {"type": "Feature", "geometry": {"type": "Point", "coordinates": [-121.43861, 36.48495]}, "properties": {"id": "rancho-paraje-de-sanchez-182", "register_no": null, "name": "Paraje de Sanchez (Francisco Lugo)", "date": {"iso": "1839", "display": "1839", "confidence": "year"}, "coord_precision": "exact", "polygon": [[[36.46852, -121.38441], [36.47082, -121.38712], [36.47296, -121.39355], [36.47368, -121.4014], [36.47487, -121.40378], [36.47891, -121.40854], [36.48082, -121.41472], [36.4801, -121.42234], [36.48319, -121.42495], [36.48486, -121.42995], [36.48557, -121.43328], [36.48795, -121.43614], [36.49128, -121.43876], [36.49247, -121.44328], [36.49533, -121.45279], [36.50152, -121.46612], [36.50556, -121.46921], [36.5108, -121.47112], [36.51318, -121.47302], [36.51508, -121.47635], [36.51532, -121.48325], [36.49663, -121.49861], [36.48534, -121.48668], [36.46249, -121.48644], [36.46273, -121.45741], [36.43511, -121.41496], [36.46852, -121.38441]]], "type": "rancho", "layer": "alvarado", "summary": "Granted 1839 by Juan Alvarado to Francisco Lugo. Present-day Monterey County.", "sources": [{"citation": "Diseño (Bancroft Land Case Maps)", "url": "../gallery/disenos.html#dise-o-del-rancho-paraje-de-sanchez-calif--rec78535"}, {"citation": "Boundary: NAHC/CNRA California Land Grants (PLSS reconstruction)", "url": null}], "notes": null, "tags": ["Monterey"]}}, {"type": "Feature", "geometry": {"type": "Point", "coordinates": [-121.35713, 36.43806]}, "properties": {"id": "rancho-ex-mission-soledad-183", "register_no": null, "name": "Ex-Mission Soledad (Feliciano Soberanes)", "date": {"iso": "1845", "display": "1845", "confidence": "year"}, "coord_precision": "exact", "polygon": [[[36.43511, -121.41496], [36.37636, -121.32464], [36.40681, -121.30741], [36.41752, -121.30884], [36.43013, -121.32811], [36.43798, -121.33144], [36.44084, -121.33787], [36.4387, -121.34572], [36.44132, -121.35191], [36.44893, -121.36047], [36.44988, -121.36761], [36.45464, -121.37403], [36.46035, -121.37927], [36.46678, -121.38236], [36.46852, -121.38441], [36.43511, -121.41496]]], "type": "rancho", "layer": "pico", "summary": "Granted 1845 by Pio Pico to Feliciano Soberanes. Present-day Monterey County.", "sources": [{"citation": "Boundary: NAHC/CNRA California Land Grants (PLSS reconstruction)", "url": null}], "notes": null, "tags": ["Monterey"]}}, {"type": "Feature", "geometry": {"type": "Point", "coordinates": [-121.34734, 36.45785]}, "properties": {"id": "rancho-san-vicente-184", "register_no": null, "name": "San Vicente (Esteban Munras)", "date": {"iso": "1835", "display": "1835", "confidence": "year"}, "coord_precision": "exact", "polygon": [[[36.49247, -121.44328], [36.49128, -121.43876], [36.48795, -121.43614], [36.48557, -121.43328], [36.48486, -121.42995], [36.48319, -121.42495], [36.4801, -121.42234], [36.48082, -121.41472], [36.47891, -121.40854], [36.47487, -121.40378], [36.47368, -121.4014], [36.47296, -121.39355], [36.47082, -121.38712], [36.46852, -121.38441], [36.46678, -121.38236], [36.46035, -121.37927], [36.45464, -121.37403], [36.44988, -121.36761], [36.44893, -121.36047], [36.44132, -121.35191], [36.4387, -121.34572], [36.44084, -121.33787], [36.43798, -121.33144], [36.43013, -121.32811], [36.42783, -121.32459], [36.42799, -121.3145], [36.42537, -121.30808], [36.42061, -121.29903], [36.42061, -121.29332], [36.42038, -121.28357], [36.42061, -121.27548], [36.41586, -121.26858], [36.4111, -121.25953], [36.40872, -121.25073], [36.40943, -121.24193], [36.40967, -121.23717], [36.42728, -121.23764], [36.42728, -121.26025], [36.44988, -121.26001], [36.44964, -121.27928], [36.46725, -121.27928], [36.46701, -121.32021], [36.49319, -121.32021], [36.49295, -121.35614], [36.50247, -121.3559], [36.50223, -121.38879], [36.52579, -121.38879], [36.52365, -121.39236], [36.49247, -121.44328]]], "type": "rancho", "layer": "interim", "summary": "Granted 1835 by José Castro to Esteban Munras. Present-day Monterey County.", "sources": [{"citation": "Diseño (Bancroft Land Case Maps)", "url": "../gallery/disenos.html#dise-o-del-rancho-san-vicente-monterey-county-calif--rec78498"}, {"citation": "Boundary: NAHC/CNRA California Land Grants (PLSS reconstruction)", "url": null}], "notes": null, "tags": ["Monterey"]}}, {"type": "Feature", "geometry": {"type": "Point", "coordinates": [-121.50017, 36.63429]}, "properties": {"id": "rancho-encinal-y-buena-esperanza-185", "register_no": null, "name": "Encinal y Buena Esperanza (David S. Spence)", "date": {"iso": "1834", "display": "1834", "confidence": "year"}, "coord_precision": "exact", "polygon": [[[36.65536, -121.42419], [36.65702, -121.43514], [36.65631, -121.4518], [36.65107, -121.47178], [36.64441, -121.48868], [36.63768, -121.5008], [36.64135, -121.51873], [36.64394, -121.5415], [36.65651, -121.56614], [36.64822, -121.56387], [36.64037, -121.56458], [36.63109, -121.56625], [36.61776, -121.56672], [36.61026, -121.56273], [36.60693, -121.55701], [36.60407, -121.5544], [36.59955, -121.55273], [36.5936, -121.55297], [36.62392, -121.4299], [36.62915, -121.42871], [36.63415, -121.42871], [36.63938, -121.42752], [36.64557, -121.42491], [36.65536, -121.42419]]], "type": "rancho", "layer": "figueroa", "summary": "Granted 1834 by José Figueroa to David S. Spence. Present-day Monterey County.", "sources": [{"citation": "Diseño (Bancroft Land Case Maps)", "url": "../gallery/disenos.html#dise-o-del-rancho-encinal-y-buena-esperanza-calif--rec79249"}, {"citation": "Boundary: NAHC/CNRA California Land Grants (PLSS reconstruction)", "url": null}], "notes": null, "tags": ["Monterey"]}}, {"type": "Feature", "geometry": {"type": "Point", "coordinates": [-120.37177, 34.99524]}, "properties": {"id": "rancho-suey-186", "register_no": null, "name": "Suey (Ramona Carrillo)", "date": {"iso": "1837", "display": "1837", "confidence": "year"}, "coord_precision": "exact", "polygon": [[[35.05966, -120.24684], [35.0599, -120.34297], [35.05038, -120.34344], [35.04776, -120.37556], [35.05417, -120.3757], [35.048, -120.44433], [35.01231, -120.46194], [35.00208, -120.46503], [34.99517, -120.45409], [34.9928, -120.44314], [34.99089, -120.43291], [34.98471, -120.42625], [34.97305, -120.42458], [34.9671, -120.40483], [34.95687, -120.39888], [34.94449, -120.36747], [34.93141, -120.35986], [34.93212, -120.35367], [34.94806, -120.31322], [34.94211, -120.25017], [34.94259, -120.24731], [35.05966, -120.24684]]], "type": "rancho", "layer": "alvarado", "summary": "Granted 1837 by Juan Bautista Alvarado to Ramona Carrillo. Present-day Santa Barbara County.", "sources": [{"citation": "Boundary: NAHC/CNRA California Land Grants (PLSS reconstruction)", "url": null}], "notes": null, "tags": ["Santa Barbara"]}}, {"type": "Feature", "geometry": {"type": "Point", "coordinates": [-120.61139, 34.98036]}, "properties": {"id": "rancho-guadalupe-187", "register_no": null, "name": "Guadalupe (Diego Olivera and Teodoro Arellanes)", "date": {"iso": "1840", "display": "1840", "confidence": "year"}, "coord_precision": "exact", "polygon": [[[35.03022, -120.63441], [34.97517, -120.65032], [34.92704, -120.66423], [34.87906, -120.57577], [35.00445, -120.55126], [35.01635, -120.56935], [35.03022, -120.63441]]], "type": "rancho", "layer": "alvarado", "summary": "Granted 1840 by Juan Alvarado to Diego Olivera and Teodoro Arellanes. Present-day Santa Barbara County.", "sources": [{"citation": "Diseño (Bancroft Land Case Maps)", "url": "../gallery/disenos.html#dise-o-del-rancho-ca-ada-de-guadalupe-la-visitacion-y-rodeo---rec78486"}, {"citation": "Boundary: NAHC/CNRA California Land Grants (PLSS reconstruction)", "url": null}], "notes": null, "tags": ["Santa Barbara"]}}, {"type": "Feature", "geometry": {"type": "Point", "coordinates": [-120.60987, 34.85936]}, "properties": {"id": "rancho-casmalia-188", "register_no": null, "name": "Casmalia (Antonio Olivera)", "date": {"iso": "1840", "display": "1840", "confidence": "year"}, "coord_precision": "exact", "polygon": [[[34.88154, -120.64108], [34.85818, -120.61028], [34.84218, -120.61242], [34.82476, -120.58101], [34.83475, -120.5584], [34.89257, -120.62479], [34.88154, -120.64108]]], "type": "rancho", "layer": "alvarado", "summary": "Granted 1840 by Juan Alvarado to Antonio Olivera. Present-day Santa Barbara County.", "sources": [{"citation": "Diseño (Bancroft Land Case Maps)", "url": "../gallery/disenos.html#dise-o-del-rancho-casmalia-calif--rec78939"}, {"citation": "Boundary: NAHC/CNRA California Land Grants (PLSS reconstruction)", "url": null}], "notes": null, "tags": ["Santa Barbara"]}}, {"type": "Feature", "geometry": {"type": "Point", "coordinates": [-120.31668, 34.49421]}, "properties": {"id": "rancho-nuestra-senora-del-refugio-189", "register_no": null, "name": "Nuestra Señora del Refugio (José Francisco Ortega)", "date": {"iso": "1794", "display": "1794", "confidence": "year"}, "coord_precision": "exact", "polygon": [[[34.4471, -120.45144], [34.46224, -120.35081], [34.46255, -120.34875], [34.47063, -120.29506], [34.47341, -120.14118], [34.46784, -120.09833], [34.46783, -120.09824], [34.50877, -120.09027], [34.51019, -120.25807], [34.50972, -120.27853], [34.51067, -120.28567], [34.51281, -120.29447], [34.51162, -120.30066], [34.51114, -120.32088], [34.51662, -120.32588], [34.51805, -120.38299], [34.51995, -120.39203], [34.51614, -120.39822], [34.50972, -120.41107], [34.50805, -120.42534], [34.50377, -120.43557], [34.50091, -120.44866], [34.4471, -120.45144]]], "type": "rancho", "layer": "spanish", "summary": "Granted 1794 by Diego de Borica to José Francisco Ortega. Present-day Santa Barbara County.", "sources": [{"citation": "Boundary: NAHC/CNRA California Land Grants (PLSS reconstruction)", "url": null}], "notes": null, "tags": ["Santa Barbara"]}}, {"type": "Feature", "geometry": {"type": "Point", "coordinates": [-120.0412, 34.62459]}, "properties": {"id": "rancho-canada-de-los-pinos-190", "register_no": null, "name": "Cañada de los Pinos (Seminary of Santa Inez)", "date": {"iso": "1843", "display": "1843", "confidence": "year"}, "coord_precision": "exact", "polygon": [[[34.7016, -119.96092], [34.69827, -120.12486], [34.60904, -120.12367], [34.60904, -120.11939], [34.61023, -120.11725], [34.60927, -120.11344], [34.60927, -120.1094], [34.61189, -120.10416], [34.6107, -120.0994], [34.61023, -120.09702], [34.6107, -120.09227], [34.61046, -120.09012], [34.6157, -120.07918], [34.61855, -120.07204], [34.61808, -120.06728], [34.61998, -120.06347], [34.62165, -120.06062], [34.62212, -120.05657], [34.6226, -120.0511], [34.62426, -120.04944], [34.62593, -120.04039], [34.62664, -120.03349], [34.62593, -120.02374], [34.62522, -120.01303], [34.62474, -120.00684], [34.62426, -120.0028], [34.62022, -119.99852], [34.62022, -119.99209], [34.61784, -119.989], [34.61522, -119.98448], [34.6176, -119.98091], [34.61808, -119.979], [34.62117, -119.97187], [34.62117, -119.96877], [34.62093, -119.96639], [34.61927, -119.96068], [34.7016, -119.96092]]], "type": "rancho", "layer": "micheltorena", "summary": "Granted 1843 by Manuel Micheltorena to Seminary of Santa Inez. Present-day Santa Barbara County.", "sources": [{"citation": "Diseño (Bancroft Land Case Maps)", "url": "../gallery/disenos.html#rancho-de-la-ca-ada-de-los-pinos-calif-surveyed-by-john-g-cl--rec79243"}, {"citation": "Boundary: NAHC/CNRA California Land Grants (PLSS reconstruction)", "url": null}], "notes": null, "tags": ["Santa Barbara"]}}, {"type": "Feature", "geometry": {"type": "Point", "coordinates": [-118.82782, 34.23395]}, "properties": {"id": "rancho-simi-191", "register_no": null, "name": "Simi (Patricio; Miguel; and Francisco Javier Pico)", "date": {"iso": "1795", "display": "1795", "confidence": "year"}, "coord_precision": "exact", "polygon": [[[34.26325, -118.94893], [34.24246, -118.88517], [34.23698, -118.88517], [34.2377, -118.87945], [34.2377, -118.87303], [34.23484, -118.86875], [34.23222, -118.86613], [34.22509, -118.86161], [34.22294, -118.85804], [34.22556, -118.85185], [34.23032, -118.84947], [34.23389, -118.844], [34.23294, -118.8371], [34.23103, -118.83329], [34.22794, -118.82996], [34.22247, -118.82711], [34.21557, -118.82377], [34.21414, -118.81925], [34.21438, -118.81331], [34.21628, -118.80759], [34.21533, -118.8045], [34.21152, -118.80236], [34.20724, -118.80236], [34.19392, -118.79998], [34.18511, -118.80379], [34.1794, -118.80878], [34.17369, -118.81568], [34.17369, -118.81093], [34.17892, -118.7029], [34.25564, -118.70171], [34.25588, -118.67387], [34.39154, -118.67387], [34.38532, -118.81235], [34.32012, -118.9487], [34.26325, -118.94893]]], "type": "rancho", "layer": "spanish", "summary": "Rancho Simi, formally San Jose de Nuestra Señora de Altagracia y Simi, was among the earliest and largest California grants, long held by the Pico family, and lay in present Ventura County. Its bounds covered well over 100,000 acres.", "sources": [{"citation": "Boundary: NAHC/CNRA California Land Grants (PLSS reconstruction)", "url": null}], "notes": null, "tags": ["Ventura"]}}, {"type": "Feature", "geometry": {"type": "Point", "coordinates": [-118.28256, 34.24745]}, "properties": {"id": "rancho-la-canada-192", "register_no": null, "name": "La Cañada (Ygnacio Coronel)", "date": {"iso": "1843", "display": "1843", "confidence": "year"}, "coord_precision": "exact", "polygon": [[[34.27244, -118.32471], [34.26006, -118.32947], [34.25055, -118.31995], [34.24222, -118.309], [34.23437, -118.29425], [34.22794, -118.27855], [34.22366, -118.25761], [34.22223, -118.23476], [34.23603, -118.22929], [34.24436, -118.24095], [34.25293, -118.25404], [34.25816, -118.26379], [34.26696, -118.29473], [34.27244, -118.32471]]], "type": "rancho", "layer": "micheltorena", "summary": "Granted 1843 by Manuel Micheltorena to Ygnacio Coronel. Present-day Los Angeles County.", "sources": [{"citation": "Diseño (Bancroft Land Case Maps)", "url": "../gallery/disenos.html#dise-o-del-rancho-ca-ada-de-capay-calif-jos-de-los-santos-be--rec78445-1"}, {"citation": "Boundary: NAHC/CNRA California Land Grants (PLSS reconstruction)", "url": null}], "notes": null, "tags": ["Los Angeles"]}}, {"type": "Feature", "geometry": {"type": "Point", "coordinates": [-118.08584, 34.15506]}, "properties": {"id": "rancho-santa-anita-193", "register_no": null, "name": "Santa Anita (Hugo Reid)", "date": {"iso": "1845", "display": "1845", "confidence": "year"}, "coord_precision": "exact", "polygon": [[[34.13033, -118.16448], [34.13229, -118.16148], [34.13609, -118.15505], [34.13847, -118.13911], [34.14062, -118.1196], [34.13919, -118.09033], [34.13395, -118.06701], [34.12658, -118.05654], [34.12491, -118.0475], [34.12896, -118.04369], [34.1349, -118.04322], [34.13919, -118.04179], [34.14276, -118.03727], [34.15085, -118.02704], [34.15632, -118.02394], [34.16227, -118.02299], [34.17107, -118.02418], [34.17631, -118.02918], [34.17892, -118.03727], [34.17869, -118.04964], [34.17845, -118.0682], [34.18202, -118.08295], [34.18916, -118.10889], [34.20415, -118.1422], [34.20628, -118.14455], [34.17845, -118.15172], [34.15013, -118.15933], [34.13033, -118.16448]]], "type": "rancho", "layer": "pico", "summary": "Granted 1845 by Pio Pico to Hugo Reid. Present-day Los Angeles County.", "sources": [{"citation": "Diseño (Bancroft Land Case Maps)", "url": "../gallery/disenos.html#dise-o-de-santa-anita-calif--rec78834"}, {"citation": "Boundary: NAHC/CNRA California Land Grants (PLSS reconstruction)", "url": null}], "notes": null, "tags": ["Los Angeles"]}}, {"type": "Feature", "geometry": {"type": "Point", "coordinates": [-118.19779, 34.17815]}, "properties": {"id": "rancho-san-pascual-194", "register_no": null, "name": "San Pascual (Juan Marine)", "date": {"iso": "1834", "display": "1834", "confidence": "year"}, "coord_precision": "exact", "polygon": [[[34.20628, -118.14455], [34.21866, -118.15814], [34.2277, -118.1729], [34.23032, -118.18194], [34.22913, -118.19384], [34.22675, -118.20026], [34.22842, -118.20669], [34.23199, -118.21953], [34.23603, -118.22929], [34.22223, -118.23476], [34.21129, -118.23476], [34.19867, -118.23119], [34.18892, -118.22453], [34.18154, -118.21834], [34.1725, -118.21382], [34.1656, -118.20906], [34.15275, -118.2093], [34.13847, -118.21097], [34.13229, -118.21525], [34.12562, -118.2162], [34.11801, -118.21478], [34.11397, -118.20764], [34.10992, -118.19931], [34.11159, -118.19217], [34.12253, -118.17647], [34.13033, -118.16448], [34.15013, -118.15933], [34.17845, -118.15172], [34.20628, -118.14455]]], "type": "rancho", "layer": "figueroa", "summary": "Granted 1834 by José Figueroa to Juan Marine. Present-day Los Angeles County.", "sources": [{"citation": "Diseño (Bancroft Land Case Maps)", "url": "../gallery/disenos.html#dise-o-del-pasage-de-san-pascual-calif--rec79325"}, {"citation": "Boundary: NAHC/CNRA California Land Grants (PLSS reconstruction)", "url": null}], "notes": null, "tags": ["Los Angeles"]}}, {"type": "Feature", "geometry": {"type": "Point", "coordinates": [-118.10226, 34.05733]}, "properties": {"id": "rancho-potrero-grande-195", "register_no": null, "name": "Potrero Grande (Manuel Antonio)", "date": {"iso": "1845", "display": "1845", "confidence": "year"}, "coord_precision": "exact", "polygon": [[[34.05405, -118.1353], [34.05048, -118.12983], [34.04763, -118.12507], [34.04429, -118.11293], [34.04572, -118.0989], [34.05096, -118.08509], [34.05595, -118.07581], [34.06048, -118.07248], [34.06238, -118.07819], [34.06428, -118.08438], [34.06642, -118.09152], [34.06785, -118.09747], [34.0688, -118.1027], [34.06666, -118.10889], [34.05405, -118.1353]]], "type": "rancho", "layer": "pico", "summary": "Granted 1845 by Pio Pico to Manuel Antonio. Present-day Los Angeles County.", "sources": [{"citation": "Diseño (Bancroft Land Case Maps)", "url": "../gallery/disenos.html#dise-o-del-potrero-grande-vic-misi-n-vieja-calif--rec78928"}, {"citation": "Boundary: NAHC/CNRA California Land Grants (PLSS reconstruction)", "url": null}], "notes": null, "tags": ["Los Angeles"]}}, {"type": "Feature", "geometry": {"type": "Point", "coordinates": [-118.19822, 33.9649]}, "properties": {"id": "rancho-san-antonio-196", "register_no": null, "name": "San Antonio (Antonio Maria Lugo)", "date": {"iso": "1810", "display": "1810", "confidence": "year"}, "coord_precision": "exact", "polygon": [[[34.01441, -118.12888], [34.05938, -118.15481], [34.04701, -118.18717], [34.04677, -118.22429], [34.01607, -118.22501], [34.01703, -118.26712], [33.98966, -118.26784], [33.96301, -118.26831], [33.94493, -118.26641], [33.93279, -118.26165], [33.91947, -118.25451], [33.92185, -118.24428], [33.92304, -118.23881], [33.92232, -118.2331], [33.92113, -118.22739], [33.91566, -118.22525], [33.90947, -118.2231], [33.90472, -118.22049], [33.90234, -118.21858], [33.909, -118.21692], [33.91376, -118.2143], [33.91947, -118.21097], [33.92423, -118.20692], [33.93137, -118.20193], [33.93517, -118.19717], [33.9385, -118.19336], [33.94398, -118.19027], [33.95088, -118.19098], [33.95587, -118.19074], [33.96111, -118.18622], [33.96515, -118.1817], [33.97205, -118.1798], [33.97586, -118.17885], [33.97919, -118.17432], [33.98157, -118.17123], [33.98704, -118.16838], [33.98966, -118.16504], [33.9918, -118.15886], [33.99466, -118.15576], [33.99894, -118.1522], [33.99823, -118.14815], [34.00037, -118.14363], [34.00537, -118.14101], [34.01179, -118.1353], [34.01441, -118.12888]]], "type": "rancho", "layer": "spanish", "summary": "Rancho San Antonio was granted in 1820, in the late Spanish period, to Luis Maria Peralta, and covered roughly 44,800 acres across present Oakland, Berkeley, Alameda, and San Leandro. It was later divided among Peralta's four sons.", "sources": [{"citation": "Diseño (Bancroft Land Case Maps)", "url": "../gallery/disenos.html#map-of-the-rancho-san-antonio-alameda-county-calif--rec78588"}, {"citation": "Boundary: NAHC/CNRA California Land Grants (PLSS reconstruction)", "url": null}], "notes": null, "tags": ["Los Angeles"]}}, {"type": "Feature", "geometry": {"type": "Point", "coordinates": [-118.28477, 33.83155]}, "properties": {"id": "rancho-san-pedro-197", "register_no": null, "name": "San Pedro (Juan Jose Dominguez)", "date": {"iso": "1784", "display": "1784", "confidence": "year"}, "coord_precision": "exact", "polygon": [[[33.91947, -118.25451], [33.91756, -118.26565], [33.91447, -118.27112], [33.91614, -118.2754], [33.91733, -118.28611], [33.91756, -118.29515], [33.91542, -118.3111], [33.90543, -118.33917], [33.89758, -118.35631], [33.89472, -118.3751], [33.89139, -118.38795], [33.88116, -118.39818], [33.87426, -118.40413], [33.8712, -118.40978], [33.82991, -118.40024], [33.83, -118.3851], [33.82905, -118.37582], [33.82596, -118.36606], [33.82239, -118.35321], [33.81739, -118.34179], [33.81192, -118.33204], [33.80406, -118.32585], [33.79312, -118.32204], [33.78384, -118.31919], [33.77242, -118.31371], [33.76242, -118.31133], [33.761, -118.30586], [33.76219, -118.29872], [33.76266, -118.28706], [33.76266, -118.27659], [33.76242, -118.27279], [33.75671, -118.27326], [33.74862, -118.28373], [33.74125, -118.29515], [33.73363, -118.30182], [33.72602, -118.30205], [33.71793, -118.29848], [33.709, -118.29258], [33.70785, -118.28514], [33.72197, -118.27469], [33.72911, -118.27207], [33.74196, -118.25565], [33.74838, -118.24828], [33.76242, -118.24756], [33.79669, -118.24994], [33.80192, -118.25066], [33.80502, -118.24828], [33.81049, -118.24828], [33.81691, -118.24423], [33.82191, -118.24495], [33.82691, -118.24281], [33.83214, -118.24043], [33.8369, -118.23519], [33.84356, -118.229], [33.85332, -118.23162], [33.86141, -118.23115], [33.86474, -118.229], [33.87021, -118.22329], [33.87497, -118.21806], [33.88425, -118.21663], [33.8952, -118.21711], [33.90234, -118.21858], [33.90472, -118.22049], [33.90947, -118.2231], [33.91566, -118.22525], [33.92113, -118.22739], [33.92232, -118.2331], [33.92304, -118.23881], [33.92185, -118.24428], [33.91947, -118.25451]]], "type": "rancho", "layer": "spanish", "summary": "Granted 1784 by Pedro Fages to Juan Jose Dominguez. Present-day Los Angeles County.", "sources": [{"citation": "Diseño (Bancroft Land Case Maps)", "url": "../gallery/disenos.html#dise-o-del-rancho-san-pedro-santa-margarita-y-las-gallinas-c--rec78418"}, {"citation": "Boundary: NAHC/CNRA California Land Grants (PLSS reconstruction)", "url": null}], "notes": null, "tags": ["Los Angeles"]}}, {"type": "Feature", "geometry": {"type": "Point", "coordinates": [-117.90562, 33.98254]}, "properties": {"id": "rancho-rincon-de-la-brea-198", "register_no": null, "name": "Rincon de la Brea (Gil Ybarra)", "date": {"iso": "1841", "display": "1841", "confidence": "year"}, "coord_precision": "exact", "polygon": [[[34.02483, -117.89807], [34.02436, -117.9309], [33.94964, -117.93138], [33.9425, -117.91187], [33.95202, -117.88855], [33.97058, -117.8876], [33.97153, -117.89854], [34.02483, -117.89807]]], "type": "rancho", "layer": "alvarado", "summary": "Granted 1841 by Juan Alvarado to Gil Ybarra. Present-day Los Angeles County.", "sources": [{"citation": "Diseño (Bancroft Land Case Maps)", "url": "../gallery/disenos.html#dise-o-del-rancho-rincon-de-la-brea-calif--rec78832"}, {"citation": "Boundary: NAHC/CNRA California Land Grants (PLSS reconstruction)", "url": null}], "notes": null, "tags": ["Los Angeles"]}}, {"type": "Feature", "geometry": {"type": "Point", "coordinates": [-117.77088, 33.89363]}, "properties": {"id": "rancho-canon-de-santa-ana-199", "register_no": null, "name": "Cañón de Santa Ana (Bernardo Yorba)", "date": {"iso": "1834", "display": "1834", "confidence": "year"}, "coord_precision": "exact", "polygon": [[[33.86446, -117.85904], [33.86208, -117.85524], [33.86255, -117.84667], [33.86922, -117.84048], [33.87302, -117.83144], [33.87635, -117.82002], [33.87778, -117.80765], [33.87778, -117.80241], [33.87683, -117.79242], [33.8735, -117.7848], [33.8716, -117.78004], [33.86826, -117.77386], [33.86779, -117.75863], [33.8716, -117.74721], [33.87635, -117.73721], [33.87778, -117.7315], [33.8754, -117.71961], [33.86969, -117.71247], [33.87112, -117.70628], [33.87588, -117.70105], [33.88111, -117.70152], [33.88825, -117.70438], [33.89253, -117.71104], [33.89634, -117.71437], [33.90348, -117.71294], [33.90491, -117.71437], [33.90586, -117.71913], [33.90681, -117.72151], [33.91252, -117.72294], [33.91538, -117.72294], [33.92061, -117.72722], [33.92585, -117.7296], [33.93013, -117.7315], [33.93061, -117.74007], [33.92965, -117.74626], [33.9268, -117.75339], [33.92252, -117.75815], [33.92537, -117.76339], [33.92489, -117.76957], [33.91918, -117.77909], [33.91395, -117.78433], [33.91157, -117.78909], [33.91157, -117.79289], [33.91014, -117.80622], [33.90396, -117.81098], [33.90015, -117.82763], [33.8892, -117.82954], [33.88682, -117.85286], [33.89111, -117.85238], [33.89015, -117.85857], [33.86446, -117.85904]]], "type": "rancho", "layer": "figueroa", "summary": "Granted 1834 by José Figueroa to Bernardo Yorba. Present-day Orange County.", "sources": [{"citation": "Diseño (Bancroft Land Case Maps)", "url": "../gallery/disenos.html#dise-o-del-parage-llamado-ca-on-de-santa-ana-calif-por-abel---rec79291-1"}, {"citation": "Boundary: NAHC/CNRA California Land Grants (PLSS reconstruction)", "url": null}], "notes": null, "tags": ["Orange"]}}, {"type": "Feature", "geometry": {"type": "Point", "coordinates": [-117.51522, 33.8611]}, "properties": {"id": "rancho-sobrante-de-san-jacinto-200", "register_no": null, "name": "Sobrante de San Jacinto (Maria del Rosario Estudillo Aguirre)", "date": {"iso": "1846", "display": "1846", "confidence": "year"}, "coord_precision": "exact", "polygon": [[[33.88016, -117.60558], [33.87302, -117.58797], [33.86398, -117.56894], [33.8497, -117.55561], [33.83543, -117.53753], [33.81592, -117.5223], [33.80116, -117.5104], [33.78689, -117.50517], [33.78831, -117.37335], [33.88159, -117.37477], [33.88302, -117.44711], [33.89063, -117.44711], [33.8892, -117.49851], [33.92965, -117.49851], [33.9287, -117.60511], [33.88016, -117.60558]]], "type": "rancho", "layer": "pico", "summary": "Granted 1846 by Pio Pico to Maria del Rosario Estudillo Aguirre. Present-day Riverside County.", "sources": [{"citation": "Boundary: NAHC/CNRA California Land Grants (PLSS reconstruction)", "url": null}], "notes": null, "tags": ["Riverside"]}}, {"type": "Feature", "geometry": {"type": "Point", "coordinates": [-117.26441, 34.07573]}, "properties": {"id": "rancho-san-bernardino-201", "register_no": null, "name": "San Bernardino (Antonio Maria Lugo)", "date": {"iso": "1842", "display": "1842", "confidence": "year"}, "coord_precision": "exact", "polygon": [[[34.15028, -117.36526], [34.13457, -117.36764], [34.11554, -117.36811], [34.08127, -117.37287], [34.05034, -117.38286], [34.04939, -117.38239], [34.03939, -117.36145], [34.05224, -117.32385], [34.04986, -117.30577], [34.05177, -117.2815], [34.05129, -117.17823], [34.02321, -117.17775], [34.02321, -117.15491], [34.01179, -117.15491], [34.01132, -117.10399], [34.04035, -117.10399], [34.03987, -117.15206], [34.0689, -117.15253], [34.06842, -117.24724], [34.09888, -117.24724], [34.09841, -117.2577], [34.14124, -117.25818], [34.14171, -117.27246], [34.1498, -117.27198], [34.15028, -117.36526]]], "type": "rancho", "layer": "alvarado", "summary": "Rancho San Bernardino was granted in 1842 to members of the Lugo family. The land was sold in 1851 to Mormon colonists, who founded the city of San Bernardino.", "sources": [{"citation": "Diseño (Bancroft Land Case Maps)", "url": "../gallery/disenos.html#dise-o-del-rancho-san-bernardino-calif--rec78502"}, {"citation": "Boundary: NAHC/CNRA California Land Grants (PLSS reconstruction)", "url": null}], "notes": null, "tags": ["San Bernardino"]}}, {"type": "Feature", "geometry": {"type": "Point", "coordinates": [-117.68138, 34.13584]}, "properties": {"id": "rancho-cucamonga-202", "register_no": null, "name": "Cucamonga (Tiburcio Tapia)", "date": {"iso": "1839", "display": "1839", "confidence": "year"}, "coord_precision": "exact", "polygon": [[[34.13029, -117.71247], [34.10031, -117.71294], [34.09841, -117.62966], [34.15028, -117.62871], [34.1498, -117.64537], [34.15694, -117.64441], [34.16075, -117.71437], [34.14552, -117.73198], [34.13029, -117.71247]]], "type": "rancho", "layer": "alvarado", "summary": "Rancho Cucamonga was granted in 1839 to Tiburcio Tapia, a Los Angeles merchant and former alcalde. The rancho, in present San Bernardino County, later became noted for its vineyards.", "sources": [{"citation": "Diseño (Bancroft Land Case Maps)", "url": "../gallery/disenos.html#plan-de-cucamonga-calif--rec79344"}, {"citation": "Boundary: NAHC/CNRA California Land Grants (PLSS reconstruction)", "url": null}], "notes": null, "tags": ["San Bernardino"]}}, {"type": "Feature", "geometry": {"type": "Point", "coordinates": [-117.84557, 33.63312]}, "properties": {"id": "rancho-san-joaquin-203", "register_no": null, "name": "San Joaquín (José Andres Sepúlveda)", "date": {"iso": "1842", "display": "1842", "confidence": "year"}, "coord_precision": "exact", "polygon": [[[33.60553, -117.9271], [33.57353, -117.8403], [33.55223, -117.8142], [33.55947, -117.81277], [33.56613, -117.80611], [33.57374, -117.80658], [33.57993, -117.80754], [33.58612, -117.80516], [33.59421, -117.79849], [33.6023, -117.79992], [33.60896, -117.8004], [33.61372, -117.79707], [33.618, -117.79136], [33.62419, -117.78041], [33.62847, -117.77803], [33.6337, -117.77375], [33.63846, -117.76566], [33.63846, -117.7628], [33.64605, -117.75617], [33.67591, -117.74221], [33.67701, -117.83466], [33.76077, -117.83466], [33.74649, -117.84799], [33.71413, -117.8794], [33.69129, -117.90509], [33.68225, -117.91794], [33.6732, -117.91223], [33.66511, -117.91176], [33.65798, -117.91652], [33.65322, -117.91556], [33.64703, -117.91652], [33.64084, -117.92032], [33.63323, -117.91747], [33.62704, -117.92032], [33.61848, -117.92318], [33.61277, -117.91937], [33.60553, -117.9271]]], "type": "rancho", "layer": "alvarado", "summary": "Granted 1842 by Juan Alvarado to José Andres Sepúlveda. Present-day Orange County.", "sources": [{"citation": "Diseño (Bancroft Land Case Maps)", "url": "../gallery/disenos.html#dise-o-del-rancho-san-joaquin-san-benito-county-calif--rec78416"}, {"citation": "Boundary: NAHC/CNRA California Land Grants (PLSS reconstruction)", "url": null}], "notes": null, "tags": ["Orange"]}}, {"type": "Feature", "geometry": {"type": "Point", "coordinates": [-117.89565, 33.79666]}, "properties": {"id": "rancho-santiago-de-santa-ana-204", "register_no": null, "name": "Santiago de Santa Ana (José Antonio Yorba and Juan Pablo Peralta)", "date": {"iso": "1810", "display": "1810", "confidence": "year"}, "coord_precision": "exact", "polygon": [[[33.68225, -117.91794], [33.69129, -117.90509], [33.71413, -117.8794], [33.74649, -117.84799], [33.76077, -117.83466], [33.78076, -117.81801], [33.81407, -117.79469], [33.84976, -117.77089], [33.86779, -117.75863], [33.86826, -117.77386], [33.8716, -117.78004], [33.8735, -117.7848], [33.87683, -117.79242], [33.87778, -117.80241], [33.87778, -117.80765], [33.87635, -117.82002], [33.87302, -117.83144], [33.86922, -117.84048], [33.86255, -117.84667], [33.86208, -117.85524], [33.86446, -117.85904], [33.86071, -117.86512], [33.85785, -117.87083], [33.85928, -117.88082], [33.86071, -117.88749], [33.85833, -117.8932], [33.85071, -117.89891], [33.84548, -117.90034], [33.84167, -117.90176], [33.83881, -117.90843], [33.83596, -117.91366], [33.8312, -117.91937], [33.82597, -117.92318], [33.82121, -117.92508], [33.81883, -117.92984], [33.81883, -117.93412], [33.81835, -117.93983], [33.8155, -117.94221], [33.81026, -117.94507], [33.80503, -117.9465], [33.79503, -117.9465], [33.78789, -117.94221], [33.78456, -117.94221], [33.77885, -117.94221], [33.77504, -117.94459], [33.76838, -117.94459], [33.76267, -117.94364], [33.75744, -117.94364], [33.75268, -117.94792], [33.74792, -117.95506], [33.73793, -117.95744], [33.73174, -117.95697], [33.72174, -117.95697], [33.71318, -117.95935], [33.70318, -117.96839], [33.697, -117.97648], [33.68177, -117.97648], [33.66226, -117.96791], [33.65179, -117.95982], [33.66749, -117.93745], [33.68225, -117.91794]]], "type": "rancho", "layer": "spanish", "summary": "Rancho Santiago de Santa Ana was granted in 1810, in the Spanish period, to Jose Antonio Yorba and his nephew Juan Pablo Peralta. It was one of the earliest and largest grants in the territory that became Orange County.", "sources": [{"citation": "Diseño (Bancroft Land Case Maps)", "url": "../gallery/disenos.html#dise-o-del-rancho-santiago-de-santa-ana-calif--rec79271"}, {"citation": "Boundary: NAHC/CNRA California Land Grants (PLSS reconstruction)", "url": null}], "notes": null, "tags": ["Orange"]}}, {"type": "Feature", "geometry": {"type": "Point", "coordinates": [-117.9889, 33.72698]}, "properties": {"id": "rancho-las-bolsas-205", "register_no": null, "name": "Las Bolsas (Catarina Ruiz)", "date": {"iso": "1834", "display": "1834", "confidence": "year"}, "coord_precision": "exact", "polygon": [[[33.66433, -118.0123], [33.67796, -118.01217], [33.68843, -118.00979], [33.69509, -118.0036], [33.70176, -117.99313], [33.71032, -117.98933], [33.71794, -117.98219], [33.72174, -117.97553], [33.72841, -117.97077], [33.73221, -117.96791], [33.74221, -117.96173], [33.74339, -117.95614], [33.74792, -117.95506], [33.75268, -117.94792], [33.75744, -117.94364], [33.76267, -117.94364], [33.76838, -117.94459], [33.77504, -117.94459], [33.77885, -117.94221], [33.77695, -118.0707], [33.74744, -118.03263], [33.71128, -118.03359], [33.70458, -118.05938], [33.70314, -118.0577], [33.66433, -118.0123]]], "type": "rancho", "layer": "figueroa", "summary": "Granted 1834 by José Figueroa to Catarina Ruiz. Present-day Orange County.", "sources": [{"citation": "Diseño (Bancroft Land Case Maps)", "url": "../gallery/disenos.html#dise-o-del-rancho-de-las-bolsas-del-potrero-llamado-la-sagra--rec79250"}, {"citation": "Boundary: NAHC/CNRA California Land Grants (PLSS reconstruction)", "url": null}], "notes": null, "tags": ["Orange"]}}, {"type": "Feature", "geometry": {"type": "Point", "coordinates": [-118.11307, 33.85705]}, "properties": {"id": "rancho-los-coyotes-206", "register_no": null, "name": "Los Coyotes (Juan Jose Nieto)", "date": {"iso": "1834", "display": "1834", "confidence": "year"}, "coord_precision": "exact", "polygon": [[[33.77812, -117.9917], [33.91067, -117.98742], [33.91972, -118.00884], [33.91829, -118.03977], [33.91686, -118.07118], [33.91448, -118.10164], [33.91115, -118.12686], [33.90734, -118.14304], [33.90306, -118.1459], [33.89592, -118.14494], [33.88926, -118.14447], [33.88498, -118.14304], [33.88069, -118.14542], [33.87451, -118.14685], [33.8707, -118.14685], [33.86356, -118.1459], [33.85833, -118.14161], [33.85547, -118.13638], [33.85166, -118.13257], [33.84643, -118.13543], [33.84024, -118.14447], [33.83358, -118.14732], [33.8293, -118.1497], [33.82597, -118.15827], [33.82073, -118.1597], [33.81454, -118.15732], [33.81121, -118.14447], [33.79789, -118.11544], [33.78885, -118.08641], [33.77695, -118.0707], [33.77812, -117.9917]]], "type": "rancho", "layer": "figueroa", "summary": "Granted 1834 by José Figueroa to Juan Jose Nieto. Present-day Orange County.", "sources": [{"citation": "Diseño (Bancroft Land Case Maps)", "url": "../gallery/disenos.html#dise-o-de-los-parages-llamados-sta-gertrudes-coyotes-bolsas---rec79257"}, {"citation": "Boundary: NAHC/CNRA California Land Grants (PLSS reconstruction)", "url": null}], "notes": null, "tags": ["Orange"]}}, {"type": "Feature", "geometry": {"type": "Point", "coordinates": [-118.06588, 33.74415]}, "properties": {"id": "rancho-la-bolsa-chica-207", "register_no": null, "name": "La Bolsa Chica (Joaquín Ruíz)", "date": {"iso": "1841", "display": "1841", "confidence": "year"}, "coord_precision": "exact", "polygon": [[[33.77409, -118.07166], [33.73493, -118.09848], [33.72982, -118.08891], [33.70458, -118.05938], [33.71128, -118.03359], [33.74744, -118.03263], [33.77695, -118.0707], [33.77409, -118.07166]]], "type": "rancho", "layer": "alvarado", "summary": "Granted 1841 by Juan Alvarado to Joaquín Ruíz. Present-day Orange County.", "sources": [{"citation": "Diseño (Bancroft Land Case Maps)", "url": "../gallery/disenos.html#map-of-a-portion-of-los-angeles-county-showing-the-abel-stea--rec79646"}, {"citation": "Boundary: NAHC/CNRA California Land Grants (PLSS reconstruction)", "url": null}], "notes": null, "tags": ["Orange"]}}, {"type": "Feature", "geometry": {"type": "Point", "coordinates": [-118.15017, 33.77074]}, "properties": {"id": "rancho-los-alamitos-208", "register_no": null, "name": "Los Alamitos (Juan Jose Nieto)", "date": {"iso": "1834", "display": "1834", "confidence": "year"}, "coord_precision": "exact", "polygon": [[[33.74412, -118.15986], [33.75322, -118.13271], [33.74381, -118.11509], [33.73493, -118.09848], [33.77695, -118.0707], [33.78885, -118.08641], [33.79789, -118.11544], [33.81121, -118.14447], [33.81454, -118.15732], [33.81502, -118.18302], [33.79741, -118.20015], [33.76362, -118.2149], [33.75458, -118.19396], [33.75934, -118.17873], [33.75506, -118.17445], [33.74792, -118.16731], [33.74412, -118.15986]]], "type": "rancho", "layer": "figueroa", "summary": "Granted 1834 by José Figueroa to Juan Jose Nieto. Present-day Orange County.", "sources": [{"citation": "Diseño (Bancroft Land Case Maps)", "url": "../gallery/disenos.html#dise-o-de-los-parages-llamados-sta-gertrudes-coyotes-bolsas---rec79257"}, {"citation": "Boundary: NAHC/CNRA California Land Grants (PLSS reconstruction)", "url": null}], "notes": null, "tags": ["Orange"]}}, {"type": "Feature", "geometry": {"type": "Point", "coordinates": [-117.99143, 33.94927]}, "properties": {"id": "rancho-la-habra-209", "register_no": null, "name": "La Habra (Mariano Roldan)", "date": {"iso": "1839", "display": "1839", "confidence": "year"}, "coord_precision": "exact", "polygon": [[[33.91067, -117.98742], [33.96088, -117.95492], [33.9792, -117.95516], [33.97896, -117.98799], [33.97159, -118.00156], [33.96088, -118.00013], [33.95089, -118.03939], [33.91972, -118.00884], [33.91067, -117.98742]]], "type": "rancho", "layer": "alvarado", "summary": "Granted 1839 by Juan Alvarado to Mariano Roldan. Present-day Orange County.", "sources": [{"citation": "Diseño (Bancroft Land Case Maps)", "url": "../gallery/disenos.html#dise-o-de-la-ca-ada-de-la-habra-calif--rec79343"}, {"citation": "Boundary: NAHC/CNRA California Land Grants (PLSS reconstruction)", "url": null}], "notes": null, "tags": ["Orange"]}}, {"type": "Feature", "geometry": {"type": "Point", "coordinates": [-118.1327, 33.95779]}, "properties": {"id": "rancho-santa-gertrudes-210", "register_no": null, "name": "Santa Gertrudes (Josefa Cota)", "date": {"iso": "1834", "display": "1834", "confidence": "year"}, "coord_precision": "exact", "polygon": [[[33.93315, -118.19969], [33.90306, -118.1459], [33.90734, -118.14304], [33.91115, -118.12686], [33.91448, -118.10164], [33.91686, -118.07118], [33.91829, -118.03977], [33.91972, -118.00884], [33.95089, -118.03939], [33.95446, -118.04855], [33.95755, -118.05759], [33.95945, -118.0683], [33.96469, -118.07782], [33.96849, -118.08401], [33.97516, -118.09091], [33.98134, -118.09804], [33.98539, -118.10614], [33.98801, -118.11399], [33.98967, -118.12684], [33.99158, -118.13731], [33.99181, -118.14183], [33.99466, -118.15576], [33.9918, -118.15886], [33.98966, -118.16504], [33.98704, -118.16838], [33.98157, -118.17123], [33.97919, -118.17432], [33.97586, -118.17885], [33.97205, -118.1798], [33.96515, -118.1817], [33.96111, -118.18622], [33.95587, -118.19074], [33.95088, -118.19098], [33.94398, -118.19027], [33.9385, -118.19336], [33.93517, -118.19717], [33.93315, -118.19969]]], "type": "rancho", "layer": "figueroa", "summary": "Granted 1834 by José Figueroa to Josefa Cota. Present-day Los Angeles County.", "sources": [{"citation": "Diseño (Bancroft Land Case Maps)", "url": "../gallery/disenos.html#sketch-of-the-rancho-santa-gertrudes-calif-geo-hansen--rec78889"}, {"citation": "Boundary: NAHC/CNRA California Land Grants (PLSS reconstruction)", "url": null}], "notes": null, "tags": ["Los Angeles"]}}, {"type": "Feature", "geometry": {"type": "Point", "coordinates": [-118.11563, 34.03532]}, "properties": {"id": "rancho-la-merced-211", "register_no": null, "name": "La Merced (Casilda Soto de Lobo)", "date": {"iso": "1844", "display": "1844", "confidence": "year"}, "coord_precision": "exact", "polygon": [[[34.05938, -118.15481], [34.01441, -118.12888], [34.01894, -118.12565], [34.02251, -118.12351], [34.02417, -118.11994], [34.02441, -118.11446], [34.0237, -118.11161], [34.02132, -118.10732], [34.02536, -118.10376], [34.02798, -118.09971], [34.0287, -118.09305], [34.03179, -118.08972], [34.03536, -118.08758], [34.0469, -118.09578], [34.04572, -118.0989], [34.04429, -118.11293], [34.04763, -118.12507], [34.05048, -118.12983], [34.05405, -118.1353], [34.05938, -118.15481]]], "type": "rancho", "layer": "micheltorena", "summary": "Granted 1844 by Manuel Micheltorena to Casilda Soto de Lobo. Present-day Los Angeles County.", "sources": [{"citation": "Diseño (Bancroft Land Case Maps)", "url": "../gallery/disenos.html#dise-o-del-terreno-que-nombran-de-la-laguna-de-la-merced-y-p--rec78757"}, {"citation": "Boundary: NAHC/CNRA California Land Grants (PLSS reconstruction)", "url": null}], "notes": null, "tags": ["Los Angeles"]}}, {"type": "Feature", "geometry": {"type": "Point", "coordinates": [-118.07082, 34.05629]}, "properties": {"id": "rancho-potrero-de-felipe-lugo-212", "register_no": null, "name": "Potrero de Felipe Lugo (Teodoro Romero and Jorge Morillo)", "date": {"iso": "1845", "display": "1845", "confidence": "year"}, "coord_precision": "exact", "polygon": [[[34.03536, -118.08758], [34.03864, -118.08139], [34.04245, -118.07877], [34.04578, -118.07544], [34.04792, -118.0733], [34.04768, -118.06878], [34.04792, -118.06592], [34.0484, -118.06283], [34.05173, -118.06069], [34.05625, -118.06021], [34.06172, -118.05783], [34.06719, -118.05426], [34.0741, -118.0545], [34.07529, -118.05783], [34.07505, -118.06307], [34.07457, -118.06616], [34.07338, -118.06997], [34.07076, -118.07187], [34.06719, -118.07258], [34.06048, -118.07248], [34.05595, -118.07581], [34.05096, -118.08509], [34.0469, -118.09578], [34.03536, -118.08758]]], "type": "rancho", "layer": "pico", "summary": "Granted 1845 by Pio Pico to Teodoro Romero and Jorge Morillo. Present-day Los Angeles County.", "sources": [{"citation": "Boundary: NAHC/CNRA California Land Grants (PLSS reconstruction)", "url": null}], "notes": null, "tags": ["Los Angeles"]}}, {"type": "Feature", "geometry": {"type": "Point", "coordinates": [-117.99412, 34.04575]}, "properties": {"id": "rancho-la-puente-213", "register_no": null, "name": "La Puente (John A. Rowland)", "date": {"iso": "1842", "display": "1842", "confidence": "year"}, "coord_precision": "exact", "polygon": [[[34.02483, -117.89807], [34.02793, -117.88794], [34.06125, -117.86343], [34.1055, -117.88104], [34.11026, -117.90412], [34.09789, -117.93481], [34.09837, -118.025], [34.09551, -118.0319], [34.09075, -118.03761], [34.08766, -118.04593], [34.08361, -118.0495], [34.0741, -118.0545], [34.06719, -118.05426], [34.06172, -118.05783], [34.05625, -118.06021], [34.05173, -118.06069], [34.0484, -118.06283], [34.04792, -118.06592], [34.04768, -118.06878], [34.03174, -118.0664], [34.00319, -118.05188], [33.98962, -118.01429], [33.97896, -117.98799], [33.9792, -117.95516], [33.96088, -117.95492], [33.94964, -117.93138], [34.02436, -117.9309], [34.02483, -117.89807]]], "type": "rancho", "layer": "alvarado", "summary": "Rancho La Puente in the San Gabriel Valley was granted in the early 1840s to John Rowland and William Workman, Anglo-American settlers who had reached California via the 1841 Rowland-Workman overland party from New Mexico. The grant totaled roughly 48,000 acres.", "sources": [{"citation": "Diseño (Bancroft Land Case Maps)", "url": "../gallery/disenos.html#plat-of-the-rancho-rincon-de-la-puente-del-monte-calif-final--rec79295-1"}, {"citation": "Boundary: NAHC/CNRA California Land Grants (PLSS reconstruction)", "url": null}], "notes": null, "tags": ["Los Angeles"]}}, {"type": "Feature", "geometry": {"type": "Point", "coordinates": [-118.05316, 34.10637]}, "properties": {"id": "rancho-san-francisquito-214", "register_no": null, "name": "San Francisquito (Henry Dalton)", "date": {"iso": "1845", "display": "1845", "confidence": "year"}, "coord_precision": "exact", "polygon": [[[34.09837, -118.025], [34.11393, -118.01536], [34.12672, -118.0458], [34.12491, -118.0475], [34.12658, -118.05654], [34.13395, -118.06701], [34.13919, -118.09033], [34.13989, -118.1048], [34.08371, -118.10483], [34.07882, -118.05202], [34.07988, -118.05146], [34.08361, -118.0495], [34.08766, -118.04593], [34.09075, -118.03761], [34.09551, -118.0319], [34.09837, -118.025]]], "type": "rancho", "layer": "pico", "summary": "Granted 1845 by Pio Pico to Henry Dalton. Present-day Los Angeles County.", "sources": [{"citation": "Diseño (Bancroft Land Case Maps)", "url": "../gallery/disenos.html#dise-o-del-rancho-rincon-de-san-francisquito-santa-clara-co---rec78448"}, {"citation": "Boundary: NAHC/CNRA California Land Grants (PLSS reconstruction)", "url": null}], "notes": null, "tags": ["Los Angeles"]}}, {"type": "Feature", "geometry": {"type": "Point", "coordinates": [-118.0018, 34.14366]}, "properties": {"id": "rancho-azusa-de-duarte-215", "register_no": null, "name": "Azusa de Duarte (Andrés Duarte)", "date": {"iso": "1841", "display": "1841", "confidence": "year"}, "coord_precision": "exact", "polygon": [[[34.17107, -118.02418], [34.16227, -118.02299], [34.15632, -118.02394], [34.15085, -118.02704], [34.14276, -118.03727], [34.13919, -118.04179], [34.1349, -118.04322], [34.12896, -118.04369], [34.12672, -118.0458], [34.11393, -118.01536], [34.10774, -117.99965], [34.12011, -117.9987], [34.12559, -117.99894], [34.12844, -117.99632], [34.12963, -117.99037], [34.13249, -117.98419], [34.13629, -117.98086], [34.14224, -117.97657], [34.14819, -117.9761], [34.15105, -117.97348], [34.15414, -117.96753], [34.15961, -117.95849], [34.16485, -117.94802], [34.18174, -117.94897], [34.15509, -117.99918], [34.17107, -118.02418]]], "type": "rancho", "layer": "alvarado", "summary": "Granted 1841 by Juan Alvarado to Andrés Duarte. Present-day Los Angeles County.", "sources": [{"citation": "Boundary: NAHC/CNRA California Land Grants (PLSS reconstruction)", "url": null}], "notes": null, "tags": ["Los Angeles"]}}, {"type": "Feature", "geometry": {"type": "Point", "coordinates": [-117.95952, 34.14434]}, "properties": {"id": "rancho-azusa-de-dalton-216", "register_no": null, "name": "Azusa de Dalton (Luis Arenas)", "date": {"iso": "1841", "display": "1841", "confidence": "year"}, "coord_precision": "exact", "polygon": [[[34.12844, -117.99632], [34.12844, -117.97919], [34.11536, -117.97919], [34.11583, -117.92423], [34.15414, -117.92375], [34.15485, -117.92565], [34.15509, -117.93017], [34.15319, -117.93303], [34.15152, -117.93469], [34.15033, -117.93945], [34.15152, -117.94635], [34.15414, -117.94992], [34.15581, -117.95254], [34.15628, -117.95373], [34.15723, -117.95635], [34.15961, -117.95849], [34.15414, -117.96753], [34.15105, -117.97348], [34.14819, -117.9761], [34.14224, -117.97657], [34.13629, -117.98086], [34.13249, -117.98419], [34.12963, -117.99037], [34.12844, -117.99632]]], "type": "rancho", "layer": "alvarado", "summary": "Granted 1841 by Juan Alvarado to Luis Arenas. Present-day Los Angeles County.", "sources": [{"citation": "Boundary: NAHC/CNRA California Land Grants (PLSS reconstruction)", "url": null}], "notes": null, "tags": ["Los Angeles"]}}, {"type": "Feature", "geometry": {"type": "Point", "coordinates": [-117.88146, 34.11856]}, "properties": {"id": "rancho-san-jose-217", "register_no": null, "name": "San Jose (Ygnacio Palomares and Ricardo Vejar)", "date": {"iso": "1837", "display": "1837", "confidence": "year"}, "coord_precision": "exact", "polygon": [[[34.11026, -117.90412], [34.1055, -117.88104], [34.10608, -117.8477], [34.13963, -117.84746], [34.13963, -117.90433], [34.11026, -117.90412]]], "type": "rancho", "layer": "alvarado", "summary": "Granted 1837 by Juan Alvarado to Ygnacio Palomares and Ricardo Vejar. Present-day Los Angeles County.", "sources": [{"citation": "Diseño (Bancroft Land Case Maps)", "url": "../gallery/disenos.html#dise-o-del-rancho-san-jos-marin-co-calif--rec78435"}, {"citation": "Boundary: NAHC/CNRA California Land Grants (PLSS reconstruction)", "url": null}], "notes": null, "tags": ["Los Angeles"]}}, {"type": "Feature", "geometry": {"type": "Point", "coordinates": [-117.81827, 34.07714]}, "properties": {"id": "rancho-san-jose-218", "register_no": null, "name": "San Jose (Ygnacio Palomares and Ricardo Vejar)", "date": {"iso": "1837", "display": "1837", "confidence": "year"}, "coord_precision": "exact", "polygon": [[[34.10608, -117.8477], [34.1055, -117.88104], [34.06125, -117.86343], [34.03731, -117.79673], [34.03707, -117.77746], [34.05896, -117.77675], [34.10489, -117.75533], [34.10608, -117.8477]]], "type": "rancho", "layer": "alvarado", "summary": "Granted 1837 by Juan Alvarado to Ygnacio Palomares and Ricardo Vejar. Present-day Los Angeles County.", "sources": [{"citation": "Diseño (Bancroft Land Case Maps)", "url": "../gallery/disenos.html#dise-o-del-rancho-san-jos-marin-co-calif--rec78435"}, {"citation": "Boundary: NAHC/CNRA California Land Grants (PLSS reconstruction)", "url": null}], "notes": null, "tags": ["Los Angeles"]}}, {"type": "Feature", "geometry": {"type": "Point", "coordinates": [-117.76584, 33.99497]}, "properties": {"id": "rancho-santa-ana-del-chino-219", "register_no": null, "name": "Santa Ana del Chino (Antonio Maria Lugo)", "date": {"iso": "1841", "display": "1841", "confidence": "year"}, "coord_precision": "exact", "polygon": [[[33.98237, -117.6701], [34.05896, -117.77675], [34.03707, -117.77746], [34.03731, -117.79673], [34.02758, -117.79716], [34.02758, -117.81191], [34.0133, -117.81168], [34.0133, -117.82453], [33.98522, -117.82476], [33.98546, -117.83761], [33.97071, -117.83737], [33.97047, -117.80906], [33.97737, -117.80906], [33.97713, -117.73411], [33.9738, -117.72744], [33.96928, -117.72292], [33.95976, -117.71578], [33.97523, -117.69199], [33.97523, -117.67034], [33.98237, -117.6701]]], "type": "rancho", "layer": "alvarado", "summary": "Granted 1841 by Juan Alvarado to Antonio Maria Lugo. Present-day San Bernardino County.", "sources": [{"citation": "Diseño (Bancroft Land Case Maps)", "url": "../gallery/disenos.html#dise-o-del-rancho-santa-ana-del-chino-addition-calif--rec78971-1"}, {"citation": "Boundary: NAHC/CNRA California Land Grants (PLSS reconstruction)", "url": null}], "notes": null, "tags": ["San Bernardino"]}}, {"type": "Feature", "geometry": {"type": "Point", "coordinates": [-117.6724, 33.93197]}, "properties": {"id": "rancho-el-rincon-220", "register_no": null, "name": "El Rincon (Juan Bandini)", "date": {"iso": "1839", "display": "1839", "confidence": "year"}, "coord_precision": "exact", "polygon": [[[33.97523, -117.67629], [33.97523, -117.69199], [33.9694, -117.70096], [33.96935, -117.70103], [33.92835, -117.70098], [33.92859, -117.68718], [33.91717, -117.68718], [33.91717, -117.67886], [33.90337, -117.67886], [33.90956, -117.67576], [33.91098, -117.67195], [33.91289, -117.66981], [33.91503, -117.66743], [33.9155, -117.66553], [33.91669, -117.66434], [33.91907, -117.66172], [33.91884, -117.65934], [33.91979, -117.65649], [33.92193, -117.65482], [33.92336, -117.65363], [33.92502, -117.6503], [33.93478, -117.65054], [33.93454, -117.66225], [33.94691, -117.66248], [33.94715, -117.67652], [33.97523, -117.67629]]], "type": "rancho", "layer": "alvarado", "summary": "Granted 1839 by Juan Alvarado to Juan Bandini. Present-day San Bernardino; Riverside County.", "sources": [{"citation": "Diseño (Bancroft Land Case Maps)", "url": "../gallery/disenos.html#dise-o-del-rancho-rincon-de-san-francisquito-santa-clara-co---rec78448"}, {"citation": "Boundary: NAHC/CNRA California Land Grants (PLSS reconstruction)", "url": null}], "notes": null, "tags": ["San Bernardino; Riverside"]}}, {"type": "Feature", "geometry": {"type": "Point", "coordinates": [-117.44262, 33.98577]}, "properties": {"id": "rancho-jurupa-221", "register_no": null, "name": "Jurupa (Juan Bandini)", "date": {"iso": "1838", "display": "1838", "confidence": "year"}, "coord_precision": "exact", "polygon": [[[33.98094, -117.47237], [33.95952, -117.46023], [33.96999, -117.4362], [33.96238, -117.42192], [34.0114, -117.39194], [34.03519, -117.44334], [33.98094, -117.47237]]], "type": "rancho", "layer": "alvarado", "summary": "Granted 1838 by Juan Alvarado to Juan Bandini. Present-day Riverside County.", "sources": [{"citation": "Diseño (Bancroft Land Case Maps)", "url": "../gallery/disenos.html#jurupa-situated-in-the-county-of-san-bernardino-calif-confir--rec79804-1"}, {"citation": "Boundary: NAHC/CNRA California Land Grants (PLSS reconstruction)", "url": null}], "notes": null, "tags": ["Riverside"]}}, {"type": "Feature", "geometry": {"type": "Point", "coordinates": [-118.27176, 33.93662]}, "properties": {"id": "rancho-la-tajauta-222", "register_no": null, "name": "La Tajauta (Anastasio Avila)", "date": {"iso": "1843", "display": "1843", "confidence": "year"}, "coord_precision": "exact", "polygon": [[[33.96544, -118.26827], [33.96547, -118.28757], [33.91737, -118.28786], [33.91733, -118.28611], [33.91614, -118.2754], [33.91447, -118.27112], [33.91756, -118.26565], [33.91947, -118.25451], [33.93279, -118.26165], [33.94493, -118.26641], [33.96301, -118.26831], [33.96544, -118.26827]]], "type": "rancho", "layer": "micheltorena", "summary": "Granted 1843 by Manuel Micheltorena to Anastasio Avila. Present-day Los Angeles County.", "sources": [{"citation": "Diseño (Bancroft Land Case Maps)", "url": "../gallery/disenos.html#dise-o-del-rancho-tajauta-calif--rec79322"}, {"citation": "Boundary: NAHC/CNRA California Land Grants (PLSS reconstruction)", "url": null}], "notes": null, "tags": ["Los Angeles"]}}, {"type": "Feature", "geometry": {"type": "Point", "coordinates": [-118.26395, 34.05731]}, "properties": {"id": "rancho-la-cienega-o-paso-de-la-tijera-223", "register_no": null, "name": "La Cienega o Paso de la Tijera (Vicente Sanchez)", "date": {"iso": "1843", "display": "1843", "confidence": "year"}, "coord_precision": "exact", "polygon": [[[34.01703, -118.26712], [34.01607, -118.22501], [34.04677, -118.22429], [34.09158, -118.22547], [34.09515, -118.24402], [34.08254, -118.26068], [34.09492, -118.2859], [34.09468, -118.31993], [34.01735, -118.31993], [34.01703, -118.26712]]], "type": "rancho", "layer": "micheltorena", "summary": "Granted 1843 by Manuel Micheltorena to Vicente Sanchez. Present-day Los Angeles County.", "sources": [{"citation": "Boundary: NAHC/CNRA California Land Grants (PLSS reconstruction)", "url": null}], "notes": null, "tags": ["Los Angeles"]}}, {"type": "Feature", "geometry": {"type": "Point", "coordinates": [-118.45908, 34.00338]}, "properties": {"id": "rancho-la-ballona-224", "register_no": null, "name": "La Ballona (Machado and Talamantesfamilies)", "date": {"iso": "1839", "display": "1839", "confidence": "year"}, "coord_precision": "exact", "polygon": [[[33.97237, -118.46279], [33.98594, -118.44162], [33.9857, -118.42639], [33.99902, -118.4045], [34.02068, -118.40426], [34.04852, -118.44733], [34.03138, -118.48445], [34.02329, -118.49825], [34.01494, -118.50684], [34.01459, -118.50649], [33.9717, -118.46323], [33.97237, -118.46279]]], "type": "rancho", "layer": "alvarado", "summary": "Granted 1839 by Juan Alvarado to Machado and Talamantesfamilies. Present-day Los Angeles County.", "sources": [{"citation": "Boundary: NAHC/CNRA California Land Grants (PLSS reconstruction)", "url": null}], "notes": null, "tags": ["Los Angeles"]}}, {"type": "Feature", "geometry": {"type": "Point", "coordinates": [-118.4656, 34.06741]}, "properties": {"id": "rancho-san-jose-de-buenos-ayres-225", "register_no": null, "name": "San Jose de Buenos Ayres (Maximo Alanis)", "date": {"iso": "1843", "display": "1843", "confidence": "year"}, "coord_precision": "exact", "polygon": [[[34.04565, -118.44288], [34.06827, -118.43686], [34.09016, -118.4597], [34.09063, -118.46541], [34.09016, -118.47659], [34.08825, -118.48111], [34.08183, -118.49111], [34.07802, -118.49444], [34.06874, -118.48397], [34.04004, -118.46569], [34.04046, -118.46478], [34.04852, -118.44733], [34.04565, -118.44288]]], "type": "rancho", "layer": "micheltorena", "summary": "Granted 1843 by Manuel Micheltorena to Maximo Alanis. Present-day Los Angeles County.", "sources": [{"citation": "Diseño (Bancroft Land Case Maps)", "url": "../gallery/disenos.html#dise-o-del-rancho-san-jos-de-buenos-ayres-calif--rec78545"}, {"citation": "Boundary: NAHC/CNRA California Land Grants (PLSS reconstruction)", "url": null}], "notes": null, "tags": ["Los Angeles"]}}, {"type": "Feature", "geometry": {"type": "Point", "coordinates": [-118.38042, 34.04709]}, "properties": {"id": "rancho-la-cienega-o-paso-de-la-tijera-226", "register_no": null, "name": "La Cienega o Paso de la Tijera (Vicente Sanchez)", "date": {"iso": "1843", "display": "1843", "confidence": "year"}, "coord_precision": "exact", "polygon": [[[34.06636, -118.34525], [34.07398, -118.36547], [34.07683, -118.38594], [34.03971, -118.40235], [34.0359, -118.40235], [34.03162, -118.40045], [34.02996, -118.39855], [34.02734, -118.39498], [34.02282, -118.36357], [34.06636, -118.34525]]], "type": "rancho", "layer": "micheltorena", "summary": "Granted 1843 by Manuel Micheltorena to Vicente Sanchez. Present-day Los Angeles County.", "sources": [{"citation": "Boundary: NAHC/CNRA California Land Grants (PLSS reconstruction)", "url": null}], "notes": null, "tags": ["Los Angeles"]}}, {"type": "Feature", "geometry": {"type": "Point", "coordinates": [-118.5351, 34.25824]}, "properties": {"id": "rancho-ex-mission-san-fernando-227", "register_no": null, "name": "Ex-Mission San Fernando (Eulogio de Celis)", "date": {"iso": "1846", "display": "1846", "confidence": "year"}, "coord_precision": "exact", "polygon": [[[34.28958, -118.40654], [34.29505, -118.42225], [34.30885, -118.41987], [34.31718, -118.41987], [34.32051, -118.42177], [34.32432, -118.42463], [34.32646, -118.43081], [34.32456, -118.49544], [34.32503, -118.50519], [34.3286, -118.51162], [34.3336, -118.51733], [34.33788, -118.52042], [34.34026, -118.52399], [34.33979, -118.53065], [34.33812, -118.53732], [34.33574, -118.54469], [34.3355, -118.55255], [34.33645, -118.5573], [34.33788, -118.56183], [34.33741, -118.56563], [34.33574, -118.57158], [34.32979, -118.58814], [34.32622, -118.60765], [34.32432, -118.6305], [34.32384, -118.65548], [34.32408, -118.66405], [34.32265, -118.66881], [34.31908, -118.67142], [34.3148, -118.67387], [34.25588, -118.67387], [34.25564, -118.70171], [34.17892, -118.7029], [34.17846, -118.69531], [34.17632, -118.68532], [34.17227, -118.67533], [34.16609, -118.66271], [34.15609, -118.65129], [34.14824, -118.64487], [34.143, -118.64011], [34.14229, -118.62512], [34.14443, -118.59086], [34.14443, -118.55992], [34.14181, -118.49877], [34.13825, -118.38584], [34.14063, -118.38013], [34.14443, -118.37608], [34.15014, -118.37513], [34.15609, -118.37799], [34.16965, -118.3856], [34.18845, -118.3925], [34.21153, -118.3994], [34.23438, -118.40345], [34.26483, -118.40321], [34.28958, -118.40654]]], "type": "rancho", "layer": "pico", "summary": "Granted 1846 by Pio Pico to Eulogio de Celis. Present-day Los Angeles County.", "sources": [{"citation": "Boundary: NAHC/CNRA California Land Grants (PLSS reconstruction)", "url": null}], "notes": null, "tags": ["Los Angeles"]}}, {"type": "Feature", "geometry": {"type": "Point", "coordinates": [-118.36119, 34.27811]}, "properties": {"id": "rancho-tujunga-228", "register_no": null, "name": "Tujunga (Francisco and Pedro Lopez)", "date": {"iso": "1840", "display": "1840", "confidence": "year"}, "coord_precision": "exact", "polygon": [[[34.26483, -118.40321], [34.26006, -118.32947], [34.27244, -118.32471], [34.27483, -118.33064], [34.27959, -118.33754], [34.28768, -118.34539], [34.29481, -118.35134], [34.29243, -118.37989], [34.28958, -118.40654], [34.26483, -118.40321]]], "type": "rancho", "layer": "alvarado", "summary": "Granted 1840 by Juan Alvarado to Francisco and Pedro Lopez. Present-day Los Angeles County.", "sources": [{"citation": "Diseño (Bancroft Land Case Maps)", "url": "../gallery/disenos.html#dise-o-del-rancho-tujunga-calif--rec78824"}, {"citation": "Boundary: NAHC/CNRA California Land Grants (PLSS reconstruction)", "url": null}], "notes": null, "tags": ["Los Angeles"]}}, {"type": "Feature", "geometry": {"type": "Point", "coordinates": [-118.66635, 34.41987]}, "properties": {"id": "rancho-san-francisco-229", "register_no": null, "name": "San Francisco (Antonio del Valle)", "date": {"iso": "1839", "display": "1839", "confidence": "year"}, "coord_precision": "exact", "polygon": [[[34.38532, -118.81235], [34.39154, -118.67387], [34.39487, -118.59614], [34.38464, -118.55164], [34.43318, -118.5288], [34.48458, -118.57377], [34.48672, -118.63421], [34.43151, -118.66728], [34.42104, -118.81305], [34.38532, -118.81235]]], "type": "rancho", "layer": "alvarado", "summary": "Granted 1839 by Juan Alvarado to Antonio del Valle. Present-day Ventura County.", "sources": [{"citation": "Diseño (Bancroft Land Case Maps)", "url": "../gallery/disenos.html#ground-plan-of-mission-dolores-san-francisco-calif-g-black--rec78480"}, {"citation": "Boundary: NAHC/CNRA California Land Grants (PLSS reconstruction)", "url": null}], "notes": null, "tags": ["Ventura"]}}, {"type": "Feature", "geometry": {"type": "Point", "coordinates": [-118.86282, 34.2111]}, "properties": {"id": "rancho-el-conejo-230", "register_no": null, "name": "El Conejo (Jose Polanco)", "date": {"iso": "1802", "display": "1802", "confidence": "year"}, "coord_precision": "exact", "polygon": [[[34.26325, -118.94893], [34.25048, -118.95534], [34.23526, -118.96771], [34.22074, -118.98413], [34.12009, -118.99984], [34.14793, -118.94773], [34.11152, -118.88872], [34.12247, -118.86944], [34.14674, -118.8328], [34.17369, -118.81568], [34.1794, -118.80878], [34.18511, -118.80379], [34.19392, -118.79998], [34.19461, -118.8001], [34.20724, -118.80236], [34.21152, -118.80236], [34.21533, -118.8045], [34.21628, -118.80759], [34.21438, -118.81331], [34.21414, -118.81925], [34.21557, -118.82377], [34.22247, -118.82711], [34.22794, -118.82996], [34.23103, -118.83329], [34.23294, -118.8371], [34.23389, -118.844], [34.23032, -118.84947], [34.22556, -118.85185], [34.22294, -118.85804], [34.22509, -118.86161], [34.23222, -118.86613], [34.23484, -118.86875], [34.2377, -118.87303], [34.2377, -118.87945], [34.23698, -118.88517], [34.24246, -118.88517], [34.2447, -118.89205], [34.26325, -118.94893]]], "type": "rancho", "layer": "spanish", "summary": "Granted 1802 by Jose Joaquin de Arrillaga to Jose Polanco. Present-day Ventura County.", "sources": [{"citation": "Diseño (Bancroft Land Case Maps)", "url": "../gallery/disenos.html#sitio-del-conejo-calif--rec78854"}, {"citation": "Boundary: NAHC/CNRA California Land Grants (PLSS reconstruction)", "url": null}], "notes": null, "tags": ["Ventura"]}}, {"type": "Feature", "geometry": {"type": "Point", "coordinates": [-119.00039, 34.23051]}, "properties": {"id": "rancho-calleguas-231", "register_no": null, "name": "Calleguas (Jose Pedro Ruiz)", "date": {"iso": "1837", "display": "1837", "confidence": "year"}, "coord_precision": "exact", "polygon": [[[34.22074, -118.98413], [34.23526, -118.96771], [34.25048, -118.95534], [34.26325, -118.94893], [34.25382, -119.036], [34.22764, -119.06218], [34.19266, -119.0579], [34.21003, -119.00721], [34.22074, -118.98413]]], "type": "rancho", "layer": "alvarado", "summary": "Granted 1837 by Juan Alvarado to Jose Pedro Ruiz. Present-day Ventura County.", "sources": [{"citation": "Diseño (Bancroft Land Case Maps)", "url": "../gallery/disenos.html#dise-o-del-rancho-calleguas-calif--rec78514"}, {"citation": "Boundary: NAHC/CNRA California Land Grants (PLSS reconstruction)", "url": null}], "notes": null, "tags": ["Ventura"]}}, {"type": "Feature", "geometry": {"type": "Point", "coordinates": [-119.05087, 34.13937]}, "properties": {"id": "rancho-guadalasca-232", "register_no": null, "name": "Guadalasca (Ysabel Yorba)", "date": {"iso": "1836", "display": "1836", "confidence": "year"}, "coord_precision": "exact", "polygon": [[[34.19266, -119.0579], [34.11469, -119.14513], [34.09457, -119.1098], [34.09047, -119.06997], [34.07892, -119.0385], [34.07887, -119.03837], [34.12009, -118.99984], [34.22074, -118.98413], [34.21003, -119.00721], [34.19266, -119.0579]]], "type": "rancho", "layer": "interim", "summary": "Granted 1836 by Mariano Chico to Ysabel Yorba. Present-day Ventura County.", "sources": [{"citation": "Diseño (Bancroft Land Case Maps)", "url": "../gallery/disenos.html#dise-o-del-rancho-guadalasca-calif--rec78533-1"}, {"citation": "Boundary: NAHC/CNRA California Land Grants (PLSS reconstruction)", "url": null}], "notes": null, "tags": ["Ventura"]}}, {"type": "Feature", "geometry": {"type": "Point", "coordinates": [-119.06097, 34.26082]}, "properties": {"id": "rancho-las-posas-233", "register_no": null, "name": "Las Posas (Jose Carillo)", "date": {"iso": "1834", "display": "1834", "confidence": "year"}, "coord_precision": "exact", "polygon": [[[34.23498, -119.12239], [34.2351, -119.1217], [34.2358, -119.11767], [34.25382, -119.036], [34.26325, -118.94893], [34.32012, -118.9487], [34.30849, -119.06995], [34.23498, -119.12239]]], "type": "rancho", "layer": "figueroa", "summary": "Granted 1834 by José Figueroa to Jose Carillo. Present-day Ventura County.", "sources": [{"citation": "Diseño (Bancroft Land Case Maps)", "url": "../gallery/disenos.html#dise-o-del-rancho-las-posas-calif--rec78861"}, {"citation": "Boundary: NAHC/CNRA California Land Grants (PLSS reconstruction)", "url": null}], "notes": null, "tags": ["Ventura"]}}, {"type": "Feature", "geometry": {"type": "Point", "coordinates": [-119.1796, 34.2708]}, "properties": {"id": "rancho-santa-clara-del-norte-234", "register_no": null, "name": "Santa Clara del Norte (Juan M. Sanchez)", "date": {"iso": "1837", "display": "1837", "confidence": "year"}, "coord_precision": "exact", "polygon": [[[34.26412, -119.23155], [34.23533, -119.16968], [34.232, -119.15826], [34.23128, -119.14351], [34.23498, -119.12239], [34.30849, -119.06995], [34.30238, -119.13361], [34.30076, -119.15721], [34.29577, -119.16721], [34.28577, -119.17815], [34.28363, -119.18458], [34.28054, -119.19362], [34.27506, -119.19976], [34.27197, -119.20261], [34.27031, -119.20856], [34.27054, -119.21237], [34.27054, -119.22213], [34.26769, -119.2257], [34.26412, -119.23155]]], "type": "rancho", "layer": "alvarado", "summary": "Granted 1837 by Juan Alvarado to Juan M. Sanchez. Present-day Ventura County.", "sources": [{"citation": "Boundary: NAHC/CNRA California Land Grants (PLSS reconstruction)", "url": null}], "notes": null, "tags": ["Ventura"]}}, {"type": "Feature", "geometry": {"type": "Point", "coordinates": [-119.1946, 34.29581]}, "properties": {"id": "rancho-santa-paula-y-saticoy-235", "register_no": null, "name": "Santa Paula y Saticoy (Manuel Jimeno)", "date": {"iso": "1843", "display": "1843", "confidence": "year"}, "coord_precision": "exact", "polygon": [[[34.26407, -119.23159], [34.26412, -119.23155], [34.26769, -119.2257], [34.27054, -119.22213], [34.27054, -119.21237], [34.27031, -119.20856], [34.27197, -119.20261], [34.27506, -119.19976], [34.28054, -119.19362], [34.28363, -119.18458], [34.28577, -119.17815], [34.29577, -119.16721], [34.30076, -119.15721], [34.30238, -119.13361], [34.35877, -119.07627], [34.36972, -119.07508], [34.37995, -119.07936], [34.39447, -119.08816], [34.36056, -119.11719], [34.301, -119.21903], [34.29006, -119.27828], [34.28601, -119.26924], [34.28339, -119.26567], [34.27625, -119.25663], [34.27459, -119.25544], [34.27078, -119.24687], [34.26983, -119.2414], [34.26407, -119.23159]]], "type": "rancho", "layer": "micheltorena", "summary": "Granted 1843 by Manuel Micheltorena to Manuel Jimeno. Present-day Ventura County.", "sources": [{"citation": "Diseño (Bancroft Land Case Maps)", "url": "../gallery/disenos.html#plat-of-the-rancho-santa-paula-y-saticoy-calif-finally-confi--rec79701-1"}, {"citation": "Boundary: NAHC/CNRA California Land Grants (PLSS reconstruction)", "url": null}], "notes": null, "tags": ["Ventura"]}}, {"type": "Feature", "geometry": {"type": "Point", "coordinates": [-119.17922, 34.44663]}, "properties": {"id": "rancho-ojai-236", "register_no": null, "name": "Ojai (Fernando Tico)", "date": {"iso": "1837", "display": "1837", "confidence": "year"}, "coord_precision": "exact", "polygon": [[[34.43371, -119.10094], [34.44467, -119.09935], [34.46038, -119.15403], [34.46395, -119.19281], [34.47465, -119.24445], [34.4768, -119.27466], [34.40018, -119.31488], [34.43159, -119.1309], [34.43371, -119.10094]]], "type": "rancho", "layer": "alvarado", "summary": "Granted 1837 by Juan Alvarado to Fernando Tico. Present-day Ventura County.", "sources": [{"citation": "Boundary: NAHC/CNRA California Land Grants (PLSS reconstruction)", "url": null}], "notes": null, "tags": ["Ventura"]}}, {"type": "Feature", "geometry": {"type": "Point", "coordinates": [-119.2657, 34.26693]}, "properties": {"id": "rancho-san-miguel-237", "register_no": null, "name": "San Miguel (Raimundo Olivas; Felipe Lorenzana)", "date": {"iso": "1841", "display": "1841", "confidence": "year"}, "coord_precision": "exact", "polygon": [[[34.27771, -119.31583], [34.27569, -119.31305], [34.25635, -119.27663], [34.25291, -119.27016], [34.25063, -119.2694], [34.25175, -119.26248], [34.25365, -119.25867], [34.25603, -119.25534], [34.25722, -119.24987], [34.25603, -119.2444], [34.25793, -119.23726], [34.26407, -119.23159], [34.26983, -119.2414], [34.27078, -119.24687], [34.27459, -119.25544], [34.27625, -119.25663], [34.28339, -119.26567], [34.28601, -119.26924], [34.29006, -119.27828], [34.27771, -119.31583]]], "type": "rancho", "layer": "alvarado", "summary": "Granted 1841 by Juan Alvarado to Raimundo Olivas; Felipe Lorenzana. Present-day Ventura County.", "sources": [{"citation": "Diseño (Bancroft Land Case Maps)", "url": "../gallery/disenos.html#dise-o-del-rancho-san-miguel-san-francisco-calif--rec78552"}, {"citation": "Boundary: NAHC/CNRA California Land Grants (PLSS reconstruction)", "url": null}], "notes": null, "tags": ["Ventura"]}}, {"type": "Feature", "geometry": {"type": "Point", "coordinates": [-119.2071, 34.36055]}, "properties": {"id": "rancho-ex-mission-san-buenaventura-238", "register_no": null, "name": "Ex-Mission San Buenaventura (José de Arnaz)", "date": {"iso": "1846", "display": "1846", "confidence": "year"}, "coord_precision": "exact", "polygon": [[[34.29183, -119.33533], [34.27771, -119.31583], [34.29006, -119.27828], [34.301, -119.21903], [34.36056, -119.11719], [34.39447, -119.08816], [34.41279, -119.08911], [34.42183, -119.09958], [34.43159, -119.10125], [34.43371, -119.10094], [34.43159, -119.1309], [34.41409, -119.23337], [34.37524, -119.22988], [34.32308, -119.31212], [34.31737, -119.32735], [34.29183, -119.33533]]], "type": "rancho", "layer": "pico", "summary": "Granted 1846 by Pio Pico to José de Arnaz. Present-day Ventura County.", "sources": [{"citation": "Diseño (Bancroft Land Case Maps)", "url": "../gallery/disenos.html#terreno-de-una-legua-de-segrerjicia-conocido-bajo-el-nombre---rec78920"}, {"citation": "Boundary: NAHC/CNRA California Land Grants (PLSS reconstruction)", "url": null}], "notes": null, "tags": ["Ventura"]}}, {"type": "Feature", "geometry": {"type": "Point", "coordinates": [-119.30638, 34.35931]}, "properties": {"id": "rancho-canada-larga-o-verde-239", "register_no": null, "name": "Cañada Larga o Verde (Joaquina Alvarado)", "date": {"iso": "1841", "display": "1841", "confidence": "year"}, "coord_precision": "exact", "polygon": [[[34.31737, -119.32735], [34.32308, -119.31212], [34.37524, -119.22988], [34.41409, -119.23337], [34.40018, -119.31488], [34.39922, -119.33034], [34.36686, -119.3342], [34.34478, -119.32506], [34.33488, -119.32925], [34.31737, -119.32735]]], "type": "rancho", "layer": "alvarado", "summary": "Granted 1841 by Juan Alvarado to Joaquina Alvarado. Present-day Ventura County.", "sources": [{"citation": "Diseño (Bancroft Land Case Maps)", "url": "../gallery/disenos.html#dise-o-del-rancho-ca-ada-larga-o-verde-calif--rec79281"}, {"citation": "Boundary: NAHC/CNRA California Land Grants (PLSS reconstruction)", "url": null}], "notes": null, "tags": ["Ventura"]}}, {"type": "Feature", "geometry": {"type": "Point", "coordinates": [-119.3469, 34.33793]}, "properties": {"id": "rancho-canada-de-san-miguelito-240", "register_no": null, "name": "Cañada de San Miguelito (Ramon Rodriguez)", "date": {"iso": "1846", "display": "1846", "confidence": "year"}, "coord_precision": "exact", "polygon": [[[34.36686, -119.3342], [34.36782, -119.37103], [34.32987, -119.38987], [34.32112, -119.37579], [34.29183, -119.33533], [34.31737, -119.32735], [34.33488, -119.32925], [34.34478, -119.32506], [34.36686, -119.3342]]], "type": "rancho", "layer": "pico", "summary": "Granted 1846 by Pio Pico to Ramon Rodriguez. Present-day Ventura County.", "sources": [{"citation": "Boundary: NAHC/CNRA California Land Grants (PLSS reconstruction)", "url": null}], "notes": null, "tags": ["Ventura"]}}, {"type": "Feature", "geometry": {"type": "Point", "coordinates": [-119.35835, 34.41025]}, "properties": {"id": "rancho-santa-ana-241", "register_no": null, "name": "Santa Ana (Crisogomo Ayala and Cosme Vanegas)", "date": {"iso": "1837", "display": "1837", "confidence": "year"}, "coord_precision": "exact", "polygon": [[[34.36686, -119.3342], [34.39922, -119.33034], [34.48084, -119.31559], [34.48465, -119.32178], [34.43349, -119.40791], [34.40803, -119.41267], [34.38447, -119.39744], [34.36782, -119.37103], [34.36686, -119.3342]]], "type": "rancho", "layer": "alvarado", "summary": "Rancho Santiago de Santa Ana was granted in 1810, in the Spanish period, to Jose Antonio Yorba and his nephew Juan Pablo Peralta. It was one of the earliest and largest grants in the territory that became Orange County.", "sources": [{"citation": "Diseño (Bancroft Land Case Maps)", "url": "../gallery/disenos.html#dise-o-del-rancho-santa-ana-calif--rec78520"}, {"citation": "Boundary: NAHC/CNRA California Land Grants (PLSS reconstruction)", "url": null}], "notes": null, "tags": ["Ventura"]}}, {"type": "Feature", "geometry": {"type": "Point", "coordinates": [-119.49423, 34.40193]}, "properties": {"id": "rancho-el-rincon-242", "register_no": null, "name": "El Rincon (Teodoro Arellanes)", "date": {"iso": "1835", "display": "1835", "confidence": "year"}, "coord_precision": "exact", "polygon": [[[34.38345, -119.49428], [34.40379, -119.45534], [34.41027, -119.45306], [34.42435, -119.50027], [34.4095, -119.51549], [34.39867, -119.54691], [34.38345, -119.49428]]], "type": "rancho", "layer": "figueroa", "summary": "Granted 1835 by José Figueroa to Teodoro Arellanes. Present-day Ventura County.", "sources": [{"citation": "Diseño (Bancroft Land Case Maps)", "url": "../gallery/disenos.html#dise-o-del-rancho-rincon-de-san-francisquito-santa-clara-co---rec78448"}, {"citation": "Boundary: NAHC/CNRA California Land Grants (PLSS reconstruction)", "url": null}], "notes": null, "tags": ["Ventura"]}}, {"type": "Feature", "geometry": {"type": "Point", "coordinates": [-119.79303, 34.42495]}, "properties": {"id": "rancho-las-positas-y-la-calera-243", "register_no": null, "name": "Las Positas y La Calera (Narciso Fabregat and Thomas M. Robbins)", "date": {"iso": "1843", "display": "1843", "confidence": "year"}, "coord_precision": "exact", "polygon": [[[34.41587, -119.81892], [34.416, -119.78588], [34.41086, -119.76671], [34.42549, -119.75595], [34.44796, -119.78603], [34.44263, -119.81877], [34.41587, -119.81892]]], "type": "rancho", "layer": "micheltorena", "summary": "Granted 1843 by Manuel Micheltorena to Narciso Fabregat and Thomas M. Robbins. Present-day Santa Barbara County.", "sources": [{"citation": "Diseño (Bancroft Land Case Maps)", "url": "../gallery/disenos.html#map-of-the-rancho-las-positas-y-la-calera-calif--rec79680"}, {"citation": "Boundary: NAHC/CNRA California Land Grants (PLSS reconstruction)", "url": null}], "notes": null, "tags": ["Santa Barbara"]}}, {"type": "Feature", "geometry": {"type": "Point", "coordinates": [-119.84246, 34.43242]}, "properties": {"id": "rancho-la-goleta-244", "register_no": null, "name": "La Goleta (Daniel A. Hill)", "date": {"iso": "1846", "display": "1846", "confidence": "year"}, "coord_precision": "exact", "polygon": [[[34.4099, -119.86797], [34.4158, -119.83578], [34.41587, -119.81892], [34.44263, -119.81877], [34.46661, -119.81991], [34.46623, -119.86788], [34.4099, -119.86797]]], "type": "rancho", "layer": "pico", "summary": "Granted 1846 by Pio Pico to Daniel A. Hill. Present-day Santa Barbara County.", "sources": [{"citation": "Diseño (Bancroft Land Case Maps)", "url": "../gallery/disenos.html#dise-o-de-la-goleta-calif--rec78875"}, {"citation": "Boundary: NAHC/CNRA California Land Grants (PLSS reconstruction)", "url": null}], "notes": null, "tags": ["Santa Barbara"]}}, {"type": "Feature", "geometry": {"type": "Point", "coordinates": [-120.04022, 34.48546]}, "properties": {"id": "rancho-canada-del-corral-245", "register_no": null, "name": "Cañada del Corral (Jose Dolores Ortega)", "date": {"iso": "1841", "display": "1841", "confidence": "year"}, "coord_precision": "exact", "polygon": [[[34.48146, -119.99238], [34.51115, -119.99504], [34.51534, -120.09136], [34.50877, -120.09027], [34.46783, -120.09824], [34.46166, -120.05069], [34.45997, -120.04288], [34.48146, -120.00875], [34.48146, -119.99238]]], "type": "rancho", "layer": "alvarado", "summary": "Granted 1841 by Manuel Jimeno to Jose Dolores Ortega. Present-day Santa Barbara County.", "sources": [{"citation": "Diseño (Bancroft Land Case Maps)", "url": "../gallery/disenos.html#dise-o-del-rancho-ca-ada-del-corral-calif--rec78876"}, {"citation": "Boundary: NAHC/CNRA California Land Grants (PLSS reconstruction)", "url": null}], "notes": null, "tags": ["Santa Barbara"]}}, {"type": "Feature", "geometry": {"type": "Point", "coordinates": [-119.94855, 34.45488]}, "properties": {"id": "rancho-dos-pueblos-246", "register_no": null, "name": "Dos Pueblos (Nicolas A. Den)", "date": {"iso": "1842", "display": "1842", "confidence": "year"}, "coord_precision": "exact", "polygon": [[[34.45997, -120.04288], [34.44465, -119.97196], [34.4088, -119.87398], [34.4099, -119.86797], [34.46623, -119.86788], [34.48146, -119.86826], [34.48146, -119.99238], [34.48146, -120.00875], [34.45997, -120.04288]]], "type": "rancho", "layer": "alvarado", "summary": "Granted 1842 by Juan Alvarado to Nicolas A. Den. Present-day Santa Barbara County.", "sources": [{"citation": "Diseño (Bancroft Land Case Maps)", "url": "../gallery/disenos.html#dise-o-del-rancho-los-dos-pueblos-california--rec79303"}, {"citation": "Boundary: NAHC/CNRA California Land Grants (PLSS reconstruction)", "url": null}], "notes": null, "tags": ["Santa Barbara"]}}, {"type": "Feature", "geometry": {"type": "Point", "coordinates": [-119.94349, 34.60845]}, "properties": {"id": "rancho-tequepis-247", "register_no": null, "name": "Tequepis (Joaquin Villa)", "date": {"iso": "1845", "display": "1845", "confidence": "year"}, "coord_precision": "exact", "polygon": [[[34.60085, -119.98301], [34.57039, -119.90116], [34.57953, -119.89964], [34.59171, -119.90002], [34.59895, -119.9042], [34.60504, -119.91182], [34.6058, -119.91677], [34.60542, -119.92057], [34.60656, -119.92629], [34.60808, -119.92895], [34.61227, -119.93238], [34.61418, -119.93695], [34.61418, -119.93847], [34.61646, -119.94456], [34.61798, -119.94951], [34.62103, -119.95446], [34.61927, -119.96068], [34.62093, -119.96639], [34.62117, -119.96877], [34.62117, -119.97187], [34.61808, -119.979], [34.6176, -119.98091], [34.61522, -119.98448], [34.60085, -119.98301]]], "type": "rancho", "layer": "pico", "summary": "Granted 1845 by Pio Pico to Joaquin Villa. Present-day Santa Barbara County.", "sources": [{"citation": "Diseño (Bancroft Land Case Maps)", "url": "../gallery/disenos.html#plano-de-tequepis-calif--rec78830-1"}, {"citation": "Boundary: NAHC/CNRA California Land Grants (PLSS reconstruction)", "url": null}], "notes": null, "tags": ["Santa Barbara"]}}, {"type": "Feature", "geometry": {"type": "Point", "coordinates": [-120.07143, 34.60419]}, "properties": {"id": "rancho-lomas-de-la-purificacion-248", "register_no": null, "name": "Lomas de la Purificacion (Agustin Janssens)", "date": {"iso": "1844", "display": "1844", "confidence": "year"}, "coord_precision": "exact", "polygon": [[[34.57725, -120.11169], [34.57116, -120.11131], [34.56659, -120.10941], [34.5624, -120.10674], [34.55517, -120.10256], [34.56468, -120.0542], [34.58638, -119.98491], [34.60085, -119.98301], [34.61522, -119.98448], [34.61784, -119.989], [34.62022, -119.99209], [34.62022, -119.99852], [34.62426, -120.0028], [34.62474, -120.00684], [34.62522, -120.01303], [34.62593, -120.02374], [34.62664, -120.03349], [34.62593, -120.04039], [34.62426, -120.04944], [34.6226, -120.0511], [34.62212, -120.05657], [34.62165, -120.06062], [34.61998, -120.06347], [34.61808, -120.06728], [34.61855, -120.07204], [34.6157, -120.07918], [34.61046, -120.09012], [34.6107, -120.09227], [34.61023, -120.09702], [34.6107, -120.0994], [34.61189, -120.10416], [34.60927, -120.1094], [34.60927, -120.11344], [34.61023, -120.11725], [34.60904, -120.11939], [34.60904, -120.12367], [34.59933, -120.12311], [34.59628, -120.11969], [34.59248, -120.11512], [34.59133, -120.11131], [34.59324, -120.10674], [34.59286, -120.10256], [34.58867, -120.10294], [34.58258, -120.10712], [34.57725, -120.11169]]], "type": "rancho", "layer": "micheltorena", "summary": "Granted 1844 by Manuel Micheltorena to Agustin Janssens. Present-day Santa Barbara County.", "sources": [{"citation": "Diseño (Bancroft Land Case Maps)", "url": "../gallery/disenos.html#dise-o-del-rancho-lomas-de-la-purificacion-calif--rec79299"}, {"citation": "Boundary: NAHC/CNRA California Land Grants (PLSS reconstruction)", "url": null}], "notes": null, "tags": ["Santa Barbara"]}}, {"type": "Feature", "geometry": {"type": "Point", "coordinates": [-120.15539, 34.60744]}, "properties": {"id": "rancho-nojoqui-249", "register_no": null, "name": "Nojoqui (Raimundo Carrillo)", "date": {"iso": "1843", "display": "1843", "confidence": "year"}, "coord_precision": "exact", "polygon": [[[34.62103, -120.15624], [34.61798, -120.1653], [34.61913, -120.17367], [34.62484, -120.179], [34.62826, -120.18243], [34.6294, -120.18586], [34.62864, -120.18852], [34.62636, -120.19271], [34.62293, -120.20032], [34.62369, -120.21289], [34.62484, -120.2224], [34.62826, -120.23162], [34.57763, -120.23504], [34.58029, -120.17527], [34.56544, -120.11855], [34.57725, -120.11169], [34.58258, -120.10712], [34.58867, -120.10294], [34.59286, -120.10256], [34.59324, -120.10674], [34.59133, -120.11131], [34.59248, -120.11512], [34.59628, -120.11969], [34.59933, -120.12311], [34.60904, -120.12367], [34.61418, -120.12882], [34.61836, -120.13149], [34.62027, -120.14596], [34.62103, -120.15624]]], "type": "rancho", "layer": "micheltorena", "summary": "Granted 1843 by Manuel Micheltorena to Raimundo Carrillo. Present-day Santa Barbara County.", "sources": [{"citation": "Diseño (Bancroft Land Case Maps)", "url": "../gallery/disenos.html#dise-o-del-rancho-nojoqui-calif--rec78803"}, {"citation": "Boundary: NAHC/CNRA California Land Grants (PLSS reconstruction)", "url": null}], "notes": null, "tags": ["Santa Barbara"]}}, {"type": "Feature", "geometry": {"type": "Point", "coordinates": [-120.19907, 34.64036]}, "properties": {"id": "rancho-san-carlos-de-jonata-250", "register_no": null, "name": "San Carlos de Jonata (Joaquín Carrillo and Jose Maria Covarrubias)", "date": {"iso": "1845", "display": "1845", "confidence": "year"}, "coord_precision": "exact", "polygon": [[[34.62103, -120.15624], [34.6256, -120.15395], [34.63017, -120.14824], [34.63512, -120.14291], [34.68385, -120.14253], [34.69907, -120.1688], [34.69336, -120.1787], [34.70859, -120.19735], [34.70935, -120.29025], [34.63283, -120.26398], [34.63017, -120.26131], [34.6294, -120.25636], [34.63169, -120.24875], [34.63283, -120.23885], [34.63131, -120.23581], [34.62826, -120.23162], [34.62484, -120.2224], [34.62369, -120.21289], [34.62293, -120.20032], [34.62636, -120.19271], [34.62864, -120.18852], [34.6294, -120.18586], [34.62826, -120.18243], [34.62484, -120.179], [34.61913, -120.17367], [34.61798, -120.1653], [34.62103, -120.15624]]], "type": "rancho", "layer": "pico", "summary": "Granted 1845 by Pio Pico to Joaquín Carrillo and Jose Maria Covarrubias. Present-day Santa Barbara County.", "sources": [{"citation": "Boundary: NAHC/CNRA California Land Grants (PLSS reconstruction)", "url": null}], "notes": null, "tags": ["Santa Barbara"]}}, {"type": "Feature", "geometry": {"type": "Point", "coordinates": [-119.89015, 34.63284]}, "properties": {"id": "rancho-san-marcos-251", "register_no": null, "name": "San Marcos (Nicolas A. Den and Richard S. Den)", "date": {"iso": "1846", "display": "1846", "confidence": "year"}, "coord_precision": "exact", "polygon": [[[34.59171, -119.90002], [34.58838, -119.89388], [34.57154, -119.86704], [34.57411, -119.86304], [34.57268, -119.85504], [34.62236, -119.77481], [34.6669, -119.80707], [34.68746, -119.84876], [34.68803, -119.91472], [34.68318, -119.91872], [34.67747, -119.92243], [34.66148, -119.92443], [34.66034, -119.92871], [34.65577, -119.93242], [34.65206, -119.93585], [34.64321, -119.93585], [34.60266, -119.89987], [34.59171, -119.90002]]], "type": "rancho", "layer": "pico", "summary": "Granted 1846 by Pio Pico to Nicolas A. Den and Richard S. Den. Present-day Santa Barbara County.", "sources": [{"citation": "Diseño (Bancroft Land Case Maps)", "url": "../gallery/disenos.html#dise-o-del-rancho-los-vallecitos-de-san-marcos-calif--rec78888"}, {"citation": "Boundary: NAHC/CNRA California Land Grants (PLSS reconstruction)", "url": null}], "notes": null, "tags": ["Santa Barbara"]}}, {"type": "Feature", "geometry": {"type": "Point", "coordinates": [-120.36295, 34.81915]}, "properties": {"id": "rancho-los-alamos-252", "register_no": null, "name": "Los Alamos (Jose Antonio de la Guerra)", "date": {"iso": "1839", "display": "1839", "confidence": "year"}, "coord_precision": "exact", "polygon": [[[34.82418, -120.30008], [34.8356, -120.33206], [34.8356, -120.34577], [34.84588, -120.34548], [34.84616, -120.3649], [34.85387, -120.3649], [34.85701, -120.36918], [34.85673, -120.38574], [34.86301, -120.38603], [34.86272, -120.39859], [34.81818, -120.47551], [34.73795, -120.45895], [34.73779, -120.44976], [34.71804, -120.30223], [34.8009, -120.2939], [34.8078, -120.297], [34.82418, -120.30008]]], "type": "rancho", "layer": "alvarado", "summary": "Granted 1839 by Juan Alvarado to Jose Antonio de la Guerra. Present-day Santa Barbara County.", "sources": [{"citation": "Diseño (Bancroft Land Case Maps)", "url": "../gallery/disenos.html#alamos-y-aguas-caliente-calif--rec78538"}, {"citation": "Boundary: NAHC/CNRA California Land Grants (PLSS reconstruction)", "url": null}], "notes": null, "tags": ["Santa Barbara"]}}, {"type": "Feature", "geometry": {"type": "Point", "coordinates": [-120.16872, 34.7137]}, "properties": {"id": "rancho-corral-de-cuati-253", "register_no": null, "name": "Corral de Cuati (Agustin Davila)", "date": {"iso": "1845", "display": "1845", "confidence": "year"}, "coord_precision": "exact", "polygon": [[[34.70879, -120.22169], [34.70859, -120.19735], [34.69336, -120.1787], [34.69907, -120.1688], [34.68385, -120.14253], [34.69827, -120.12486], [34.72607, -120.12453], [34.7275, -120.12682], [34.74834, -120.1271], [34.74805, -120.2219], [34.70879, -120.22169]]], "type": "rancho", "layer": "pico", "summary": "Granted 1845 by Pio Pico to Agustin Davila. Present-day Santa Barbara County.", "sources": [{"citation": "Boundary: NAHC/CNRA California Land Grants (PLSS reconstruction)", "url": null}], "notes": null, "tags": ["Santa Barbara"]}}, {"type": "Feature", "geometry": {"type": "Point", "coordinates": [-120.31744, 34.90432]}, "properties": {"id": "rancho-tepusquet-254", "register_no": null, "name": "Tepusquet (Tomas Olivera)", "date": {"iso": "1837", "display": "1837", "confidence": "year"}, "coord_precision": "exact", "polygon": [[[34.89585, -120.2436], [34.94323, -120.32549], [34.93212, -120.35367], [34.93188, -120.35571], [34.9264, -120.35547], [34.92183, -120.35148], [34.91755, -120.34776], [34.91441, -120.34776], [34.91155, -120.34405], [34.90527, -120.34434], [34.9047, -120.33006], [34.89927, -120.33035], [34.89927, -120.31607], [34.88985, -120.31578], [34.89014, -120.29837], [34.88043, -120.29837], [34.88043, -120.28666], [34.87329, -120.28637], [34.873, -120.27381], [34.89585, -120.2436]]], "type": "rancho", "layer": "alvarado", "summary": "Granted 1837 by Juan Alvarado to Tomas Olivera. Present-day Santa Barbara County.", "sources": [{"citation": "Diseño (Bancroft Land Case Maps)", "url": "../gallery/disenos.html#dise-o-del-rancho-tepusquet-calif--rec78972"}, {"citation": "Boundary: NAHC/CNRA California Land Grants (PLSS reconstruction)", "url": null}], "notes": null, "tags": ["Santa Barbara"]}}, {"type": "Feature", "geometry": {"type": "Point", "coordinates": [-120.19805, 34.85481]}, "properties": {"id": "rancho-sisquoc-255", "register_no": null, "name": "Sisquoc (María Dominguez de Caballero)", "date": {"iso": "1845", "display": "1845", "confidence": "year"}, "coord_precision": "exact", "polygon": [[[34.873, -120.27381], [34.85302, -120.27381], [34.82315, -120.18935], [34.8143, -120.14309], [34.79859, -120.10397], [34.84913, -120.05972], [34.91326, -120.22133], [34.89585, -120.2436], [34.873, -120.27381]]], "type": "rancho", "layer": "pico", "summary": "Granted 1845 by Pio Pico to María Dominguez de Caballero. Present-day Santa Barbara County.", "sources": [{"citation": "Boundary: NAHC/CNRA California Land Grants (PLSS reconstruction)", "url": null}], "notes": null, "tags": ["Santa Barbara"]}}, {"type": "Feature", "geometry": {"type": "Point", "coordinates": [-120.24289, 34.81508]}, "properties": {"id": "rancho-tinaquaic-256", "register_no": null, "name": "Tinaquaic (Victor Linares)", "date": {"iso": "1837", "display": "1837", "confidence": "year"}, "coord_precision": "exact", "polygon": [[[34.79517, -120.22161], [34.79122, -120.20893], [34.82315, -120.18935], [34.85302, -120.27381], [34.8296, -120.2878], [34.82119, -120.27905], [34.81215, -120.26097], [34.79517, -120.22161]]], "type": "rancho", "layer": "alvarado", "summary": "Granted 1837 by Juan Alvarado to Victor Linares. Present-day Santa Barbara County.", "sources": [{"citation": "Diseño (Bancroft Land Case Maps)", "url": "../gallery/disenos.html#dise-o-del-rancho-tinaquaic-calif--rec78899"}, {"citation": "Boundary: NAHC/CNRA California Land Grants (PLSS reconstruction)", "url": null}], "notes": null, "tags": ["Santa Barbara"]}}, {"type": "Feature", "geometry": {"type": "Point", "coordinates": [-120.57653, 34.71928]}, "properties": {"id": "rancho-jesus-maria-257", "register_no": null, "name": "Jesús María (Lucas Antonio Olivera and Jose A. Olivera)", "date": {"iso": "1837", "display": "1837", "confidence": "year"}, "coord_precision": "exact", "polygon": [[[34.6894, -120.54376], [34.73338, -120.51235], [34.81418, -120.55546], [34.82476, -120.58101], [34.84218, -120.61242], [34.80585, -120.61727], [34.73808, -120.62633], [34.73071, -120.61486], [34.6921, -120.60198], [34.69294, -120.59643], [34.6927, -120.5931], [34.69009, -120.58857], [34.68675, -120.58358], [34.68414, -120.57977], [34.68295, -120.57596], [34.68461, -120.56978], [34.68842, -120.56549], [34.69128, -120.56169], [34.6908, -120.55788], [34.69056, -120.55288], [34.6889, -120.54931], [34.6894, -120.54376]]], "type": "rancho", "layer": "alvarado", "summary": "Granted 1837 by Juan Alvarado to Lucas Antonio Olivera and Jose A. Olivera. Present-day Santa Barbara County.", "sources": [{"citation": "Diseño (Bancroft Land Case Maps)", "url": "../gallery/disenos.html#dise-o-del-rancho-rio-de-jes-s-maria-yolo-co-calif--rec78428"}, {"citation": "Boundary: NAHC/CNRA California Land Grants (PLSS reconstruction)", "url": null}], "notes": null, "tags": ["Santa Barbara"]}}, {"type": "Feature", "geometry": {"type": "Point", "coordinates": [-120.27323, 34.77444]}, "properties": {"id": "rancho-punta-de-laguna-258", "register_no": null, "name": "Punta de Laguna (Luis Arelanes and E M Ortega)", "date": {"iso": "1844", "display": "1844", "confidence": "year"}, "coord_precision": "exact", "polygon": [[[34.71804, -120.30223], [34.70935, -120.29025], [34.70879, -120.22169], [34.74805, -120.2219], [34.79517, -120.22161], [34.81215, -120.26097], [34.82119, -120.27905], [34.8296, -120.2878], [34.82418, -120.30008], [34.8078, -120.297], [34.8009, -120.2939], [34.71804, -120.30223]]], "type": "rancho", "layer": "micheltorena", "summary": "Granted 1844 by Manuel Micheltorena to Luis Arelanes and E M Ortega. Present-day Santa Barbara County.", "sources": [{"citation": "Boundary: NAHC/CNRA California Land Grants (PLSS reconstruction)", "url": null}], "notes": null, "tags": ["Santa Barbara"]}}, {"type": "Feature", "geometry": {"type": "Point", "coordinates": [-120.1715, 34.75807]}, "properties": {"id": "rancho-la-zaca-259", "register_no": null, "name": "La Zaca (Antonio)", "date": {"iso": "1838", "display": "1838", "confidence": "year"}, "coord_precision": "exact", "polygon": [[[34.74815, -120.1884], [34.74816, -120.18744], [34.74831, -120.1382], [34.77782, -120.13819], [34.77782, -120.1884], [34.74815, -120.1884]]], "type": "rancho", "layer": "alvarado", "summary": "Granted 1838 by Juan Alvarado to Antonio. Present-day Santa Barbara County.", "sources": [{"citation": "Boundary: NAHC/CNRA California Land Grants (PLSS reconstruction)", "url": null}], "notes": null, "tags": ["Santa Barbara"]}}, {"type": "Feature", "geometry": {"type": "Point", "coordinates": [-120.38084, 34.64938]}, "properties": {"id": "rancho-ex-mission-la-purisima-260", "register_no": null, "name": "Ex-Mission la Purisima (Jonathan Temple)", "date": {"iso": "1845", "display": "1845", "confidence": "year"}, "coord_precision": "exact", "polygon": [[[34.66651, -120.46861], [34.66522, -120.46603], [34.6626, -120.46365], [34.65903, -120.46056], [34.65832, -120.45342], [34.65903, -120.44628], [34.65832, -120.44081], [34.65546, -120.43795], [34.65094, -120.43653], [34.64642, -120.4351], [34.64404, -120.4332], [34.6419, -120.43153], [34.64119, -120.42653], [34.64262, -120.42106], [34.6438, -120.41559], [34.64547, -120.4113], [34.6469, -120.40821], [34.64595, -120.40226], [34.6438, -120.39917], [34.64366, -120.39442], [34.64423, -120.38671], [34.64195, -120.38014], [34.63938, -120.37643], [34.64081, -120.36701], [34.64052, -120.36101], [34.63538, -120.35702], [34.63624, -120.34988], [34.63395, -120.34274], [34.63196, -120.33246], [34.63357, -120.31622], [34.63281, -120.30785], [34.629, -120.30099], [34.62824, -120.29719], [34.62672, -120.29109], [34.62977, -120.28272], [34.63334, -120.27425], [34.63334, -120.26782], [34.63283, -120.26398], [34.70935, -120.29025], [34.71804, -120.30223], [34.73467, -120.4264], [34.66651, -120.46861]]], "type": "rancho", "layer": "pico", "summary": "Granted 1845 by Pio Pico to Jonathan Temple. Present-day Santa Barbara County.", "sources": [{"citation": "Boundary: NAHC/CNRA California Land Grants (PLSS reconstruction)", "url": null}], "notes": null, "tags": ["Santa Barbara"]}}, {"type": "Feature", "geometry": {"type": "Point", "coordinates": [-120.48338, 34.6941]}, "properties": {"id": "rancho-santa-rita-261", "register_no": null, "name": "Santa Rita (José Ramón Malo)", "date": {"iso": "1845", "display": "1845", "confidence": "year"}, "coord_precision": "exact", "polygon": [[[34.73467, -120.4264], [34.73779, -120.44976], [34.73795, -120.45895], [34.73795, -120.49921], [34.68712, -120.52634], [34.68568, -120.521], [34.68235, -120.51434], [34.67973, -120.51148], [34.67902, -120.50767], [34.67831, -120.50363], [34.67926, -120.49482], [34.6795, -120.48673], [34.67854, -120.48245], [34.67498, -120.47722], [34.67188, -120.4746], [34.66784, -120.47127], [34.66651, -120.46861], [34.73467, -120.4264]]], "type": "rancho", "layer": "pico", "summary": "Granted 1845 by Pio Pico to José Ramón Malo. Present-day Santa Barbara County.", "sources": [{"citation": "Diseño (Bancroft Land Case Maps)", "url": "../gallery/disenos.html#dise-o-del-rancho-santa-rita-alameda-county-calif--rec78473"}, {"citation": "Boundary: NAHC/CNRA California Land Grants (PLSS reconstruction)", "url": null}], "notes": null, "tags": ["Santa Barbara"]}}, {"type": "Feature", "geometry": {"type": "Point", "coordinates": [-120.55912, 34.5634]}, "properties": {"id": "rancho-punta-de-la-concepcion-262", "register_no": null, "name": "Punta de la Concepcion (Anastasio Jose Carrillo)", "date": {"iso": "1837", "display": "1837", "confidence": "year"}, "coord_precision": "exact", "polygon": [[[34.52689, -120.50266], [34.59662, -120.50463], [34.588, -120.54032], [34.58448, -120.55212], [34.61455, -120.63254], [34.58104, -120.64575], [34.55402, -120.62259], [34.55696, -120.58131], [34.5428, -120.5501], [34.5251, -120.51562], [34.52689, -120.50266]]], "type": "rancho", "layer": "alvarado", "summary": "Granted 1837 by Juan Alvarado to Anastasio Jose Carrillo. Present-day Santa Barbara County.", "sources": [{"citation": "Diseño (Bancroft Land Case Maps)", "url": "../gallery/disenos.html#sketch-of-the-rancho-punta-de-la-concepcion-calif--rec78525"}, {"citation": "Boundary: NAHC/CNRA California Land Grants (PLSS reconstruction)", "url": null}], "notes": null, "tags": ["Santa Barbara"]}}, {"type": "Feature", "geometry": {"type": "Point", "coordinates": [-120.42399, 34.54642]}, "properties": {"id": "rancho-san-julian-263", "register_no": null, "name": "San Julian (José de la Guerra y Noriega)", "date": {"iso": "1837", "display": "1837", "confidence": "year"}, "coord_precision": "exact", "polygon": [[[34.59399, -120.50455], [34.52689, -120.50266], [34.52732, -120.49952], [34.50091, -120.44866], [34.50377, -120.43557], [34.50805, -120.42534], [34.50972, -120.41107], [34.51614, -120.39822], [34.51995, -120.39203], [34.52459, -120.38157], [34.52602, -120.28135], [34.58142, -120.28135], [34.61853, -120.39785], [34.59769, -120.4541], [34.59376, -120.46551], [34.59399, -120.50455]]], "type": "rancho", "layer": "alvarado", "summary": "Granted 1837 by Juan Alvarado to José de la Guerra y Noriega. Present-day Santa Barbara County.", "sources": [{"citation": "Diseño (Bancroft Land Case Maps)", "url": "../gallery/disenos.html#dise-o-del-rancho-san-julian-calif--rec78790"}, {"citation": "Boundary: NAHC/CNRA California Land Grants (PLSS reconstruction)", "url": null}], "notes": null, "tags": ["Santa Barbara"]}}, {"type": "Feature", "geometry": {"type": "Point", "coordinates": [-120.54351, 34.67033]}, "properties": {"id": "rancho-lompoc-264", "register_no": null, "name": "Lompoc (Jose Antonio Carrillo)", "date": {"iso": "1837", "display": "1837", "confidence": "year"}, "coord_precision": "exact", "polygon": [[[34.66784, -120.47127], [34.67188, -120.4746], [34.67498, -120.47722], [34.67854, -120.48245], [34.6795, -120.48673], [34.67926, -120.49482], [34.67831, -120.50363], [34.67902, -120.50767], [34.67973, -120.51148], [34.68235, -120.51434], [34.68568, -120.521], [34.68712, -120.52634], [34.68883, -120.53262], [34.68855, -120.53804], [34.6894, -120.54376], [34.6889, -120.54931], [34.69056, -120.55288], [34.6908, -120.55788], [34.69128, -120.56169], [34.68842, -120.56549], [34.68461, -120.56978], [34.68295, -120.57596], [34.68414, -120.57977], [34.68675, -120.58358], [34.69009, -120.58857], [34.6927, -120.5931], [34.69294, -120.59643], [34.6921, -120.60198], [34.6218, -120.62969], [34.62105, -120.62998], [34.61455, -120.63254], [34.58448, -120.55212], [34.588, -120.54032], [34.59662, -120.50463], [34.66784, -120.47127]]], "type": "rancho", "layer": "alvarado", "summary": "Granted 1837 by Juan Alvarado to Jose Antonio Carrillo. Present-day Santa Barbara County.", "sources": [{"citation": "Diseño (Bancroft Land Case Maps)", "url": "../gallery/disenos.html#dise-o-del-rancho-lompoc-calif--rec78793-1"}, {"citation": "Boundary: NAHC/CNRA California Land Grants (PLSS reconstruction)", "url": null}], "notes": null, "tags": ["Santa Barbara"]}}, {"type": "Feature", "geometry": {"type": "Point", "coordinates": [-120.4413, 34.62864]}, "properties": {"id": "rancho-canada-de-salsipuedes-265", "register_no": null, "name": "Cañada de Salsipuedes (Pedro Cordero)", "date": {"iso": "1844", "display": "1844", "confidence": "year"}, "coord_precision": "exact", "polygon": [[[34.61845, -120.4944], [34.59662, -120.50463], [34.59399, -120.50455], [34.59376, -120.46551], [34.59769, -120.4541], [34.64366, -120.39442], [34.6438, -120.39917], [34.64595, -120.40226], [34.6469, -120.40821], [34.64547, -120.4113], [34.6438, -120.41559], [34.64262, -120.42106], [34.64119, -120.42653], [34.6419, -120.43153], [34.64404, -120.4332], [34.61845, -120.4944]]], "type": "rancho", "layer": "micheltorena", "summary": "Granted 1844 by Manuel Micheltorena to Pedro Cordero. Present-day Santa Barbara County.", "sources": [{"citation": "Diseño (Bancroft Land Case Maps)", "url": "../gallery/disenos.html#dise-o-del-rancho-ca-ada-de-salsipuedes-calif--rec78788"}, {"citation": "Boundary: NAHC/CNRA California Land Grants (PLSS reconstruction)", "url": null}], "notes": null, "tags": ["Santa Barbara"]}}, {"type": "Feature", "geometry": {"type": "Point", "coordinates": [-120.45172, 34.65305]}, "properties": {"id": "rancho-la-purisima-concepcion-266", "register_no": null, "name": "La Purisima Concepcion (Jose Gorgonio)", "date": {"iso": "1840", "display": "1840", "confidence": "year"}, "coord_precision": "exact", "polygon": [[[34.64404, -120.4332], [34.64642, -120.4351], [34.65094, -120.43653], [34.65546, -120.43795], [34.65832, -120.44081], [34.65903, -120.44628], [34.65832, -120.45342], [34.65903, -120.46056], [34.6626, -120.46365], [34.66522, -120.46603], [34.66784, -120.47127], [34.61845, -120.4944], [34.64404, -120.4332]]], "type": "rancho", "layer": "alvarado", "summary": "Granted 1840 by Juan Alvarado to Jose Gorgonio. Present-day Santa Clara County.", "sources": [{"citation": "Diseño (Bancroft Land Case Maps)", "url": "../gallery/disenos.html#plan-dise-o-del-ferreno-de-la-purisima-concepcion-en-la-comp--rec78464"}, {"citation": "Boundary: NAHC/CNRA California Land Grants (PLSS reconstruction)", "url": null}], "notes": null, "tags": ["Santa Clara"]}}, {"type": "Feature", "geometry": {"type": "Point", "coordinates": [-120.53955, 34.93173]}, "properties": {"id": "rancho-punta-de-laguna-267", "register_no": null, "name": "Punta de Laguna (Luis Arelanes and E M Ortega)", "date": {"iso": "1844", "display": "1844", "confidence": "year"}, "coord_precision": "exact", "polygon": [[[35.00445, -120.55126], [34.87906, -120.57577], [34.85275, -120.55236], [34.84513, -120.50239], [35.00455, -120.50429], [35.00445, -120.55126]]], "type": "rancho", "layer": "micheltorena", "summary": "Granted 1844 by Manuel Micheltorena to Luis Arelanes and E M Ortega. Present-day Santa Barbara County.", "sources": [{"citation": "Boundary: NAHC/CNRA California Land Grants (PLSS reconstruction)", "url": null}], "notes": null, "tags": ["Santa Barbara"]}}, {"type": "Feature", "geometry": {"type": "Point", "coordinates": [-120.53204, 35.05143]}, "properties": {"id": "rancho-nipomo-268", "register_no": null, "name": "Nipomo (William Dana)", "date": {"iso": "1837", "display": "1837", "confidence": "year"}, "coord_precision": "exact", "polygon": [[[35.07815, -120.57873], [35.06261, -120.59329], [35.06261, -120.61898], [35.01635, -120.56935], [35.00445, -120.55126], [35.00455, -120.50429], [35.00208, -120.46503], [35.01231, -120.46194], [35.048, -120.44433], [35.09931, -120.47347], [35.0998, -120.51909], [35.10021, -120.55807], [35.07815, -120.57873]]], "type": "rancho", "layer": "alvarado", "summary": "Granted 1837 by Juan Alvarado to William Dana. Present-day San Luis Obispo County.", "sources": [{"citation": "Diseño (Bancroft Land Case Maps)", "url": "../gallery/disenos.html#dise-o-del-rancho-nipomo-calif--rec78791"}, {"citation": "Boundary: NAHC/CNRA California Land Grants (PLSS reconstruction)", "url": null}], "notes": null, "tags": ["San Luis Obispo"]}}, {"type": "Feature", "geometry": {"type": "Point", "coordinates": [-120.615, 35.06957]}, "properties": {"id": "rancho-bolsa-de-chamisal-269", "register_no": null, "name": "Bolsa de Chamisal (Francisco Quijado)", "date": {"iso": "1837", "display": "1837", "confidence": "year"}, "coord_precision": "exact", "polygon": [[[35.09979, -120.63252], [35.09958, -120.63249], [35.08268, -120.63018], [35.07837, -120.6296], [35.03309, -120.63358], [35.03022, -120.63441], [35.01635, -120.56935], [35.06261, -120.61898], [35.06261, -120.59329], [35.10021, -120.55807], [35.09979, -120.63252]]], "type": "rancho", "layer": "alvarado", "summary": "Granted 1837 by Juan Alvarado to Francisco Quijado. Present-day San Luis Obispo County.", "sources": [{"citation": "Diseño (Bancroft Land Case Maps)", "url": "../gallery/disenos.html#dise-o-del-rancho-bolsa-de-chamisal-calif--rec78810"}, {"citation": "Boundary: NAHC/CNRA California Land Grants (PLSS reconstruction)", "url": null}], "notes": null, "tags": ["San Luis Obispo"]}}, {"type": "Feature", "geometry": {"type": "Point", "coordinates": [-120.6296, 35.13801]}, "properties": {"id": "rancho-pismo-270", "register_no": null, "name": "Pismo (Jose Ortega)", "date": {"iso": "1840", "display": "1840", "confidence": "year"}, "coord_precision": "exact", "polygon": [[[35.1655, -120.69629], [35.16533, -120.69599], [35.15307, -120.67509], [35.12381, -120.6358], [35.09979, -120.63252], [35.10021, -120.55807], [35.10016, -120.55297], [35.10015, -120.55283], [35.12071, -120.55267], [35.18147, -120.65226], [35.1804, -120.65439], [35.1655, -120.69629]]], "type": "rancho", "layer": "alvarado", "summary": "Granted 1840 by Manuel Jimeno to Jose Ortega. Present-day San Luis Obispo County.", "sources": [{"citation": "Diseño (Bancroft Land Case Maps)", "url": "../gallery/disenos.html#sitio-de-pismo-calif--rec78863"}, {"citation": "Boundary: NAHC/CNRA California Land Grants (PLSS reconstruction)", "url": null}], "notes": null, "tags": ["San Luis Obispo"]}}, {"type": "Feature", "geometry": {"type": "Point", "coordinates": [-120.56722, 35.17847]}, "properties": {"id": "rancho-corral-de-piedra-271", "register_no": null, "name": "Corral de Piedra (Jose Villavicencia)", "date": {"iso": "1841", "display": "1841", "confidence": "year"}, "coord_precision": "exact", "polygon": [[[35.18147, -120.65226], [35.13119, -120.56985], [35.13507, -120.56954], [35.13811, -120.56863], [35.14055, -120.56573], [35.14146, -120.56451], [35.14268, -120.56375], [35.14862, -120.5636], [35.15197, -120.56269], [35.15441, -120.56101], [35.1573, -120.55599], [35.15943, -120.55401], [35.1637, -120.55385], [35.16781, -120.55294], [35.17146, -120.55111], [35.17603, -120.54472], [35.18045, -120.54182], [35.18608, -120.53893], [35.18989, -120.53695], [35.19294, -120.53573], [35.19355, -120.53512], [35.19507, -120.53116], [35.19507, -120.52218], [35.194, -120.51639], [35.2808, -120.59186], [35.26192, -120.61471], [35.24441, -120.63161], [35.21882, -120.64653], [35.18147, -120.65226]]], "type": "rancho", "layer": "alvarado", "summary": "Granted 1841 by Juan Alvarado to Jose Villavicencia. Present-day San Luis Obispo County.", "sources": [{"citation": "Diseño (Bancroft Land Case Maps)", "url": "../gallery/disenos.html#dise-o-del-rancho-corral-de-piedra-calif--rec79272"}, {"citation": "Boundary: NAHC/CNRA California Land Grants (PLSS reconstruction)", "url": null}], "notes": null, "tags": ["San Luis Obispo"]}}, {"type": "Feature", "geometry": {"type": "Point", "coordinates": [-120.51303, 35.15422]}, "properties": {"id": "rancho-santa-manuela-272", "register_no": null, "name": "Santa Manuela (Francis Branch)", "date": {"iso": "1837", "display": "1837", "confidence": "year"}, "coord_precision": "exact", "polygon": [[[35.12071, -120.55267], [35.13278, -120.54121], [35.12593, -120.53177], [35.13918, -120.51944], [35.13568, -120.51243], [35.13202, -120.50497], [35.13126, -120.49675], [35.13187, -120.49233], [35.13096, -120.48822], [35.12882, -120.48441], [35.127, -120.47604], [35.1273, -120.47101], [35.12563, -120.46355], [35.12334, -120.45654], [35.11771, -120.44543], [35.11603, -120.43629], [35.11953, -120.42685], [35.12456, -120.42243], [35.13278, -120.41436], [35.14116, -120.41177], [35.14634, -120.41421], [35.19903, -120.49126], [35.19948, -120.49233], [35.19948, -120.4969], [35.19766, -120.49994], [35.19583, -120.5039], [35.19583, -120.50619], [35.19385, -120.51167], [35.194, -120.51639], [35.19507, -120.52218], [35.19507, -120.53116], [35.19355, -120.53512], [35.19294, -120.53573], [35.18989, -120.53695], [35.18608, -120.53893], [35.18045, -120.54182], [35.17603, -120.54472], [35.17146, -120.55111], [35.16781, -120.55294], [35.1637, -120.55385], [35.15943, -120.55401], [35.1573, -120.55599], [35.15441, -120.56101], [35.15197, -120.56269], [35.14862, -120.5636], [35.14268, -120.56375], [35.14146, -120.56451], [35.14055, -120.56573], [35.13811, -120.56863], [35.13507, -120.56954], [35.13119, -120.56985], [35.12071, -120.55267]]], "type": "rancho", "layer": "alvarado", "summary": "Granted 1837 by Juan Alvarado to Francis Branch. Present-day San Luis Obispo County.", "sources": [{"citation": "Diseño (Bancroft Land Case Maps)", "url": "../gallery/disenos.html#dise-o-del-rancho-santa-manuela-calif--rec78507"}, {"citation": "Boundary: NAHC/CNRA California Land Grants (PLSS reconstruction)", "url": null}], "notes": null, "tags": ["San Luis Obispo"]}}, {"type": "Feature", "geometry": {"type": "Point", "coordinates": [-120.42398, 35.20563]}, "properties": {"id": "rancho-arroyo-grande-273", "register_no": null, "name": "Arroyo Grande (Zefarino Carlón)", "date": {"iso": "1842", "display": "1842", "confidence": "year"}, "coord_precision": "exact", "polygon": [[[35.22629, -120.44741], [35.20086, -120.46081], [35.18258, -120.41147], [35.18289, -120.37751], [35.21487, -120.39928], [35.22629, -120.44741]]], "type": "rancho", "layer": "alvarado", "summary": "Granted 1842 by Juan Alvarado to Zefarino Carlón. Present-day San Luis Obispo County.", "sources": [{"citation": "Diseño (Bancroft Land Case Maps)", "url": "../gallery/disenos.html#dise-o-del-rancho-arroyo-grande-calif--rec78819"}, {"citation": "Boundary: NAHC/CNRA California Land Grants (PLSS reconstruction)", "url": null}], "notes": null, "tags": ["San Luis Obispo"]}}, {"type": "Feature", "geometry": {"type": "Point", "coordinates": [-120.36635, 35.13886]}, "properties": {"id": "rancho-huasna-274", "register_no": null, "name": "Huasna (Isaac J. Sparks)", "date": {"iso": "1843", "display": "1843", "confidence": "year"}, "coord_precision": "exact", "polygon": [[[35.16157, -120.40705], [35.10172, -120.4069], [35.0758, -120.37614], [35.04776, -120.37556], [35.05038, -120.34344], [35.0599, -120.34297], [35.0662, -120.34279], [35.06986, -120.34035], [35.0729, -120.33852], [35.07671, -120.33654], [35.08235, -120.33624], [35.08524, -120.33776], [35.10123, -120.35543], [35.18879, -120.31949], [35.19839, -120.34507], [35.19854, -120.35025], [35.19717, -120.35177], [35.19458, -120.3568], [35.19199, -120.35893], [35.18971, -120.36243], [35.18468, -120.37172], [35.18179, -120.37279], [35.17829, -120.3734], [35.17615, -120.3769], [35.17478, -120.38329], [35.17341, -120.38847], [35.16991, -120.39502], [35.16671, -120.39837], [35.16397, -120.40111], [35.1626, -120.40416], [35.16157, -120.40705]]], "type": "rancho", "layer": "micheltorena", "summary": "Granted 1843 by Manuel Micheltorena to Isaac J. Sparks. Present-day San Luis Obispo County.", "sources": [{"citation": "Diseño (Bancroft Land Case Maps)", "url": "../gallery/disenos.html#sitio-de-huasna-calif-w-p-m-del--rec79275"}, {"citation": "Boundary: NAHC/CNRA California Land Grants (PLSS reconstruction)", "url": null}], "notes": null, "tags": ["San Luis Obispo"]}}, {"type": "Feature", "geometry": {"type": "Point", "coordinates": [-120.74389, 35.21309]}, "properties": {"id": "rancho-san-miguelito-275", "register_no": null, "name": "San Miguelito (Miguel Ávila)", "date": {"iso": "1842", "display": "1842", "confidence": "year"}, "coord_precision": "exact", "polygon": [[[35.21882, -120.64653], [35.24301, -120.7412], [35.24515, -120.75381], [35.24634, -120.76643], [35.24372, -120.77571], [35.24087, -120.78023], [35.23587, -120.78308], [35.23325, -120.77904], [35.22873, -120.77642], [35.2235, -120.77547], [35.21945, -120.77761], [35.21303, -120.78475], [35.19851, -120.80307], [35.18889, -120.81466], [35.16046, -120.7561], [35.176, -120.7142], [35.1655, -120.69629], [35.1804, -120.65439], [35.18147, -120.65226], [35.21882, -120.64653]]], "type": "rancho", "layer": "alvarado", "summary": "Granted 1842 by Juan Alvarado to Miguel Ávila. Present-day San Luis Obispo County.", "sources": [{"citation": "Diseño (Bancroft Land Case Maps)", "url": "../gallery/disenos.html#dise-o-del-rancho-san-miguelito-san-luis-obispo-county-calif--rec78808"}, {"citation": "Boundary: NAHC/CNRA California Land Grants (PLSS reconstruction)", "url": null}], "notes": null, "tags": ["San Luis Obispo"]}}, {"type": "Feature", "geometry": {"type": "Point", "coordinates": [-120.77234, 35.26211]}, "properties": {"id": "rancho-canada-de-los-osos-y-pecho-y-islay-25-276", "register_no": null, "name": "Cañada de los Osos y Pecho y Islay[25] (James Scott and John Wilson)", "date": {"iso": "1845", "display": "1845", "confidence": "year"}, "coord_precision": "exact", "polygon": [[[35.23184, -120.69747], [35.23388, -120.69655], [35.27291, -120.72011], [35.29646, -120.69774], [35.29607, -120.71503], [35.29869, -120.72907], [35.30392, -120.74239], [35.3113, -120.76024], [35.32462, -120.78403], [35.33462, -120.80188], [35.32153, -120.83253], [35.2906, -120.83253], [35.2906, -120.85608], [35.28179, -120.85608], [35.26871, -120.8361], [35.25086, -120.84585], [35.2204, -120.80374], [35.22064, -120.78018], [35.22065, -120.77698], [35.22086, -120.77686], [35.2235, -120.77547], [35.22873, -120.77642], [35.23325, -120.77904], [35.23587, -120.78308], [35.24087, -120.78023], [35.24372, -120.77571], [35.24634, -120.76643], [35.24515, -120.75381], [35.24301, -120.7412], [35.23184, -120.69747]]], "type": "rancho", "layer": "pico", "summary": "Granted 1845 by Pio Pico to James Scott and John Wilson. Present-day San Luis Obispo County.", "sources": [{"citation": "Boundary: NAHC/CNRA California Land Grants (PLSS reconstruction)", "url": null}], "notes": null, "tags": ["San Luis Obispo"]}}, {"type": "Feature", "geometry": {"type": "Point", "coordinates": [-120.68497, 35.33197]}, "properties": {"id": "rancho-potrero-de-san-luis-obispo-277", "register_no": null, "name": "Potrero de San Luis Obispo (Maria Concepcion Boronda)", "date": {"iso": "1842", "display": "1842", "confidence": "year"}, "coord_precision": "exact", "polygon": [[[35.34239, -120.6987], [35.33905, -120.69965], [35.33406, -120.70084], [35.33001, -120.69893], [35.32549, -120.69655], [35.31954, -120.69536], [35.32485, -120.67994], [35.31962, -120.66161], [35.33128, -120.64472], [35.34294, -120.65971], [35.34239, -120.6987]]], "type": "rancho", "layer": "alvarado", "summary": "Granted 1842 by Juan Alvarado to Maria Concepcion Boronda. Present-day San Luis Obispo County.", "sources": [{"citation": "Diseño (Bancroft Land Case Maps)", "url": "../gallery/disenos.html#dise-o-del-rancho-potrero-de-san-luis-obispo-calif--rec78953"}, {"citation": "Boundary: NAHC/CNRA California Land Grants (PLSS reconstruction)", "url": null}], "notes": null, "tags": ["San Luis Obispo"]}}, {"type": "Feature", "geometry": {"type": "Point", "coordinates": [-120.85974, 35.41477]}, "properties": {"id": "rancho-morro-y-cayucos-278", "register_no": null, "name": "Morro y Cayucos (Martin Olivera and Vicente Feliz)", "date": {"iso": "1842", "display": "1842", "confidence": "year"}, "coord_precision": "exact", "polygon": [[[35.3826, -120.85455], [35.39569, -120.83932], [35.40009, -120.81852], [35.40048, -120.81667], [35.45917, -120.82651], [35.46298, -120.90337], [35.4336, -120.89504], [35.43356, -120.8949], [35.4302, -120.88477], [35.38153, -120.86891], [35.3826, -120.85455]]], "type": "rancho", "layer": "alvarado", "summary": "Granted 1842 by Juan Alvarado to Martin Olivera and Vicente Feliz. Present-day San Luis Obispo County.", "sources": [{"citation": "Boundary: NAHC/CNRA California Land Grants (PLSS reconstruction)", "url": null}], "notes": null, "tags": ["San Luis Obispo"]}}, {"type": "Feature", "geometry": {"type": "Point", "coordinates": [-120.69259, 35.51132]}, "properties": {"id": "rancho-asuncion-279", "register_no": null, "name": "Asuncion (Pedro Estrada and Francisco Urbano Estrada)", "date": {"iso": "1845", "display": "1845", "confidence": "year"}, "coord_precision": "exact", "polygon": [[[35.44727, -120.65863], [35.46131, -120.65054], [35.47109, -120.63886], [35.46474, -120.66029], [35.47402, -120.6641], [35.47354, -120.67005], [35.47259, -120.68956], [35.47735, -120.68385], [35.48116, -120.68075], [35.4871, -120.67742], [35.49638, -120.67576], [35.50828, -120.67219], [35.50971, -120.66957], [35.51697, -120.6698], [35.52101, -120.6717], [35.52506, -120.67646], [35.52815, -120.6786], [35.5341, -120.67979], [35.53934, -120.67765], [35.54671, -120.67932], [35.54909, -120.67884], [35.55242, -120.68574], [35.55647, -120.68979], [35.56051, -120.68979], [35.56511, -120.69326], [35.56463, -120.69655], [35.56106, -120.71607], [35.55059, -120.72963], [35.54131, -120.73367], [35.52489, -120.742], [35.55654, -120.81267], [35.53077, -120.8604], [35.45296, -120.72048], [35.44678, -120.70811], [35.44727, -120.65863]]], "type": "rancho", "layer": "pico", "summary": "Granted 1845 by Pio Pico to Pedro Estrada and Francisco Urbano Estrada. Present-day San Luis Obispo County.", "sources": [{"citation": "Diseño (Bancroft Land Case Maps)", "url": "../gallery/disenos.html#dise-o-del-rancho-asuncion-calif--rec78821-1"}, {"citation": "Boundary: NAHC/CNRA California Land Grants (PLSS reconstruction)", "url": null}], "notes": null, "tags": ["San Luis Obispo"]}}, {"type": "Feature", "geometry": {"type": "Point", "coordinates": [-121.23553, 35.96214]}, "properties": {"id": "rancho-san-miguelito-de-trinidad-280", "register_no": null, "name": "San Miguelito de Trinidad (José Rafael Gonzales)", "date": {"iso": "1841", "display": "1841", "confidence": "year"}, "coord_precision": "exact", "polygon": [[[35.9374, -121.16806], [36.05589, -121.28584], [35.99783, -121.32296], [35.97499, -121.26752], [35.9186, -121.2323], [35.91289, -121.20399], [35.9374, -121.16806]]], "type": "rancho", "layer": "alvarado", "summary": "Granted 1841 by Juan Alvarado to José Rafael Gonzales. Present-day Monterey County.", "sources": [{"citation": "Boundary: NAHC/CNRA California Land Grants (PLSS reconstruction)", "url": null}], "notes": null, "tags": ["Monterey"]}}, {"type": "Feature", "geometry": {"type": "Point", "coordinates": [-121.1589, 35.91676]}, "properties": {"id": "rancho-el-piojo-281", "register_no": null, "name": "El Piojo (Joaquin Soto)", "date": {"iso": "1842", "display": "1842", "confidence": "year"}, "coord_precision": "exact", "polygon": [[[35.91289, -121.20399], [35.87624, -121.17115], [35.87648, -121.13974], [35.92669, -121.10524], [35.94239, -121.13237], [35.94906, -121.14664], [35.9374, -121.16806], [35.91289, -121.20399]]], "type": "rancho", "layer": "alvarado", "summary": "Granted 1842 by Juan Alvarado to Joaquin Soto. Present-day Monterey County.", "sources": [{"citation": "Diseño (Bancroft Land Case Maps)", "url": "../gallery/disenos.html#dise-o-del-rancho-el-piojo-calif--rec78909"}, {"citation": "Boundary: NAHC/CNRA California Land Grants (PLSS reconstruction)", "url": null}], "notes": null, "tags": ["Monterey"]}}, {"type": "Feature", "geometry": {"type": "Point", "coordinates": [-121.11675, 35.94323]}, "properties": {"id": "rancho-los-ojitos-282", "register_no": null, "name": "Los Ojitos (Mariano Soberanes)", "date": {"iso": "1842", "display": "1842", "confidence": "year"}, "coord_precision": "exact", "polygon": [[[35.92669, -121.10524], [35.90979, -121.07502], [35.92241, -121.05051], [35.99093, -121.14998], [35.97785, -121.16901], [35.94906, -121.14664], [35.94239, -121.13237], [35.92669, -121.10524]]], "type": "rancho", "layer": "alvarado", "summary": "Granted 1842 by Juan Alvarado to Mariano Soberanes. Present-day Monterey County.", "sources": [{"citation": "Diseño (Bancroft Land Case Maps)", "url": "../gallery/disenos.html#plano-del-rancho-de-los-ojitos-calif--rec78917"}, {"citation": "Boundary: NAHC/CNRA California Land Grants (PLSS reconstruction)", "url": null}], "notes": null, "tags": ["Monterey"]}}, {"type": "Feature", "geometry": {"type": "Point", "coordinates": [-121.32656, 36.09225]}, "properties": {"id": "rancho-milpitas-283", "register_no": null, "name": "Milpitas (Ygnacio Pastor)", "date": {"iso": "1838", "display": "1838", "confidence": "year"}, "coord_precision": "exact", "polygon": [[[36.05589, -121.28584], [36.08266, -121.26676], [36.10241, -121.28865], [36.11788, -121.35075], [36.12644, -121.3962], [36.10455, -121.41191], [36.05589, -121.28584]]], "type": "rancho", "layer": "alvarado", "summary": "Granted 1838 by Juan Alvarado to Ygnacio Pastor. Present-day Monterey County.", "sources": [{"citation": "Diseño (Bancroft Land Case Maps)", "url": "../gallery/disenos.html#dise-o-del-sitio-del-rancho-milpitas-santa-clara-co-calif--rec79006"}, {"citation": "Boundary: NAHC/CNRA California Land Grants (PLSS reconstruction)", "url": null}], "notes": null, "tags": ["Monterey"]}}, {"type": "Feature", "geometry": {"type": "Point", "coordinates": [-120.79201, 36.2004]}, "properties": {"id": "rancho-san-lorenzo-284", "register_no": null, "name": "San Lorenzo (Feliciano Soberanes)", "date": {"iso": "1841", "display": "1841", "confidence": "year"}, "coord_precision": "exact", "polygon": [[[36.18074, -120.72196], [36.26426, -120.84855], [36.23285, -120.89947], [36.14339, -120.76812], [36.18074, -120.72196]]], "type": "rancho", "layer": "alvarado", "summary": "Granted 1841 by Juan Alvarado to Feliciano Soberanes. Present-day Monterey County.", "sources": [{"citation": "Diseño (Bancroft Land Case Maps)", "url": "../gallery/disenos.html#dise-o-del-ranchos-san-lorenzo-castro-y-soto-calif--rec78430"}, {"citation": "Boundary: NAHC/CNRA California Land Grants (PLSS reconstruction)", "url": null}], "notes": null, "tags": ["Monterey"]}}, {"type": "Feature", "geometry": {"type": "Point", "coordinates": [-120.95093, 36.08495]}, "properties": {"id": "rancho-san-bernardo-285", "register_no": null, "name": "San Bernardo (Mariano Soberanes and Juan Soberanes)", "date": {"iso": "1841", "display": "1841", "confidence": "year"}, "coord_precision": "exact", "polygon": [[[36.12102, -120.96252], [36.10056, -120.98941], [36.05963, -120.95062], [36.03607, -120.95039], [36.03583, -120.92064], [36.12054, -120.92041], [36.12102, -120.96252]]], "type": "rancho", "layer": "alvarado", "summary": "Granted 1841 by Juan Alvarado to Mariano Soberanes and Juan Soberanes. Present-day Monterey County.", "sources": [{"citation": "Diseño (Bancroft Land Case Maps)", "url": "../gallery/disenos.html#dise-o-del-rancho-san-bernardo-san-luis-obispo-county-calif--rec78509"}, {"citation": "Boundary: NAHC/CNRA California Land Grants (PLSS reconstruction)", "url": null}], "notes": null, "tags": ["Monterey"]}}, {"type": "Feature", "geometry": {"type": "Point", "coordinates": [-121.08642, 36.19544]}, "properties": {"id": "rancho-san-lorenzo-286", "register_no": null, "name": "San Lorenzo (Feliciano Soberanes)", "date": {"iso": "1841", "display": "1841", "confidence": "year"}, "coord_precision": "exact", "polygon": [[[36.17551, -121.04057], [36.21215, -121.04461], [36.23476, -121.05984], [36.2344, -121.0776], [36.22631, -121.08664], [36.2156, -121.08712], [36.21798, -121.09378], [36.21631, -121.10629], [36.19264, -121.12675], [36.18669, -121.12794], [36.18217, -121.12747], [36.17337, -121.12747], [36.15219, -121.0982], [36.16861, -121.07821], [36.1629, -121.05965], [36.17551, -121.04057]]], "type": "rancho", "layer": "alvarado", "summary": "Granted 1841 by Juan Alvarado to Feliciano Soberanes. Present-day Monterey County.", "sources": [{"citation": "Diseño (Bancroft Land Case Maps)", "url": "../gallery/disenos.html#dise-o-del-ranchos-san-lorenzo-castro-y-soto-calif--rec78430"}, {"citation": "Boundary: NAHC/CNRA California Land Grants (PLSS reconstruction)", "url": null}], "notes": null, "tags": ["Monterey"]}}, {"type": "Feature", "geometry": {"type": "Point", "coordinates": [-121.02795, 36.1436]}, "properties": {"id": "rancho-san-benito-287", "register_no": null, "name": "San Benito (Francisco Garcia)", "date": {"iso": "1842", "display": "1842", "confidence": "year"}, "coord_precision": "exact", "polygon": [[[36.14164, -120.99206], [36.17551, -121.04057], [36.1629, -121.05965], [36.1215, -121.05275], [36.1184, -121.03062], [36.14164, -120.99206]]], "type": "rancho", "layer": "alvarado", "summary": "Granted 1842 by Juan Alvarado to Francisco Garcia. Present-day Monterey County.", "sources": [{"citation": "Diseño (Bancroft Land Case Maps)", "url": "../gallery/disenos.html#dise-o-del-rancho-san-joaquin-san-benito-county-calif--rec78416"}, {"citation": "Boundary: NAHC/CNRA California Land Grants (PLSS reconstruction)", "url": null}], "notes": null, "tags": ["Monterey"]}}, {"type": "Feature", "geometry": {"type": "Point", "coordinates": [-121.0096, 36.11241]}, "properties": {"id": "rancho-san-lucas-288", "register_no": null, "name": "San Lucas (Rafael Estrada)", "date": {"iso": "1842", "display": "1842", "confidence": "year"}, "coord_precision": "exact", "polygon": [[[36.1184, -121.03062], [36.10793, -121.04347], [36.0789, -121.01849], [36.10056, -120.98941], [36.12102, -120.96252], [36.14164, -120.99206], [36.1184, -121.03062]]], "type": "rancho", "layer": "alvarado", "summary": "Granted 1842 by Juan Alvarado to Rafael Estrada. Present-day Monterey County.", "sources": [{"citation": "Diseño (Bancroft Land Case Maps)", "url": "../gallery/disenos.html#dise-o-del-rancho-san-lucas-calif--rec78809-1"}, {"citation": "Boundary: NAHC/CNRA California Land Grants (PLSS reconstruction)", "url": null}], "notes": null, "tags": ["Monterey"]}}, {"type": "Feature", "geometry": {"type": "Point", "coordinates": [-121.8368, 36.29109]}, "properties": {"id": "rancho-el-sur-289", "register_no": null, "name": "El Sur (Juan Alvarado)", "date": {"iso": "1834", "display": "1834", "confidence": "year"}, "coord_precision": "exact", "polygon": [[[36.32863, -121.87367], [36.30281, -121.8885], [36.24186, -121.82644], [36.23531, -121.80531], [36.23518, -121.80489], [36.31054, -121.77254], [36.34576, -121.84939], [36.32863, -121.87367]]], "type": "rancho", "layer": "figueroa", "summary": "Granted 1834 by José Figueroa to Juan Alvarado. Present-day Monterey County.", "sources": [{"citation": "Boundary: NAHC/CNRA California Land Grants (PLSS reconstruction)", "url": null}], "notes": null, "tags": ["Monterey"]}}, {"type": "Feature", "geometry": {"type": "Point", "coordinates": [-121.63841, 36.47311]}, "properties": {"id": "rancho-los-tularcitos-290", "register_no": null, "name": "Los Tularcitos (Rafael Gomez)", "date": {"iso": "1834", "display": "1834", "confidence": "year"}, "coord_precision": "exact", "polygon": [[[36.47787, -121.70272], [36.46811, -121.69059], [36.41457, -121.54497], [36.44146, -121.53426], [36.51594, -121.60945], [36.51594, -121.68416], [36.47787, -121.70272]]], "type": "rancho", "layer": "figueroa", "summary": "Granted 1834 by Jose Figueroa to Rafael Gomez. Present-day Monterey County.", "sources": [{"citation": "Diseño (Bancroft Land Case Maps)", "url": "../gallery/disenos.html#rancho-los-tularcitos-santa-clara-co-calif-exhibit-a--rec78652"}, {"citation": "Boundary: NAHC/CNRA California Land Grants (PLSS reconstruction)", "url": null}], "notes": null, "tags": ["Monterey"]}}, {"type": "Feature", "geometry": {"type": "Point", "coordinates": [-121.8534, 36.58489]}, "properties": {"id": "rancho-aguajito-291", "register_no": null, "name": "Aguajito (Gregorio Tapia)", "date": {"iso": "1835", "display": "1835", "confidence": "year"}, "coord_precision": "exact", "polygon": [[[36.574, -121.83325], [36.58331, -121.83079], [36.58333, -121.83091], [36.58531, -121.84664], [36.58732, -121.84844], [36.59927, -121.87371], [36.59546, -121.8918], [36.58198, -121.89185], [36.574, -121.83325]]], "type": "rancho", "layer": "figueroa", "summary": "Granted 1835 by José Figueroa to Gregorio Tapia. Present-day Monterey County.", "sources": [{"citation": "Diseño (Bancroft Land Case Maps)", "url": "../gallery/disenos.html#dise-o-del-rancho-aguajito-calif--rec78966"}, {"citation": "Boundary: NAHC/CNRA California Land Grants (PLSS reconstruction)", "url": null}], "notes": null, "tags": ["Monterey"]}}, {"type": "Feature", "geometry": {"type": "Point", "coordinates": [-121.90904, 36.575]}, "properties": {"id": "rancho-pescadero-292", "register_no": null, "name": "Pescadero (Fabian Barreto)", "date": {"iso": "1836", "display": "1836", "confidence": "year"}, "coord_precision": "exact", "polygon": [[[36.52891, -121.89185], [36.54638, -121.89185], [36.58198, -121.89185], [36.59546, -121.8918], [36.62276, -121.892], [36.62342, -121.9339], [36.59765, -121.95706], [36.57095, -121.92616], [36.55358, -121.92211], [36.52891, -121.89185]]], "type": "rancho", "layer": "interim", "summary": "Granted 1836 by Nicolas Gutierrez to Fabian Barreto. Present-day Monterey County.", "sources": [{"citation": "Diseño (Bancroft Land Case Maps)", "url": "../gallery/disenos.html#dise-o-del-rancho-san-antonio-o-pescadero-san-mateo-co-calif--rec78594"}, {"citation": "Boundary: NAHC/CNRA California Land Grants (PLSS reconstruction)", "url": null}], "notes": null, "tags": ["Monterey"]}}, {"type": "Feature", "geometry": {"type": "Point", "coordinates": [-121.91886, 36.62506]}, "properties": {"id": "rancho-punta-de-pinos-293", "register_no": null, "name": "Punta de Pinos (José María Armenta and José Abrego)", "date": {"iso": "1833", "display": "1833", "confidence": "year"}, "coord_precision": "exact", "polygon": [[[36.62317, -121.91836], [36.62276, -121.892], [36.63456, -121.92388], [36.62342, -121.9339], [36.6233, -121.92669], [36.62317, -121.91836]]], "type": "rancho", "layer": "figueroa", "summary": "Granted 1833 by José Figueroa to José María Armenta and José Abrego. Present-day Monterey County.", "sources": [{"citation": "Diseño (Bancroft Land Case Maps)", "url": "../gallery/disenos.html#dise-o-del-rancho-punta-de-pinos-calif--rec78878-1"}, {"citation": "Boundary: NAHC/CNRA California Land Grants (PLSS reconstruction)", "url": null}], "notes": null, "tags": ["Monterey"]}}, {"type": "Feature", "geometry": {"type": "Point", "coordinates": [-121.76494, 36.74449]}, "properties": {"id": "rancho-rincon-de-las-salinas-294", "register_no": null, "name": "Rincon de las Salinas (Cristina Delgado)", "date": {"iso": "1833", "display": "1833", "confidence": "year"}, "coord_precision": "exact", "polygon": [[[36.7265, -121.76408], [36.73102, -121.75242], [36.7365, -121.7548], [36.74102, -121.75242], [36.74364, -121.75099], [36.74649, -121.75123], [36.74816, -121.75313], [36.74697, -121.75646], [36.74292, -121.76003], [36.73983, -121.76408], [36.73983, -121.76693], [36.74459, -121.76574], [36.75173, -121.76384], [36.75791, -121.76289], [36.76172, -121.76907], [36.75934, -121.77788], [36.75602, -121.80085], [36.74457, -121.80298], [36.7265, -121.76408]]], "type": "rancho", "layer": "figueroa", "summary": "Granted 1833 by Jose Figueroa to Cristina Delgado. Present-day Monterey County.", "sources": [{"citation": "Diseño (Bancroft Land Case Maps)", "url": "../gallery/disenos.html#dise-o-del-rancho-rincon-de-las-salinas-calif--rec78913"}, {"citation": "Boundary: NAHC/CNRA California Land Grants (PLSS reconstruction)", "url": null}], "notes": null, "tags": ["Monterey"]}}, {"type": "Feature", "geometry": {"type": "Point", "coordinates": [-121.74826, 36.66312]}, "properties": {"id": "rancho-las-salinas-295", "register_no": null, "name": "Las Salinas (Antonio Aceves and Antonio Romero)", "date": {"iso": "1795", "display": "1795", "confidence": "year"}, "coord_precision": "exact", "polygon": [[[36.67666, -121.81846], [36.66917, -121.82328], [36.6624, -121.80405], [36.65479, -121.79311], [36.63385, -121.79477], [36.62052, -121.80239], [36.60839, -121.80833], [36.59839, -121.8188], [36.59411, -121.81357], [36.59697, -121.74266], [36.57793, -121.7241], [36.64218, -121.67699], [36.64366, -121.6853], [36.64652, -121.69073], [36.64766, -121.6933], [36.65109, -121.69387], [36.65565, -121.69273], [36.66022, -121.68987], [36.66336, -121.68787], [36.66508, -121.68873], [36.66565, -121.69216], [36.66765, -121.69987], [36.6705, -121.70186], [36.6725, -121.70186], [36.67868, -121.69721], [36.67772, -121.70102], [36.67701, -121.72624], [36.67718, -121.72824], [36.67868, -121.74599], [36.68034, -121.76003], [36.68796, -121.76979], [36.69462, -121.78264], [36.69771, -121.78359], [36.71532, -121.77693], [36.72103, -121.77193], [36.7265, -121.76408], [36.74457, -121.80298], [36.68286, -121.81448], [36.67666, -121.81846]]], "type": "rancho", "layer": "spanish", "summary": "Granted 1795 by Diego de Borica to Antonio Aceves and Antonio Romero. Present-day Monterey County.", "sources": [{"citation": "Diseño (Bancroft Land Case Maps)", "url": "../gallery/disenos.html#dise-o-del-rancho-las-salinas-calif--rec78873"}, {"citation": "Boundary: NAHC/CNRA California Land Grants (PLSS reconstruction)", "url": null}], "notes": null, "tags": ["Monterey"]}}, {"type": "Feature", "geometry": {"type": "Point", "coordinates": [-121.70942, 36.70277]}, "properties": {"id": "rancho-san-bernabe-296", "register_no": null, "name": "San Bernabe (Petronelo Rios)", "date": {"iso": "1841", "display": "1841", "confidence": "year"}, "coord_precision": "exact", "polygon": [[[36.70366, -121.67532], [36.70556, -121.67818], [36.70985, -121.68222], [36.70985, -121.68413], [36.70985, -121.68865], [36.70937, -121.69531], [36.70961, -121.70007], [36.71389, -121.70364], [36.71437, -121.70649], [36.71437, -121.71506], [36.71413, -121.72172], [36.71794, -121.72291], [36.72198, -121.72434], [36.72103, -121.73148], [36.71675, -121.7341], [36.71175, -121.73957], [36.70771, -121.736], [36.70437, -121.73076], [36.69843, -121.73005], [36.69176, -121.72815], [36.68867, -121.72482], [36.68891, -121.7191], [36.687, -121.71506], [36.68177, -121.70911], [36.68225, -121.70459], [36.68201, -121.70031], [36.68129, -121.69959], [36.67868, -121.69721], [36.70366, -121.67532]]], "type": "rancho", "layer": "alvarado", "summary": "Granted 1841 by Juan Alvarado to Petronelo Rios. Present-day Monterey County.", "sources": [{"citation": "Diseño (Bancroft Land Case Maps)", "url": "../gallery/disenos.html#dise-o-del-rancho-san-bernabe-calif--rec78546"}, {"citation": "Boundary: NAHC/CNRA California Land Grants (PLSS reconstruction)", "url": null}], "notes": null, "tags": ["Monterey"]}}, {"type": "Feature", "geometry": {"type": "Point", "coordinates": [-121.66572, 36.67158]}, "properties": {"id": "rancho-nacional-297", "register_no": null, "name": "Nacional (Vicente Cantua)", "date": {"iso": "1839", "display": "1839", "confidence": "year"}, "coord_precision": "exact", "polygon": [[[36.66765, -121.69987], [36.66565, -121.69216], [36.66508, -121.68873], [36.66336, -121.68787], [36.66022, -121.68987], [36.65565, -121.69273], [36.65109, -121.69387], [36.64766, -121.6933], [36.64652, -121.69073], [36.64366, -121.6853], [36.64218, -121.67699], [36.64251, -121.65476], [36.64989, -121.65524], [36.66226, -121.65096], [36.67011, -121.64501], [36.67796, -121.63763], [36.6832, -121.63216], [36.68708, -121.62572], [36.68986, -121.63073], [36.69272, -121.63882], [36.70128, -121.64239], [36.70699, -121.64287], [36.70937, -121.6462], [36.70747, -121.65453], [36.7039, -121.66047], [36.66765, -121.69987]]], "type": "rancho", "layer": "alvarado", "summary": "Granted 1839 by Juan Alvarado to Vicente Cantua. Present-day Monterey County.", "sources": [{"citation": "Diseño (Bancroft Land Case Maps)", "url": "../gallery/disenos.html#dise-o-del-rancho-nacional-calif--rec78794"}, {"citation": "Boundary: NAHC/CNRA California Land Grants (PLSS reconstruction)", "url": null}], "notes": null, "tags": ["Monterey"]}}, {"type": "Feature", "geometry": {"type": "Point", "coordinates": [-121.58629, 36.76669]}, "properties": {"id": "rancho-la-natividad-298", "register_no": null, "name": "La Natividad (Manuel Butron and Nicolas Alviso)", "date": {"iso": "1837", "display": "1837", "confidence": "year"}, "coord_precision": "exact", "polygon": [[[36.77814, -121.56791], [36.78443, -121.57097], [36.787, -121.57269], [36.78871, -121.5744], [36.791, -121.57754], [36.79157, -121.58354], [36.78928, -121.58782], [36.78386, -121.59068], [36.78129, -121.59353], [36.77986, -121.59781], [36.77929, -121.60324], [36.78158, -121.60838], [36.78557, -121.61323], [36.78814, -121.61609], [36.78329, -121.6198], [36.77758, -121.62066], [36.76616, -121.62123], [36.73745, -121.64453], [36.74102, -121.62859], [36.74316, -121.61408], [36.74316, -121.60265], [36.74102, -121.58909], [36.73816, -121.56791], [36.73693, -121.55675], [36.73935, -121.55744], [36.74364, -121.55649], [36.74554, -121.55459], [36.74887, -121.55506], [36.75553, -121.56078], [36.75839, -121.56054], [36.76362, -121.55435], [36.77005, -121.55721], [36.77814, -121.56791]]], "type": "rancho", "layer": "alvarado", "summary": "Granted 1837 by Juan Alvarado to Manuel Butron and Nicolas Alviso. Present-day Monterey County.", "sources": [{"citation": "Diseño (Bancroft Land Case Maps)", "url": "../gallery/disenos.html#dise-o-del-rancho-la-natividad-calif--rec78956"}, {"citation": "Boundary: NAHC/CNRA California Land Grants (PLSS reconstruction)", "url": null}], "notes": null, "tags": ["Monterey"]}}, {"type": "Feature", "geometry": {"type": "Point", "coordinates": [-121.58319, 36.80103]}, "properties": {"id": "rancho-los-vergeles-299", "register_no": null, "name": "Los Vergeles (José Joaquin Gomez)", "date": {"iso": "1835", "display": "1835", "confidence": "year"}, "coord_precision": "exact", "polygon": [[[36.81906, -121.53865], [36.85524, -121.57412], [36.85528, -121.58386], [36.85519, -121.58388], [36.81909, -121.59194], [36.81156, -121.58953], [36.80413, -121.5941], [36.80099, -121.59696], [36.79842, -121.60353], [36.79385, -121.60353], [36.79014, -121.60809], [36.78814, -121.61609], [36.78557, -121.61323], [36.78158, -121.60838], [36.77929, -121.60324], [36.77986, -121.59781], [36.78129, -121.59353], [36.78386, -121.59068], [36.78928, -121.58782], [36.79157, -121.58354], [36.791, -121.57754], [36.78871, -121.5744], [36.787, -121.57269], [36.78443, -121.57097], [36.77814, -121.56791], [36.80598, -121.5327], [36.81121, -121.53198], [36.81906, -121.53865]]], "type": "rancho", "layer": "interim", "summary": "Granted 1835 by José Castro to José Joaquin Gomez. Present-day Monterey County.", "sources": [{"citation": "Diseño (Bancroft Land Case Maps)", "url": "../gallery/disenos.html#dise-o-del-rancho-los-vergeles-calif--rec78856"}, {"citation": "Boundary: NAHC/CNRA California Land Grants (PLSS reconstruction)", "url": null}], "notes": null, "tags": ["Monterey"]}}, {"type": "Feature", "geometry": {"type": "Point", "coordinates": [-121.68215, 36.78601]}, "properties": {"id": "rancho-bolsa-nueva-y-moro-cojo-300", "register_no": null, "name": "Bolsa Nueva y Moro Cojo (María Antonia Pico de Castro)", "date": {"iso": "1825", "display": "1825", "confidence": "year"}, "coord_precision": "exact", "polygon": [[[36.81519, -121.79156], [36.80277, -121.7933], [36.79551, -121.77145], [36.7867, -121.76265], [36.78195, -121.75741], [36.78171, -121.75456], [36.78218, -121.74766], [36.78195, -121.74409], [36.77909, -121.73909], [36.77481, -121.73624], [36.7691, -121.7291], [36.76505, -121.7241], [36.76029, -121.72148], [36.75601, -121.71958], [36.75244, -121.71458], [36.74768, -121.71125], [36.74007, -121.7103], [36.73483, -121.70483], [36.73245, -121.69935], [36.73007, -121.69364], [36.7296, -121.68889], [36.72555, -121.68484], [36.72389, -121.67889], [36.72365, -121.6758], [36.72365, -121.6708], [36.71913, -121.66452], [36.72746, -121.65952], [36.73293, -121.65072], [36.73745, -121.64453], [36.76616, -121.62123], [36.77758, -121.62066], [36.78329, -121.6198], [36.78814, -121.61609], [36.79014, -121.60809], [36.79385, -121.60353], [36.79842, -121.60353], [36.80213, -121.60952], [36.80527, -121.61038], [36.80699, -121.61266], [36.8107, -121.61409], [36.81298, -121.62066], [36.81584, -121.6218], [36.82155, -121.62323], [36.82526, -121.62551], [36.82726, -121.63208], [36.83069, -121.63893], [36.83668, -121.6415], [36.84068, -121.64693], [36.84297, -121.65378], [36.8541, -121.65464], [36.86969, -121.6692], [36.86198, -121.71317], [36.8497, -121.71203], [36.84542, -121.73573], [36.83086, -121.73516], [36.81519, -121.79156]]], "type": "rancho", "layer": "echeandia", "summary": "Granted 1825 by Luís Antonio Argüello to María Antonia Pico de Castro. Present-day Monterey County.", "sources": [{"citation": "Diseño (Bancroft Land Case Maps)", "url": "../gallery/disenos.html#dise-o-del-rancho-bolsa-nueva-y-moro-cojo-calif--rec78783"}, {"citation": "Boundary: NAHC/CNRA California Land Grants (PLSS reconstruction)", "url": null}], "notes": null, "tags": ["Monterey"]}}, {"type": "Feature", "geometry": {"type": "Point", "coordinates": [-121.71165, 36.86972]}, "properties": {"id": "rancho-los-carneros-301", "register_no": null, "name": "Los Carneros (David Littlejohn)", "date": {"iso": "1834", "display": "1834", "confidence": "year"}, "coord_precision": "exact", "polygon": [[[36.86969, -121.6692], [36.88031, -121.67521], [36.87686, -121.71552], [36.87757, -121.72384], [36.87686, -121.73265], [36.87282, -121.73741], [36.86853, -121.74026], [36.85687, -121.73907], [36.85575, -121.71259], [36.86198, -121.71317], [36.86969, -121.6692]]], "type": "rancho", "layer": "figueroa", "summary": "Granted 1834 by José Figueroa to David Littlejohn. Present-day Monterey County.", "sources": [{"citation": "Diseño (Bancroft Land Case Maps)", "url": "../gallery/disenos.html#dise-o-del-rancho-entre-napa-or-rincon-de-los-carneros-calif--rec78632"}, {"citation": "Boundary: NAHC/CNRA California Land Grants (PLSS reconstruction)", "url": null}], "notes": null, "tags": ["Monterey"]}}, {"type": "Feature", "geometry": {"type": "Point", "coordinates": [-121.77613, 36.97723]}, "properties": {"id": "rancho-los-corralitos-302", "register_no": null, "name": "Los Corralitos (Jose Amesti)", "date": {"iso": "1844", "display": "1844", "confidence": "year"}, "coord_precision": "exact", "polygon": [[[37.03176, -121.76644], [37.03145, -121.83871], [37.03001, -121.83872], [37.02397, -121.83878], [37.01193, -121.83937], [36.9652, -121.79663], [36.93617, -121.79651], [36.93617, -121.78568], [36.91422, -121.78642], [36.92302, -121.77548], [36.93206, -121.76596], [36.93873, -121.75811], [36.94491, -121.74478], [36.94658, -121.73265], [36.95491, -121.73241], [36.95467, -121.73907], [36.98632, -121.73907], [36.98632, -121.75264], [37.00963, -121.7524], [37.032, -121.7524], [37.03176, -121.76644]]], "type": "rancho", "layer": "micheltorena", "summary": "Granted 1844 by Manuel Micheltorena to Jose Amesti. Present-day Santa Cruz County.", "sources": [{"citation": "Diseño (Bancroft Land Case Maps)", "url": "../gallery/disenos.html#plat-of-the-rancho-valle-de-san-jos-alameda-county-calif-sho--rec79050"}, {"citation": "Boundary: NAHC/CNRA California Land Grants (PLSS reconstruction)", "url": null}], "notes": null, "tags": ["Santa Cruz"]}}, {"type": "Feature", "geometry": {"type": "Point", "coordinates": [-122.0532, 37.0748]}, "properties": {"id": "rancho-zayante-303", "register_no": null, "name": "Zayante (Joaquin Buelna)", "date": {"iso": "1833", "display": "1833", "confidence": "year"}, "coord_precision": "exact", "polygon": [[[37.07275, -122.04059], [37.09798, -122.04091], [37.09826, -122.06718], [37.06618, -122.0673], [37.06618, -122.06728], [37.06644, -122.06584], [37.06522, -122.04589], [37.06742, -122.04318], [37.07275, -122.04059]]], "type": "rancho", "layer": "figueroa", "summary": "Granted 1833 by José Figueroa to Joaquin Buelna. Present-day Santa Cruz County.", "sources": [{"citation": "Diseño (Bancroft Land Case Maps)", "url": "../gallery/disenos.html#dise-o-del-rancho-zayante-santa-cruz-co-calif-by-james-w-wee--rec78491"}, {"citation": "Boundary: NAHC/CNRA California Land Grants (PLSS reconstruction)", "url": null}], "notes": null, "tags": ["Santa Cruz"]}}, {"type": "Feature", "geometry": {"type": "Point", "coordinates": [-122.16706, 37.07443]}, "properties": {"id": "rancho-san-vicente-304", "register_no": null, "name": "San Vicente (Blas A. Escamilla)", "date": {"iso": "1846", "display": "1846", "confidence": "year"}, "coord_precision": "exact", "polygon": [[[37.01131, -122.20163], [37.02525, -122.18503], [37.04048, -122.16809], [37.04448, -122.15952], [37.046, -122.15191], [37.05457, -122.14582], [37.06009, -122.13573], [37.06694, -122.13135], [37.07893, -122.12202], [37.09226, -122.11879], [37.10387, -122.1205], [37.12538, -122.12945], [37.13928, -122.14068], [37.14118, -122.14734], [37.14194, -122.15572], [37.14023, -122.16047], [37.13147, -122.16219], [37.11757, -122.16523], [37.10273, -122.17133], [37.0875, -122.1719], [37.07779, -122.17646], [37.07303, -122.18084], [37.06389, -122.18712], [37.05818, -122.19169], [37.04334, -122.20883], [37.03296, -122.22381], [37.03267, -122.22354], [37.01395, -122.20619], [37.01131, -122.20163]]], "type": "rancho", "layer": "pico", "summary": "Granted 1846 by Pío Pico to Blas A. Escamilla. Present-day Santa Cruz County.", "sources": [{"citation": "Diseño (Bancroft Land Case Maps)", "url": "../gallery/disenos.html#dise-o-del-rancho-san-vicente-monterey-county-calif--rec78498"}, {"citation": "Boundary: NAHC/CNRA California Land Grants (PLSS reconstruction)", "url": null}], "notes": null, "tags": ["Santa Cruz"]}}, {"type": "Feature", "geometry": {"type": "Point", "coordinates": [-122.23785, 37.07321]}, "properties": {"id": "rancho-agua-puerca-y-las-trancas-305", "register_no": null, "name": "Agua Puerca y las Trancas (Ramon Rodriguez and Francisco Alviso)", "date": {"iso": "1843", "display": "1843", "confidence": "year"}, "coord_precision": "exact", "polygon": [[[37.10175, -122.2849], [37.07255, -122.26049], [37.03296, -122.22381], [37.04334, -122.20883], [37.05578, -122.19447], [37.05583, -122.1944], [37.12176, -122.25097], [37.10175, -122.2849]]], "type": "rancho", "layer": "micheltorena", "summary": "Granted 1843 by Manuel Micheltorena to Ramon Rodriguez and Francisco Alviso. Present-day Santa Cruz County.", "sources": [{"citation": "Diseño (Bancroft Land Case Maps)", "url": "../gallery/disenos.html#dise-o-del-rancho-agua-puerca-y-las-trancas-santa-cruz-co-ca--rec78483"}, {"citation": "Boundary: NAHC/CNRA California Land Grants (PLSS reconstruction)", "url": null}], "notes": null, "tags": ["Santa Cruz"]}}, {"type": "Feature", "geometry": {"type": "Point", "coordinates": [-122.37801, 37.24872]}, "properties": {"id": "rancho-butano-306", "register_no": null, "name": "Butano (Ramona Sanchez)", "date": {"iso": "1838", "display": "1838", "confidence": "year"}, "coord_precision": "exact", "polygon": [[[37.24169, -122.34996], [37.24207, -122.33663], [37.2533, -122.33682], [37.25349, -122.36385], [37.25844, -122.37261], [37.26396, -122.3827], [37.26225, -122.38803], [37.27188, -122.41394], [37.27177, -122.41397], [37.24853, -122.41847], [37.23866, -122.41502], [37.2394, -122.40497], [37.24074, -122.38841], [37.24035, -122.37927], [37.23541, -122.37432], [37.23788, -122.37013], [37.24188, -122.3648], [37.24226, -122.35833], [37.24169, -122.34996]]], "type": "rancho", "layer": "alvarado", "summary": "Granted 1838 by Juan Alvarado to Ramona Sanchez. Present-day San Mateo County.", "sources": [{"citation": "Diseño (Bancroft Land Case Maps)", "url": "../gallery/disenos.html#dise-o-del-rancho-butano-calif--rec78670"}, {"citation": "Boundary: NAHC/CNRA California Land Grants (PLSS reconstruction)", "url": null}], "notes": null, "tags": ["San Mateo"]}}, {"type": "Feature", "geometry": {"type": "Point", "coordinates": [-122.38331, 37.275]}, "properties": {"id": "rancho-san-antonio-or-pescadero-307", "register_no": null, "name": "San Antonio or Pescadero (Juan Jose Gonzales)", "date": {"iso": "1833", "display": "1833", "confidence": "year"}, "coord_precision": "exact", "polygon": [[[37.2553, -122.36705], [37.29404, -122.36347], [37.31822, -122.40497], [37.31497, -122.4056], [37.27188, -122.41394], [37.26225, -122.38803], [37.26396, -122.3827], [37.25844, -122.37261], [37.25566, -122.3677], [37.2553, -122.36705]]], "type": "rancho", "layer": "figueroa", "summary": "Granted 1833 by Jose Figueroa to Juan Jose Gonzales. Present-day San Mateo County.", "sources": [{"citation": "Diseño (Bancroft Land Case Maps)", "url": "../gallery/disenos.html#plat-of-the-rancho-de-san-antonio-or-pescadero-finally-confi--rec79054-1"}, {"citation": "Boundary: NAHC/CNRA California Land Grants (PLSS reconstruction)", "url": null}], "notes": null, "tags": ["San Mateo"]}}, {"type": "Feature", "geometry": {"type": "Point", "coordinates": [-122.12072, 37.38287]}, "properties": {"id": "rancho-la-purisima-concepcion-308", "register_no": null, "name": "La Purisima Concepcion (Jose Gorgonio)", "date": {"iso": "1840", "display": "1840", "confidence": "year"}, "coord_precision": "exact", "polygon": [[[37.39159, -122.14655], [37.35095, -122.12594], [37.35004, -122.1149], [37.36622, -122.10062], [37.38036, -122.10082], [37.38065, -122.10767], [37.40406, -122.10738], [37.40863, -122.11738], [37.40463, -122.13936], [37.39159, -122.14655]]], "type": "rancho", "layer": "alvarado", "summary": "Granted 1840 by Juan Alvarado to Jose Gorgonio. Present-day Santa Clara County.", "sources": [{"citation": "Diseño (Bancroft Land Case Maps)", "url": "../gallery/disenos.html#plan-dise-o-del-ferreno-de-la-purisima-concepcion-en-la-comp--rec78464"}, {"citation": "Boundary: NAHC/CNRA California Land Grants (PLSS reconstruction)", "url": null}], "notes": null, "tags": ["Santa Clara"]}}, {"type": "Feature", "geometry": {"type": "Point", "coordinates": [-122.15905, 37.43357]}, "properties": {"id": "rancho-san-francisquito-309", "register_no": null, "name": "San Francisquito (Antonio Buelna)", "date": {"iso": "1837", "display": "1837", "confidence": "year"}, "coord_precision": "exact", "polygon": [[[37.41691, -122.16563], [37.43033, -122.12851], [37.45781, -122.128], [37.45997, -122.13665], [37.45878, -122.14617], [37.43761, -122.17496], [37.42452, -122.18804], [37.41585, -122.19062], [37.41705, -122.1663], [37.41691, -122.16563]]], "type": "rancho", "layer": "alvarado", "summary": "Granted 1837 by Juan Alvarado to Antonio Buelna. Present-day Santa Clara County.", "sources": [{"citation": "Diseño (Bancroft Land Case Maps)", "url": "../gallery/disenos.html#dise-o-del-rancho-rincon-de-san-francisquito-santa-clara-co---rec78448"}, {"citation": "Boundary: NAHC/CNRA California Land Grants (PLSS reconstruction)", "url": null}], "notes": null, "tags": ["Santa Clara"]}}, {"type": "Feature", "geometry": {"type": "Point", "coordinates": [-122.10895, 37.41282]}, "properties": {"id": "rancho-rincon-de-san-francisquito-310", "register_no": null, "name": "Rincon de San Francisquito (José Peña)", "date": {"iso": "1841", "display": "1841", "confidence": "year"}, "coord_precision": "exact", "polygon": [[[37.42748, -122.08397], [37.43033, -122.12851], [37.41691, -122.16563], [37.41705, -122.1663], [37.39159, -122.14655], [37.40463, -122.13936], [37.40863, -122.11738], [37.40406, -122.10738], [37.40549, -122.08568], [37.39692, -122.06941], [37.40949, -122.06684], [37.42662, -122.05542], [37.42748, -122.08397]]], "type": "rancho", "layer": "alvarado", "summary": "Granted 1841 by Juan Alvarado to José Peña. Present-day Santa Clara County.", "sources": [{"citation": "Diseño (Bancroft Land Case Maps)", "url": "../gallery/disenos.html#dise-o-del-rancho-rincon-de-san-francisquito-santa-clara-co---rec78448"}, {"citation": "Boundary: NAHC/CNRA California Land Grants (PLSS reconstruction)", "url": null}], "notes": null, "tags": ["Santa Clara"]}}, {"type": "Feature", "geometry": {"type": "Point", "coordinates": [-122.03865, 37.41259]}, "properties": {"id": "rancho-posolmi-311", "register_no": null, "name": "Posolmi (Lope Yñigo)", "date": {"iso": "1844", "display": "1844", "confidence": "year"}, "coord_precision": "exact", "polygon": [[[37.40502, -122.04558], [37.40528, -122.03062], [37.43012, -122.01182], [37.42548, -122.04457], [37.40463, -122.0537], [37.40502, -122.04558]]], "type": "rancho", "layer": "micheltorena", "summary": "Granted 1844 by Manuel Micheltorena to Lope Yñigo. Present-day Santa Clara County.", "sources": [{"citation": "Diseño (Bancroft Land Case Maps)", "url": "../gallery/disenos.html#map-of-the-land-called-posolmi-or-y-igo-s-ranch-the-property--rec79632-1"}, {"citation": "Boundary: NAHC/CNRA California Land Grants (PLSS reconstruction)", "url": null}], "notes": null, "tags": ["Santa Clara"]}}, {"type": "Feature", "geometry": {"type": "Point", "coordinates": [-122.00429, 37.37448]}, "properties": {"id": "rancho-pastoria-de-las-borregas-312", "register_no": null, "name": "Pastoria de las Borregas (Francisco Estrada)", "date": {"iso": "1842", "display": "1842", "confidence": "year"}, "coord_precision": "exact", "polygon": [[[37.41868, -121.98397], [37.368, -122.01077], [37.36771, -122.02745], [37.3677, -122.02828], [37.35466, -122.02829], [37.35524, -122.01658], [37.34467, -122.01687], [37.34467, -122.00231], [37.36751, -121.97889], [37.41177, -121.96976], [37.41868, -121.98397]]], "type": "rancho", "layer": "alvarado", "summary": "Granted 1842 by Juan Alvarado to Francisco Estrada. Present-day Santa Clara County.", "sources": [{"citation": "Diseño (Bancroft Land Case Maps)", "url": "../gallery/disenos.html#dise-o-del-rancho-del-refugio-o-pastoria-de-las-borregas-san--rec78456"}, {"citation": "Boundary: NAHC/CNRA California Land Grants (PLSS reconstruction)", "url": null}], "notes": null, "tags": ["Santa Clara"]}}, {"type": "Feature", "geometry": {"type": "Point", "coordinates": [-121.96868, 37.3989]}, "properties": {"id": "rancho-potrero-de-santa-clara-313", "register_no": null, "name": "Potrero de Santa Clara (James Alexander Forbes)", "date": {"iso": "1844", "display": "1844", "confidence": "year"}, "coord_precision": "exact", "polygon": [[[37.34467, -122.00231], [37.3465, -121.95525], [37.35295, -121.9492], [37.3598, -121.94891], [37.36352, -121.94463], [37.37579, -121.94463], [37.37722, -121.9492], [37.38265, -121.95291], [37.38664, -121.95177], [37.39064, -121.9472], [37.39521, -121.94606], [37.40178, -121.94834], [37.40635, -121.9512], [37.41206, -121.9609], [37.41748, -121.96205], [37.42662, -121.96205], [37.43005, -121.96405], [37.43176, -121.97033], [37.43062, -121.98004], [37.43204, -121.98375], [37.43547, -121.98603], [37.43661, -121.99403], [37.43804, -122.00117], [37.42577, -122.00123], [37.42512, -121.99965], [37.41868, -121.98397], [37.41177, -121.96976], [37.36751, -121.97889], [37.34467, -122.00231]]], "type": "rancho", "layer": "micheltorena", "summary": "Granted 1844 by Manuel Micheltorena to James Alexander Forbes. Present-day Santa Clara County.", "sources": [{"citation": "Boundary: NAHC/CNRA California Land Grants (PLSS reconstruction)", "url": null}], "notes": null, "tags": ["Santa Clara"]}}, {"type": "Feature", "geometry": {"type": "Point", "coordinates": [-121.9912, 37.30274]}, "properties": {"id": "rancho-quito-314", "register_no": null, "name": "Quito (José Zenon Fernandez and Jose Noriega)", "date": {"iso": "1841", "display": "1841", "confidence": "year"}, "coord_precision": "exact", "polygon": [[[37.34467, -122.00231], [37.31126, -122.00259], [37.31098, -122.01544], [37.30041, -122.01516], [37.3007, -122.02715], [37.26129, -122.02686], [37.26101, -122.00973], [37.26529, -122.00945], [37.26537, -121.98212], [37.26566, -121.98182], [37.30126, -121.94605], [37.31555, -121.93692], [37.34651, -121.95489], [37.3465, -121.95525], [37.34467, -122.00231]]], "type": "rancho", "layer": "alvarado", "summary": "Granted 1841 by Juan Alvarado to José Zenon Fernandez and Jose Noriega. Present-day Santa Clara County.", "sources": [{"citation": "Diseño (Bancroft Land Case Maps)", "url": "../gallery/disenos.html#plano-del-parage-conscido-por-rancho-de-quito-calif-jose-fer--rec78649"}, {"citation": "Boundary: NAHC/CNRA California Land Grants (PLSS reconstruction)", "url": null}], "notes": null, "tags": ["Santa Clara"]}}, {"type": "Feature", "geometry": {"type": "Point", "coordinates": [-121.86168, 37.45458]}, "properties": {"id": "rancho-los-tularcitos-315", "register_no": null, "name": "Los Tularcitos (José Loreto Higuera)", "date": {"iso": "1821", "display": "1821", "confidence": "year"}, "coord_precision": "exact", "polygon": [[[37.43918, -121.85023], [37.45432, -121.82482], [37.48487, -121.84538], [37.47587, -121.86202], [37.46682, -121.87737], [37.44776, -121.87839], [37.4444, -121.88011], [37.43883, -121.88656], [37.43918, -121.85023]]], "type": "rancho", "layer": "spanish", "summary": "Granted 1821 by Pablo Vicente de Solá to José Loreto Higuera. Present-day Santa Clara County.", "sources": [{"citation": "Diseño (Bancroft Land Case Maps)", "url": "../gallery/disenos.html#rancho-los-tularcitos-santa-clara-co-calif-exhibit-a--rec78652"}, {"citation": "Boundary: NAHC/CNRA California Land Grants (PLSS reconstruction)", "url": null}], "notes": null, "tags": ["Santa Clara"]}}, {"type": "Feature", "geometry": {"type": "Point", "coordinates": [-121.8772, 37.42016]}, "properties": {"id": "rancho-milpitas-316", "register_no": null, "name": "Milpitas (José María Alviso)", "date": {"iso": "1835", "display": "1835", "confidence": "year"}, "coord_precision": "exact", "polygon": [[[37.43883, -121.88656], [37.42976, -121.88783], [37.42638, -121.89074], [37.4192, -121.89295], [37.39828, -121.89123], [37.39489, -121.89474], [37.39607, -121.81397], [37.43918, -121.85023], [37.43883, -121.88656]]], "type": "rancho", "layer": "interim", "summary": "Granted 1835 by José Castro to José María Alviso. Present-day Santa Clara County.", "sources": [{"citation": "Diseño (Bancroft Land Case Maps)", "url": "../gallery/disenos.html#dise-o-del-sitio-del-rancho-milpitas-santa-clara-co-calif--rec79006"}, {"citation": "Boundary: NAHC/CNRA California Land Grants (PLSS reconstruction)", "url": null}], "notes": null, "tags": ["Santa Clara"]}}, {"type": "Feature", "geometry": {"type": "Point", "coordinates": [-121.96242, 37.44676]}, "properties": {"id": "rancho-rincon-de-los-esteros-317", "register_no": null, "name": "Rincon de Los Esteros (Ignacio Alviso)", "date": {"iso": "1838", "display": "1838", "confidence": "year"}, "coord_precision": "exact", "polygon": [[[37.4256, -121.90988], [37.43345, -121.91008], [37.43844, -121.91111], [37.44126, -121.91298], [37.44425, -121.91964], [37.44846, -121.92454], [37.45393, -121.92468], [37.45749, -121.92507], [37.45932, -121.92991], [37.46041, -121.93593], [37.4586, -121.94046], [37.46288, -121.94788], [37.4626, -121.95474], [37.45888, -121.95931], [37.45517, -121.96759], [37.45803, -121.97558], [37.46031, -121.97844], [37.45888, -121.98786], [37.46231, -121.995], [37.46688, -122.00214], [37.46745, -122.01584], [37.46517, -122.01813], [37.4586, -122.0187], [37.44803, -122.01756], [37.44604, -122.00813], [37.44432, -122.00328], [37.43804, -122.00117], [37.43661, -121.99403], [37.43547, -121.98603], [37.43204, -121.98375], [37.43062, -121.98004], [37.43176, -121.97033], [37.43005, -121.96405], [37.42662, -121.96205], [37.42177, -121.93304], [37.42491, -121.93075], [37.4256, -121.90988]]], "type": "rancho", "layer": "alvarado", "summary": "Granted 1838 by Juan Alvarado to Ignacio Alviso. Present-day Santa Clara County.", "sources": [{"citation": "Diseño (Bancroft Land Case Maps)", "url": "../gallery/disenos.html#dise-o-del-rancho-rincon-de-los-esteros-santa-clara-co-calif--rec78664"}, {"citation": "Boundary: NAHC/CNRA California Land Grants (PLSS reconstruction)", "url": null}], "notes": null, "tags": ["Santa Clara"]}}, {"type": "Feature", "geometry": {"type": "Point", "coordinates": [-121.91472, 37.40356]}, "properties": {"id": "rancho-rincon-de-los-esteros-318", "register_no": null, "name": "Rincon de Los Esteros (Ignacio Alviso)", "date": {"iso": "1838", "display": "1838", "confidence": "year"}, "coord_precision": "exact", "polygon": [[[37.37665, -121.91134], [37.39489, -121.89474], [37.39907, -121.90173], [37.4012, -121.90238], [37.40646, -121.90102], [37.41334, -121.90269], [37.41756, -121.90639], [37.4256, -121.90988], [37.42491, -121.93075], [37.42177, -121.93304], [37.41805, -121.92875], [37.4132, -121.92961], [37.40806, -121.9279], [37.40492, -121.92418], [37.40092, -121.91962], [37.39721, -121.91905], [37.39435, -121.9159], [37.39036, -121.91276], [37.38607, -121.91134], [37.37665, -121.91134]]], "type": "rancho", "layer": "alvarado", "summary": "Granted 1838 by Juan Alvarado to Ignacio Alviso. Present-day Santa Clara County.", "sources": [{"citation": "Diseño (Bancroft Land Case Maps)", "url": "../gallery/disenos.html#dise-o-del-rancho-rincon-de-los-esteros-santa-clara-co-calif--rec78664"}, {"citation": "Boundary: NAHC/CNRA California Land Grants (PLSS reconstruction)", "url": null}], "notes": null, "tags": ["Santa Clara"]}}, {"type": "Feature", "geometry": {"type": "Point", "coordinates": [-121.93665, 37.40025]}, "properties": {"id": "rancho-ulistac-319", "register_no": null, "name": "Ulistac (Marcelo; Pio and Cristoval)", "date": {"iso": "1845", "display": "1845", "confidence": "year"}, "coord_precision": "exact", "polygon": [[[37.42177, -121.93304], [37.42662, -121.96205], [37.41748, -121.96205], [37.41206, -121.9609], [37.40635, -121.9512], [37.40178, -121.94834], [37.39521, -121.94606], [37.39064, -121.9472], [37.38664, -121.95177], [37.38265, -121.95291], [37.37722, -121.9492], [37.37579, -121.94463], [37.37665, -121.91134], [37.38607, -121.91134], [37.39036, -121.91276], [37.39435, -121.9159], [37.39721, -121.91905], [37.40092, -121.91962], [37.40492, -121.92418], [37.40806, -121.9279], [37.4132, -121.92961], [37.41805, -121.92875], [37.42177, -121.93304]]], "type": "rancho", "layer": "pico", "summary": "Granted 1845 by Pio Pico to Marcelo; Pio and Cristoval. Present-day Santa Clara County.", "sources": [{"citation": "Diseño (Bancroft Land Case Maps)", "url": "../gallery/disenos.html#sketches-of-rancho-ulistac-santa-clara-co-calif--rec79163"}, {"citation": "Boundary: NAHC/CNRA California Land Grants (PLSS reconstruction)", "url": null}], "notes": null, "tags": ["Santa Clara"]}}, {"type": "Feature", "geometry": {"type": "Point", "coordinates": [-121.80473, 37.35559]}, "properties": {"id": "rancho-pala-320", "register_no": null, "name": "Pala (Jose Higuera)", "date": {"iso": "1835", "display": "1835", "confidence": "year"}, "coord_precision": "exact", "polygon": [[[37.33407, -121.7496], [37.35638, -121.78713], [37.3618, -121.79255], [37.37351, -121.79941], [37.38493, -121.80626], [37.38579, -121.8351], [37.3835, -121.84452], [37.37437, -121.83852], [37.36666, -121.82425], [37.36152, -121.81911], [37.35723, -121.81768], [37.34695, -121.81397], [37.34467, -121.81054], [37.34296, -121.80226], [37.3381, -121.79855], [37.32954, -121.79798], [37.32457, -121.79819], [37.33407, -121.7496]]], "type": "rancho", "layer": "interim", "summary": "Granted 1835 by José Castro to Jose Higuera. Present-day Santa Clara County.", "sources": [{"citation": "Boundary: NAHC/CNRA California Land Grants (PLSS reconstruction)", "url": null}], "notes": null, "tags": ["Santa Clara"]}}, {"type": "Feature", "geometry": {"type": "Point", "coordinates": [-121.89009, 37.53984]}, "properties": {"id": "rancho-ex-mission-san-jose-321", "register_no": null, "name": "Ex-Mission San José (Andrés Pico and Juan B. Alvarado [27])", "date": {"iso": "1846", "display": "1846", "confidence": "year"}, "coord_precision": "exact", "polygon": [[[37.51268, -121.86772], [37.52156, -121.86651], [37.52013, -121.85851], [37.52756, -121.85823], [37.52784, -121.84966], [37.54612, -121.84937], [37.54612, -121.8568], [37.55011, -121.85737], [37.55068, -121.86308], [37.55268, -121.86251], [37.55554, -121.86508], [37.56011, -121.86594], [37.55896, -121.88364], [37.5681, -121.88364], [37.56896, -121.87564], [37.58638, -121.87593], [37.58638, -121.86851], [37.60379, -121.86851], [37.59751, -121.87707], [37.59009, -121.88906], [37.58466, -121.90363], [37.57695, -121.92133], [37.56696, -121.93446], [37.55097, -121.94332], [37.53527, -121.9416], [37.50988, -121.93878], [37.51421, -121.93642], [37.51428, -121.93162], [37.51488, -121.92444], [37.51303, -121.9208], [37.51071, -121.91714], [37.51051, -121.91444], [37.51223, -121.91148], [37.51513, -121.90856], [37.51617, -121.90289], [37.51811, -121.90084], [37.52009, -121.89609], [37.52062, -121.89251], [37.5188, -121.88766], [37.51551, -121.88458], [37.51466, -121.87827], [37.5157, -121.87259], [37.51268, -121.86772]]], "type": "rancho", "layer": "pico", "summary": "Granted 1846 by Pio Pico to Andrés Pico and Juan B. Alvarado [27]. Present-day Alameda County.", "sources": [{"citation": "Boundary: NAHC/CNRA California Land Grants (PLSS reconstruction)", "url": null}], "notes": null, "tags": ["Alameda"]}}, {"type": "Feature", "geometry": {"type": "Point", "coordinates": [-121.81728, 37.61423]}, "properties": {"id": "rancho-valle-de-san-jose-322", "register_no": null, "name": "Valle de San Jose (Pico, Sunol and Bernal)", "date": {"iso": "1839", "display": "1839", "confidence": "year"}, "coord_precision": "exact", "polygon": [[[37.60379, -121.86851], [37.58638, -121.86851], [37.58483, -121.86165], [37.58141, -121.85794], [37.57484, -121.85223], [37.56827, -121.84823], [37.56399, -121.84138], [37.55799, -121.83624], [37.554, -121.83281], [37.54543, -121.83167], [37.54143, -121.82653], [37.55857, -121.80969], [37.55799, -121.78427], [37.56742, -121.78456], [37.56713, -121.75572], [37.58569, -121.756], [37.58598, -121.73259], [37.66164, -121.73231], [37.67535, -121.76628], [37.69074, -121.78695], [37.68784, -121.79004], [37.6863, -121.79751], [37.68448, -121.80769], [37.68074, -121.81872], [37.67808, -121.82166], [37.67633, -121.82702], [37.67199, -121.83052], [37.65986, -121.82993], [37.65251, -121.83167], [37.64166, -121.84138], [37.61881, -121.85423], [37.60379, -121.86851]]], "type": "rancho", "layer": "alvarado", "summary": "Granted 1839 by Juan Alvarado to Pico, Sunol and Bernal. Present-day Alameda County.", "sources": [{"citation": "Diseño (Bancroft Land Case Maps)", "url": "../gallery/disenos.html#plano-del-valle-de-san-jos-alameda-county-calif-adjudicado-a--rec78593"}, {"citation": "Boundary: NAHC/CNRA California Land Grants (PLSS reconstruction)", "url": null}], "notes": null, "tags": ["Alameda"]}}, {"type": "Feature", "geometry": {"type": "Point", "coordinates": [-121.93273, 37.7516]}, "properties": {"id": "rancho-san-ramon-323", "register_no": null, "name": "San Ramon (Bartolome Pacheco and Mariano Castro)", "date": {"iso": "1833", "display": "1833", "confidence": "year"}, "coord_precision": "exact", "polygon": [[[37.76986, -121.93047], [37.771, -121.93532], [37.76072, -121.97472], [37.72617, -121.95702], [37.72971, -121.94352], [37.73627, -121.92053], [37.73918, -121.917], [37.74396, -121.91592], [37.74941, -121.91786], [37.75317, -121.92036], [37.76993, -121.92952], [37.76986, -121.93047]]], "type": "rancho", "layer": "figueroa", "summary": "Granted 1833 by Jose Figueroa to Bartolome Pacheco and Mariano Castro. Present-day Contra Costa County.", "sources": [{"citation": "Diseño (Bancroft Land Case Maps)", "url": "../gallery/disenos.html#dise-o-del-rancho-san-ramon-carpentier-calif--rec78446-1"}, {"citation": "Boundary: NAHC/CNRA California Land Grants (PLSS reconstruction)", "url": null}], "notes": null, "tags": ["Contra Costa"]}}, {"type": "Feature", "geometry": {"type": "Point", "coordinates": [-121.72442, 37.68293]}, "properties": {"id": "rancho-las-positas-324", "register_no": null, "name": "Las Positas (Robert Livermore and Jose Noriega)", "date": {"iso": "1839", "display": "1839", "confidence": "year"}, "coord_precision": "exact", "polygon": [[[37.63223, -121.73242], [37.63223, -121.63865], [37.64594, -121.63836], [37.64537, -121.65236], [37.70733, -121.65178], [37.71047, -121.66006], [37.70761, -121.68034], [37.7019, -121.7009], [37.69791, -121.71118], [37.69791, -121.71974], [37.70162, -121.72602], [37.7019, -121.74173], [37.69648, -121.75715], [37.69762, -121.77171], [37.69991, -121.77885], [37.69845, -121.78608], [37.69791, -121.78607], [37.69171, -121.78592], [37.69074, -121.78695], [37.67535, -121.76628], [37.66164, -121.73231], [37.63223, -121.73242]]], "type": "rancho", "layer": "alvarado", "summary": "Granted 1839 by Juan Alvarado to Robert Livermore and Jose Noriega. Present-day Alameda County.", "sources": [{"citation": "Diseño (Bancroft Land Case Maps)", "url": "../gallery/disenos.html#dise-o-del-rancho-las-positas-calif--rec79162"}, {"citation": "Boundary: NAHC/CNRA California Land Grants (PLSS reconstruction)", "url": null}], "notes": null, "tags": ["Alameda"]}}, {"type": "Feature", "geometry": {"type": "Point", "coordinates": [-121.69404, 37.8116]}, "properties": {"id": "rancho-canada-de-los-vaqueros-325", "register_no": null, "name": "Cañada de los Vaqueros (Francisco Alviso; Antonio Higuera; and Manuel Miranda)", "date": {"iso": "1844", "display": "1844", "confidence": "year"}, "coord_precision": "exact", "polygon": [[[37.83365, -121.64122], [37.83394, -121.66206], [37.84507, -121.66206], [37.8445, -121.69833], [37.83679, -121.69833], [37.83679, -121.75486], [37.81709, -121.75458], [37.81737, -121.73659], [37.80253, -121.73659], [37.80281, -121.72317], [37.79025, -121.72345], [37.79025, -121.70975], [37.76598, -121.70918], [37.76655, -121.65293], [37.78996, -121.65264], [37.78996, -121.64179], [37.83365, -121.64122]]], "type": "rancho", "layer": "micheltorena", "summary": "Granted 1844 by Manuel Micheltorena to Francisco Alviso; Antonio Higuera; and Manuel Miranda. Present-day Contra Costa County.", "sources": [{"citation": "Boundary: NAHC/CNRA California Land Grants (PLSS reconstruction)", "url": null}], "notes": null, "tags": ["Contra Costa"]}}, {"type": "Feature", "geometry": {"type": "Point", "coordinates": [-121.68987, 37.91808]}, "properties": {"id": "rancho-los-meganos-326", "register_no": null, "name": "Los Meganos (Jose Noriega)", "date": {"iso": "1835", "display": "1835", "confidence": "year"}, "coord_precision": "exact", "polygon": [[[37.97128, -121.70575], [37.94387, -121.70575], [37.94358, -121.7246], [37.88419, -121.72431], [37.88419, -121.71089], [37.86078, -121.71089], [37.86049, -121.67063], [37.87191, -121.67092], [37.87191, -121.65264], [37.94958, -121.65207], [37.94986, -121.66692], [37.97213, -121.6672], [37.97128, -121.70575]]], "type": "rancho", "layer": "interim", "summary": "Granted 1835 by Jose Castro to Jose Noriega. Present-day Contra Costa County.", "sources": [{"citation": "Diseño (Bancroft Land Case Maps)", "url": "../gallery/disenos.html#dise-o-del-rancho-los-meganos-calif--rec78595-1"}, {"citation": "Boundary: NAHC/CNRA California Land Grants (PLSS reconstruction)", "url": null}], "notes": null, "tags": ["Contra Costa"]}}, {"type": "Feature", "geometry": {"type": "Point", "coordinates": [-121.87216, 38.0171]}, "properties": {"id": "rancho-los-medanos-327", "register_no": null, "name": "Los Medanos (Jose Antonio Mesa and Jose Miguel Garcia)", "date": {"iso": "1839", "display": "1839", "confidence": "year"}, "coord_precision": "exact", "polygon": [[[38.02073, -121.94429], [38.01188, -121.944], [38.01188, -121.92687], [38.00474, -121.9263], [38.00474, -121.91231], [37.99903, -121.91231], [37.99818, -121.88404], [37.99018, -121.88404], [37.99161, -121.78981], [38.01445, -121.79038], [38.02987, -121.81722], [38.02673, -121.82179], [38.02216, -121.82636], [38.02245, -121.8295], [38.02759, -121.8335], [38.02616, -121.84264], [38.02273, -121.84635], [38.02187, -121.85263], [38.02587, -121.85863], [38.0293, -121.86177], [38.03158, -121.87176], [38.02958, -121.88147], [38.02302, -121.89917], [38.02045, -121.9026], [38.02073, -121.94429]]], "type": "rancho", "layer": "alvarado", "summary": "Granted 1839 by Juan Alvarado to Jose Antonio Mesa and Jose Miguel Garcia. Present-day Contra Costa County.", "sources": [{"citation": "Diseño (Bancroft Land Case Maps)", "url": "../gallery/disenos.html#dise-o-del-rancho-los-medanos-calif--rec78733-1"}, {"citation": "Boundary: NAHC/CNRA California Land Grants (PLSS reconstruction)", "url": null}], "notes": null, "tags": ["Contra Costa"]}}, {"type": "Feature", "geometry": {"type": "Point", "coordinates": [-122.31924, 37.95283]}, "properties": {"id": "rancho-san-pablo-328", "register_no": null, "name": "San Pablo (Francisco María Castro)", "date": {"iso": "1823", "display": "1823", "confidence": "year"}, "coord_precision": "exact", "polygon": [[[37.89384, -122.32873], [37.89281, -122.27888], [37.90395, -122.27688], [37.91451, -122.2823], [37.92565, -122.29173], [37.94107, -122.29972], [37.95306, -122.29744], [37.96248, -122.29258], [37.97276, -122.2823], [38.0374, -122.283], [38.03695, -122.28364], [38.01031, -122.32172], [38.00926, -122.34282], [38.00795, -122.3689], [37.97817, -122.3676], [37.95568, -122.42527], [37.9052, -122.37872], [37.9088, -122.33454], [37.89384, -122.32873]]], "type": "rancho", "layer": "echeandia", "summary": "Granted 1823 by Luís Antonio Argüello to Francisco María Castro. Present-day Contra Costa County.", "sources": [{"citation": "Diseño (Bancroft Land Case Maps)", "url": "../gallery/disenos.html#dise-o-del-ranchos-san-pablo-y-san-antonio-calif--rec78660"}, {"citation": "Boundary: NAHC/CNRA California Land Grants (PLSS reconstruction)", "url": null}], "notes": null, "tags": ["Contra Costa"]}}, {"type": "Feature", "geometry": {"type": "Point", "coordinates": [-122.22137, 38.01937]}, "properties": {"id": "rancho-el-pinole-329", "register_no": null, "name": "El Pinole (Ygnacio Martinez)", "date": {"iso": "1842", "display": "1842", "confidence": "year"}, "coord_precision": "exact", "polygon": [[[37.9979, -122.28258], [37.9976, -122.20635], [37.99304, -122.20635], [37.99332, -122.18979], [37.98675, -122.18979], [37.98675, -122.1718], [38.02273, -122.17209], [38.02502, -122.1718], [38.02502, -122.19864], [38.03415, -122.19864], [38.03444, -122.20921], [38.04386, -122.20492], [38.05014, -122.23205], [38.05128, -122.23947], [38.05148, -122.26287], [38.0374, -122.283], [38.01987, -122.28281], [37.9979, -122.28258]]], "type": "rancho", "layer": "alvarado", "summary": "Granted 1842 by Juan Alvarado to Ygnacio Martinez. Present-day Contra Costa County.", "sources": [{"citation": "Diseño (Bancroft Land Case Maps)", "url": "../gallery/disenos.html#dise-o-del-rancho-la-boca-de-la-ca-ada-del-pinole-calif--rec78469"}, {"citation": "Boundary: NAHC/CNRA California Land Grants (PLSS reconstruction)", "url": null}], "notes": null, "tags": ["Contra Costa"]}}, {"type": "Feature", "geometry": {"type": "Point", "coordinates": [-122.23357, 37.85166]}, "properties": {"id": "rancho-san-antonio-330", "register_no": null, "name": "San Antonio (Luís María Peralta)", "date": {"iso": "1820", "display": "1820", "confidence": "year"}, "coord_precision": "exact", "polygon": [[[37.89281, -122.27888], [37.89384, -122.32873], [37.83009, -122.30394], [37.8098, -122.33372], [37.77823, -122.31361], [37.78779, -122.23662], [37.80493, -122.22976], [37.80949, -122.2252], [37.81121, -122.21549], [37.81263, -122.21149], [37.82177, -122.20464], [37.82177, -122.19664], [37.82291, -122.18836], [37.83519, -122.18122], [37.84604, -122.17894], [37.85375, -122.18608], [37.86146, -122.19407], [37.86774, -122.19807], [37.87431, -122.19807], [37.88231, -122.20207], [37.88744, -122.20664], [37.89487, -122.21292], [37.89915, -122.23462], [37.90086, -122.24119], [37.90172, -122.25718], [37.90001, -122.26945], [37.89281, -122.27888]]], "type": "rancho", "layer": "spanish", "summary": "Rancho San Antonio was granted in 1820, in the late Spanish period, to Luis Maria Peralta, and covered roughly 44,800 acres across present Oakland, Berkeley, Alameda, and San Leandro. It was later divided among Peralta's four sons.", "sources": [{"citation": "Diseño (Bancroft Land Case Maps)", "url": "../gallery/disenos.html#map-of-the-rancho-san-antonio-alameda-county-calif--rec78588"}, {"citation": "Boundary: NAHC/CNRA California Land Grants (PLSS reconstruction)", "url": null}], "notes": null, "tags": ["Alameda"]}}, {"type": "Feature", "geometry": {"type": "Point", "coordinates": [-122.09051, 37.85049]}, "properties": {"id": "rancho-laguna-de-los-palos-colorados-331", "register_no": null, "name": "Laguna de los Palos Colorados (Joaquin Moraga; Juan Bernal)", "date": {"iso": "1841", "display": "1841", "confidence": "year"}, "coord_precision": "exact", "polygon": [[[37.88487, -122.06987], [37.88459, -122.11955], [37.82977, -122.13954], [37.80236, -122.11155], [37.8212, -122.05302], [37.84576, -122.07015], [37.88487, -122.06987]]], "type": "rancho", "layer": "alvarado", "summary": "Granted 1841 by Juan Alvarado to Joaquin Moraga; Juan Bernal. Present-day Contra Costa County.", "sources": [{"citation": "Diseño (Bancroft Land Case Maps)", "url": "../gallery/disenos.html#dise-o-del-rancho-laguna-de-los-palos-colorados-calif--rec78642"}, {"citation": "Boundary: NAHC/CNRA California Land Grants (PLSS reconstruction)", "url": null}], "notes": null, "tags": ["Contra Costa"]}}, {"type": "Feature", "geometry": {"type": "Point", "coordinates": [-122.11828, 37.89132]}, "properties": {"id": "rancho-acalanes-332", "register_no": null, "name": "Acalanes (Candelario Valencia)", "date": {"iso": "1834", "display": "1834", "confidence": "year"}, "coord_precision": "exact", "polygon": [[[37.88438, -122.1384], [37.88459, -122.11955], [37.88474, -122.09415], [37.88572, -122.09409], [37.88916, -122.09389], [37.91229, -122.09414], [37.91229, -122.1461], [37.8843, -122.14582], [37.88438, -122.1384]]], "type": "rancho", "layer": "figueroa", "summary": "Granted 1834 by José Figueroa to Candelario Valencia. Present-day Contra Costa County.", "sources": [{"citation": "Diseño (Bancroft Land Case Maps)", "url": "../gallery/disenos.html#el-citio-qe-se-solicita-llamada-acalanes-qe-sealla-entre-el---rec78432"}, {"citation": "Boundary: NAHC/CNRA California Land Grants (PLSS reconstruction)", "url": null}], "notes": null, "tags": ["Contra Costa"]}}, {"type": "Feature", "geometry": {"type": "Point", "coordinates": [-122.04756, 37.93327]}, "properties": {"id": "rancho-las-juntas-333", "register_no": null, "name": "Las Juntas (William Welch)", "date": {"iso": "1844", "display": "1844", "confidence": "year"}, "coord_precision": "exact", "polygon": [[[37.96939, -122.09671], [37.91743, -122.08243], [37.89344, -122.07443], [37.89401, -122.04502], [37.89801, -122.04188], [37.90115, -122.03988], [37.90829, -122.03846], [37.91571, -122.03617], [37.92285, -122.03446], [37.92713, -122.03046], [37.93028, -122.02732], [37.93399, -122.02389], [37.93798, -122.02275], [37.94706, -122.02383], [37.95689, -122.05063], [37.96453, -122.04939], [37.97079, -122.0454], [37.97375, -122.04378], [37.96939, -122.09671]]], "type": "rancho", "layer": "micheltorena", "summary": "Granted 1844 by Manuel Micheltorena to William Welch. Present-day Contra Costa County.", "sources": [{"citation": "Diseño (Bancroft Land Case Maps)", "url": "../gallery/disenos.html#dese-o-de-la-parte-occidental-del-terreno-llamada-las-juntas--rec79043"}, {"citation": "Boundary: NAHC/CNRA California Land Grants (PLSS reconstruction)", "url": null}], "notes": null, "tags": ["Contra Costa"]}}, {"type": "Feature", "geometry": {"type": "Point", "coordinates": [-122.06956, 38.0035]}, "properties": {"id": "rancho-canada-del-hambre-y-las-bolsas-334", "register_no": null, "name": "Cañada del Hambre y Las Bolsas (Teodora Soto)", "date": {"iso": "1842", "display": "1842", "confidence": "year"}, "coord_precision": "exact", "polygon": [[[37.97375, -122.04378], [37.97655, -122.04224], [37.98204, -122.04179], [37.98605, -122.04401], [37.99171, -122.04718], [37.9948, -122.04696], [37.99699, -122.04461], [38.00963, -122.04816], [38.01933, -122.05502], [38.02676, -122.06273], [38.0299, -122.06901], [38.03075, -122.07672], [38.02961, -122.08643], [38.02647, -122.09128], [38.02076, -122.09728], [38.01962, -122.1027], [38.01476, -122.10641], [38.00706, -122.10784], [37.99392, -122.10613], [37.96939, -122.09671], [37.97375, -122.04378]]], "type": "rancho", "layer": "alvarado", "summary": "Granted 1842 by Juan Alvarado to Teodora Soto. Present-day Contra Costa County.", "sources": [{"citation": "Diseño (Bancroft Land Case Maps)", "url": "../gallery/disenos.html#plat-of-the-ranchos-las-juntas-and-ca-ada-del-hambre-y-las-b--rec79449-1"}, {"citation": "Boundary: NAHC/CNRA California Land Grants (PLSS reconstruction)", "url": null}], "notes": null, "tags": ["Contra Costa"]}}, {"type": "Feature", "geometry": {"type": "Point", "coordinates": [-122.14501, 38.00378]}, "properties": {"id": "rancho-canada-del-hambre-y-las-bolsas-335", "register_no": null, "name": "Cañada del Hambre y Las Bolsas (Teodora Soto)", "date": {"iso": "1842", "display": "1842", "confidence": "year"}, "coord_precision": "exact", "polygon": [[[38.02847, -122.13839], [38.03275, -122.1461], [38.03589, -122.1541], [38.04218, -122.15752], [38.04674, -122.16009], [38.05445, -122.17152], [38.06102, -122.18608], [38.06245, -122.20607], [38.05731, -122.22919], [38.05128, -122.23947], [38.05014, -122.23205], [38.04386, -122.20492], [38.03444, -122.20921], [38.03415, -122.19864], [38.02502, -122.19864], [38.02502, -122.1718], [38.02273, -122.17209], [38.01304, -122.17201], [38.01248, -122.14153], [37.99421, -122.14039], [37.99421, -122.11726], [37.96765, -122.1127], [37.96337, -122.11384], [37.94624, -122.11127], [37.92425, -122.10641], [37.91883, -122.09528], [37.91229, -122.09414], [37.89283, -122.09393], [37.89344, -122.07443], [37.91743, -122.08243], [37.96939, -122.09671], [37.99392, -122.10613], [38.00706, -122.10784], [38.01476, -122.10641], [38.01806, -122.10389], [38.01848, -122.1107], [38.01733, -122.12126], [38.02162, -122.1324], [38.02847, -122.13839]]], "type": "rancho", "layer": "alvarado", "summary": "Granted 1842 by Juan Alvarado to Teodora Soto. Present-day Contra Costa County.", "sources": [{"citation": "Diseño (Bancroft Land Case Maps)", "url": "../gallery/disenos.html#plat-of-the-ranchos-las-juntas-and-ca-ada-del-hambre-y-las-b--rec79449-1"}, {"citation": "Boundary: NAHC/CNRA California Land Grants (PLSS reconstruction)", "url": null}], "notes": null, "tags": ["Contra Costa"]}}, {"type": "Feature", "geometry": {"type": "Point", "coordinates": [-122.03459, 37.5742]}, "properties": {"id": "rancho-potrero-de-los-cerritos-336", "register_no": null, "name": "Potrero de los Cerritos (Tomas Pacheco and Agustin Alviso)", "date": {"iso": "1844", "display": "1844", "confidence": "year"}, "coord_precision": "exact", "polygon": [[[37.5688, -121.99076], [37.58027, -121.98221], [37.58712, -121.98106], [37.59026, -121.98221], [37.58997, -121.99049], [37.58398, -121.99705], [37.58112, -122.00276], [37.58169, -122.00933], [37.58712, -122.01361], [37.59197, -122.01733], [37.59511, -122.02475], [37.59511, -122.03674], [37.60025, -122.04445], [37.60454, -122.05102], [37.60796, -122.05787], [37.61253, -122.06844], [37.61339, -122.08129], [37.58187, -122.14441], [37.52886, -122.11201], [37.52487, -122.09322], [37.52516, -122.0778], [37.53115, -122.06438], [37.53886, -122.0561], [37.54629, -122.05153], [37.55428, -122.04896], [37.55885, -122.03754], [37.56199, -122.02469], [37.56627, -122.00956], [37.56742, -121.99528], [37.5688, -121.99076]]], "type": "rancho", "layer": "micheltorena", "summary": "Granted 1844 by Manuel Micheltorena to Tomas Pacheco and Agustin Alviso. Present-day Alameda County.", "sources": [{"citation": "Diseño (Bancroft Land Case Maps)", "url": "../gallery/disenos.html#dise-o-del-rancho-potrero-de-los-cerritos-calif--rec78461"}, {"citation": "Boundary: NAHC/CNRA California Land Grants (PLSS reconstruction)", "url": null}], "notes": null, "tags": ["Alameda"]}}, {"type": "Feature", "geometry": {"type": "Point", "coordinates": [-122.03048, 37.59874]}, "properties": {"id": "rancho-arroyo-de-la-alameda-337", "register_no": null, "name": "Arroyo de la Alameda (Jose Jesus Vallejo)", "date": {"iso": "1842", "display": "1842", "confidence": "year"}, "coord_precision": "exact", "polygon": [[[37.60923, -122.14836], [37.58187, -122.14441], [37.61339, -122.08129], [37.61253, -122.06844], [37.60796, -122.05787], [37.60454, -122.05102], [37.60025, -122.04445], [37.59511, -122.03674], [37.59511, -122.02475], [37.59197, -122.01733], [37.58712, -122.01361], [37.58169, -122.00933], [37.58112, -122.00276], [37.58398, -121.99705], [37.58997, -121.99049], [37.59026, -121.98221], [37.58712, -121.98106], [37.58027, -121.98221], [37.5688, -121.99076], [37.57056, -121.985], [37.57684, -121.97101], [37.58369, -121.9613], [37.5874, -121.95417], [37.58683, -121.94474], [37.66236, -122.0372], [37.65122, -122.05662], [37.63852, -122.09671], [37.63452, -122.1047], [37.60923, -122.14836]]], "type": "rancho", "layer": "alvarado", "summary": "Granted 1842 by Juan Alvarado to Jose Jesus Vallejo. Present-day Alameda County.", "sources": [{"citation": "Diseño (Bancroft Land Case Maps)", "url": "../gallery/disenos.html#dise-o-del-rancho-arroyo-de-la-alameda-calif-j-vioget-s-1842--rec78442"}, {"citation": "Boundary: NAHC/CNRA California Land Grants (PLSS reconstruction)", "url": null}], "notes": null, "tags": ["Alameda"]}}, {"type": "Feature", "geometry": {"type": "Point", "coordinates": [-122.10413, 37.66153]}, "properties": {"id": "rancho-san-lorenzo-baja-338", "register_no": null, "name": "San Lorenzo Baja (Francisco Soto)", "date": {"iso": "1842", "display": "1842", "confidence": "year"}, "coord_precision": "exact", "polygon": [[[37.64942, -122.15615], [37.64078, -122.15292], [37.60923, -122.14836], [37.63452, -122.1047], [37.63852, -122.09671], [37.65122, -122.05662], [37.65865, -122.06061], [37.66721, -122.0669], [37.67264, -122.07375], [37.68006, -122.08203], [37.68606, -122.0826], [37.68687, -122.08329], [37.68106, -122.09214], [37.6802, -122.10384], [37.68106, -122.10813], [37.67563, -122.11812], [37.66507, -122.13126], [37.64942, -122.15615]]], "type": "rancho", "layer": "alvarado", "summary": "Granted 1842 by Juan Alvarado to Francisco Soto. Present-day Alameda County.", "sources": [{"citation": "Boundary: NAHC/CNRA California Land Grants (PLSS reconstruction)", "url": null}], "notes": null, "tags": ["Alameda"]}}, {"type": "Feature", "geometry": {"type": "Point", "coordinates": [-122.12916, 37.69341]}, "properties": {"id": "rancho-san-leandro-339", "register_no": null, "name": "San Leandro (José Joaquin Estudillo)", "date": {"iso": "1842", "display": "1842", "confidence": "year"}, "coord_precision": "exact", "polygon": [[[37.69527, -122.20813], [37.66794, -122.16306], [37.66728, -122.16282], [37.64942, -122.15615], [37.66507, -122.13126], [37.67563, -122.11812], [37.68106, -122.10813], [37.6802, -122.10384], [37.68106, -122.09214], [37.68687, -122.08329], [37.68977, -122.08574], [37.69462, -122.09488], [37.70062, -122.10116], [37.70604, -122.10145], [37.71661, -122.1023], [37.72774, -122.10344], [37.73708, -122.11165], [37.72246, -122.13554], [37.71418, -122.15838], [37.70733, -122.18265], [37.69527, -122.20813]]], "type": "rancho", "layer": "alvarado", "summary": "Granted 1842 by Juan Alvarado to José Joaquin Estudillo. Present-day Alameda County.", "sources": [{"citation": "Diseño (Bancroft Land Case Maps)", "url": "../gallery/disenos.html#dise-o-del-rancho-san-leandro-calif--rec78433"}, {"citation": "Boundary: NAHC/CNRA California Land Grants (PLSS reconstruction)", "url": null}], "notes": null, "tags": ["Alameda"]}}, {"type": "Feature", "geometry": {"type": "Point", "coordinates": [-122.17534, 37.74316]}, "properties": {"id": "rancho-san-antonio-340", "register_no": null, "name": "San Antonio (Luís María Peralta)", "date": {"iso": "1820", "display": "1820", "confidence": "year"}, "coord_precision": "exact", "polygon": [[[37.78228, -122.13343], [37.78334, -122.14353], [37.7742, -122.15381], [37.7605, -122.16752], [37.74479, -122.19493], [37.74365, -122.21463], [37.74708, -122.23062], [37.7525, -122.24461], [37.75513, -122.25247], [37.72641, -122.24982], [37.6987, -122.21379], [37.69527, -122.20813], [37.70733, -122.18265], [37.71418, -122.15838], [37.72246, -122.13554], [37.73708, -122.11165], [37.73717, -122.11172], [37.75573, -122.09088], [37.78228, -122.13343]]], "type": "rancho", "layer": "spanish", "summary": "Rancho San Antonio was granted in 1820, in the late Spanish period, to Luis Maria Peralta, and covered roughly 44,800 acres across present Oakland, Berkeley, Alameda, and San Leandro. It was later divided among Peralta's four sons.", "sources": [{"citation": "Diseño (Bancroft Land Case Maps)", "url": "../gallery/disenos.html#map-of-the-rancho-san-antonio-alameda-county-calif--rec78588"}, {"citation": "Boundary: NAHC/CNRA California Land Grants (PLSS reconstruction)", "url": null}], "notes": null, "tags": ["Alameda"]}}, {"type": "Feature", "geometry": {"type": "Point", "coordinates": [-122.19141, 37.79758]}, "properties": {"id": "rancho-san-antonio-341", "register_no": null, "name": "San Antonio (Luís María Peralta)", "date": {"iso": "1820", "display": "1820", "confidence": "year"}, "coord_precision": "exact", "polygon": [[[37.78228, -122.13343], [37.78971, -122.13771], [37.79513, -122.14113], [37.80512, -122.1437], [37.81255, -122.15256], [37.81883, -122.15655], [37.82597, -122.15484], [37.83768, -122.15712], [37.84053, -122.15969], [37.84681, -122.16598], [37.84387, -122.1794], [37.83519, -122.18122], [37.82291, -122.18836], [37.82177, -122.19664], [37.82177, -122.20464], [37.81263, -122.21149], [37.81121, -122.21549], [37.80949, -122.2252], [37.80493, -122.22976], [37.78779, -122.23662], [37.77823, -122.31361], [37.77725, -122.31299], [37.75513, -122.25247], [37.7525, -122.24461], [37.74708, -122.23062], [37.74365, -122.21463], [37.74479, -122.19493], [37.7605, -122.16752], [37.7742, -122.15381], [37.78334, -122.14353], [37.78228, -122.13343]]], "type": "rancho", "layer": "spanish", "summary": "Rancho San Antonio was granted in 1820, in the late Spanish period, to Luis Maria Peralta, and covered roughly 44,800 acres across present Oakland, Berkeley, Alameda, and San Leandro. It was later divided among Peralta's four sons.", "sources": [{"citation": "Diseño (Bancroft Land Case Maps)", "url": "../gallery/disenos.html#map-of-the-rancho-san-antonio-alameda-county-calif--rec78588"}, {"citation": "Boundary: NAHC/CNRA California Land Grants (PLSS reconstruction)", "url": null}], "notes": null, "tags": ["Alameda"]}}, {"type": "Feature", "geometry": {"type": "Point", "coordinates": [-121.98003, 37.89646]}, "properties": {"id": "rancho-arroyo-de-las-nueces-y-bolbones-342", "register_no": null, "name": "Arroyo de Las Nueces y Bolbones (Juana Sanchez de Pacheco)", "date": {"iso": "1834", "display": "1834", "confidence": "year"}, "coord_precision": "exact", "polygon": [[[37.93558, -121.95917], [37.93329, -121.96171], [37.92819, -121.96736], [37.95716, -122.01203], [37.94706, -122.02383], [37.93798, -122.02275], [37.93399, -122.02389], [37.93028, -122.02732], [37.92713, -122.03046], [37.92285, -122.03446], [37.91571, -122.03617], [37.90829, -122.03846], [37.90115, -122.03988], [37.89801, -122.04188], [37.89401, -122.04502], [37.8957, -122.00591], [37.88799, -122.00619], [37.88856, -121.98163], [37.86486, -121.98135], [37.86572, -121.97221], [37.85144, -121.97221], [37.85172, -121.95622], [37.8443, -121.95679], [37.84459, -121.93252], [37.85344, -121.93138], [37.85258, -121.91054], [37.86686, -121.90968], [37.86743, -121.92053], [37.87971, -121.92053], [37.87971, -121.93366], [37.89027, -121.93395], [37.88941, -121.9468], [37.89827, -121.94623], [37.89741, -121.95908], [37.93558, -121.95917]]], "type": "rancho", "layer": "figueroa", "summary": "Granted 1834 by José Figueroa to Juana Sanchez de Pacheco. Present-day Contra Costa County.", "sources": [{"citation": "Diseño (Bancroft Land Case Maps)", "url": "../gallery/disenos.html#rancho-of-san-miguel-california-1850-i-e-arroyo-de-las-nuece--rec78892"}, {"citation": "Boundary: NAHC/CNRA California Land Grants (PLSS reconstruction)", "url": null}], "notes": null, "tags": ["Contra Costa"]}}, {"type": "Feature", "geometry": {"type": "Point", "coordinates": [-122.51698, 38.26034]}, "properties": {"id": "rancho-petaluma-343", "register_no": null, "name": "Petaluma (Mariano Guadalupe Vallejo)", "date": {"iso": "1834", "display": "1834", "confidence": "year"}, "coord_precision": "exact", "polygon": [[[38.25576, -122.6249], [38.24987, -122.61769], [38.24788, -122.61027], [38.24474, -122.60741], [38.24188, -122.60227], [38.2356, -122.59028], [38.22846, -122.57515], [38.21847, -122.57087], [38.21504, -122.56715], [38.21047, -122.55802], [38.20476, -122.55716], [38.19677, -122.55402], [38.19677, -122.54717], [38.19334, -122.54146], [38.18877, -122.5366], [38.18277, -122.52975], [38.17706, -122.52404], [38.16193, -122.51319], [38.14794, -122.50005], [38.13794, -122.48863], [38.12795, -122.47949], [38.1143, -122.47414], [38.13404, -122.41961], [38.13433, -122.41881], [38.1468, -122.42381], [38.1585, -122.42324], [38.16793, -122.42439], [38.17878, -122.41839], [38.18506, -122.42124], [38.1942, -122.42353], [38.2019, -122.42067], [38.20676, -122.41953], [38.2139, -122.42467], [38.21904, -122.4321], [38.22361, -122.43467], [38.22903, -122.43267], [38.23887, -122.43209], [38.2402, -122.43383], [38.24971, -122.4374], [38.25423, -122.43621], [38.25242, -122.44494], [38.24813, -122.45437], [38.25441, -122.45751], [38.26184, -122.45522], [38.2704, -122.45522], [38.27697, -122.44866], [38.28411, -122.45037], [38.29696, -122.45637], [38.30324, -122.46208], [38.30867, -122.46607], [38.31837, -122.47721], [38.33094, -122.49548], [38.33865, -122.50719], [38.34693, -122.5089], [38.35521, -122.50805], [38.36463, -122.51347], [38.37091, -122.52232], [38.37719, -122.52461], [38.37995, -122.52441], [38.38358, -122.5252], [38.42665, -122.62442], [38.45287, -122.6368], [38.43764, -122.66963], [38.43883, -122.68296], [38.43781, -122.68626], [38.42589, -122.67368], [38.35212, -122.59849], [38.34285, -122.62561], [38.32976, -122.613], [38.29511, -122.63323], [38.27027, -122.64917], [38.25576, -122.6249]]], "type": "rancho", "layer": "figueroa", "summary": "This United States patent survey depicts Rancho Petaluma, the roughly 66,000-acre Sonoma County grant held by General Mariano Guadalupe Vallejo, the largest and most important estate in the Mexican north bay. The surviving Petaluma Adobe was its working headquarters.", "sources": [{"citation": "Diseño (Bancroft Land Case Maps)", "url": "../gallery/disenos.html#map-of-the-land-of-petaluma-sonoma-co-calif--rec78692"}, {"citation": "Boundary: NAHC/CNRA California Land Grants (PLSS reconstruction)", "url": null}], "notes": null, "tags": ["Sonoma"]}}, {"type": "Feature", "geometry": {"type": "Point", "coordinates": [-122.59544, 38.17106]}, "properties": {"id": "rancho-olompali-344", "register_no": null, "name": "Olompali (Camilo Ynitia)", "date": {"iso": "1843", "display": "1843", "confidence": "year"}, "coord_precision": "exact", "polygon": [[[38.15598, -122.60767], [38.15679, -122.58457], [38.15822, -122.57886], [38.15222, -122.55916], [38.15365, -122.54231], [38.15965, -122.54231], [38.1665, -122.54831], [38.16935, -122.55145], [38.17478, -122.55231], [38.17506, -122.55887], [38.17935, -122.55973], [38.18277, -122.56373], [38.18306, -122.57743], [38.1822, -122.58486], [38.18392, -122.58971], [38.18106, -122.59713], [38.18049, -122.60741], [38.18334, -122.61284], [38.18534, -122.61998], [38.18649, -122.62654], [38.18934, -122.63368], [38.1822, -122.6374], [38.17621, -122.64111], [38.16922, -122.64454], [38.16805, -122.64244], [38.16091, -122.62953], [38.16544, -122.62358], [38.16544, -122.61573], [38.16306, -122.61026], [38.15687, -122.60764], [38.15598, -122.60767]]], "type": "rancho", "layer": "micheltorena", "summary": "Rancho Olompali in Marin County was granted in 1843 to Camilo Ynitia, a Coast Miwok headman, making it one of the very few Mexican grants confirmed to a Native Californian. The site was also the location of the only armed skirmish of the Bear Flag Revolt in June 1846.", "sources": [{"citation": "Diseño (Bancroft Land Case Maps)", "url": "../gallery/disenos.html#dise-o-del-rancho-olompali-calif--rec78558"}, {"citation": "Boundary: NAHC/CNRA California Land Grants (PLSS reconstruction)", "url": null}], "notes": null, "tags": ["Marin"]}}, {"type": "Feature", "geometry": {"type": "Point", "coordinates": [-122.53828, 38.12335]}, "properties": {"id": "rancho-novato-345", "register_no": null, "name": "Novato (Fernando Feliz)", "date": {"iso": "1839", "display": "1839", "confidence": "year"}, "coord_precision": "exact", "polygon": [[[38.15365, -122.54231], [38.15222, -122.55916], [38.15822, -122.57886], [38.15679, -122.58457], [38.15598, -122.60767], [38.14235, -122.60811], [38.14021, -122.60788], [38.13893, -122.60026], [38.13393, -122.57504], [38.1287, -122.57599], [38.1187, -122.57742], [38.11133, -122.57718], [38.10324, -122.57671], [38.09443, -122.57433], [38.0842, -122.56743], [38.09681, -122.5472], [38.10038, -122.53887], [38.10005, -122.53634], [38.1035, -122.53561], [38.10707, -122.53324], [38.11016, -122.52681], [38.1085, -122.5211], [38.1054, -122.51705], [38.10088, -122.51349], [38.09969, -122.50397], [38.09833, -122.49235], [38.10809, -122.4913], [38.1091, -122.48851], [38.1143, -122.47414], [38.12795, -122.47949], [38.13417, -122.48518], [38.13475, -122.48571], [38.13634, -122.49445], [38.13467, -122.50373], [38.13086, -122.51111], [38.12896, -122.51587], [38.12706, -122.52348], [38.12729, -122.52824], [38.12848, -122.53109], [38.14062, -122.53205], [38.14086, -122.54228], [38.15365, -122.54231]]], "type": "rancho", "layer": "alvarado", "summary": "Granted 1839 by Juan Alvarado to Fernando Feliz. Present-day Marin County.", "sources": [{"citation": "Diseño (Bancroft Land Case Maps)", "url": "../gallery/disenos.html#dise-o-del-rancho-corte-madera-de-novato--rec78444"}, {"citation": "Boundary: NAHC/CNRA California Land Grants (PLSS reconstruction)", "url": null}], "notes": null, "tags": ["Marin"]}}, {"type": "Feature", "geometry": {"type": "Point", "coordinates": [-122.79274, 38.17488]}, "properties": {"id": "rancho-soulajule-346", "register_no": null, "name": "Soulajule (José Ramón Mesa)", "date": {"iso": "1844", "display": "1844", "confidence": "year"}, "coord_precision": "exact", "polygon": [[[38.17354, -122.80787], [38.17254, -122.80672], [38.17115, -122.80513], [38.16805, -122.79633], [38.16163, -122.77111], [38.18274, -122.75548], [38.19582, -122.79141], [38.17354, -122.80787]]], "type": "rancho", "layer": "micheltorena", "summary": "Granted 1844 by Manuel Micheltorena to José Ramón Mesa. Present-day Marin County.", "sources": [{"citation": "Diseño (Bancroft Land Case Maps)", "url": "../gallery/disenos.html#plat-of-part-of-the-rancho-soulajule-finally-confirmed-to-le--rec79183-1"}, {"citation": "Boundary: NAHC/CNRA California Land Grants (PLSS reconstruction)", "url": null}], "notes": null, "tags": ["Marin"]}}, {"type": "Feature", "geometry": {"type": "Point", "coordinates": [-122.9517, 38.43552]}, "properties": {"id": "rancho-estero-americano-347", "register_no": null, "name": "Estero Americano (Edward M. McIntosh)", "date": {"iso": "1839", "display": "1839", "confidence": "year"}, "coord_precision": "exact", "polygon": [[[38.52402, -122.90672], [38.523, -122.91628], [38.5211, -122.93199], [38.51491, -122.94483], [38.51491, -122.9515], [38.51538, -122.97196], [38.51538, -122.97577], [38.51491, -122.98148], [38.50825, -122.9929], [38.50444, -122.99956], [38.49825, -123.00147], [38.49492, -122.99718], [38.49492, -122.98766], [38.49207, -122.97767], [38.48588, -122.9791], [38.48112, -122.98433], [38.48255, -122.99242], [38.48445, -122.99861], [38.48637, -123.00624], [38.45858, -123.00586], [38.45668, -122.97122], [38.45173, -122.96665], [38.44754, -122.96741], [38.44754, -122.97236], [38.31886, -122.97655], [38.31129, -122.97834], [38.3132, -122.97382], [38.31367, -122.96692], [38.31605, -122.96216], [38.31867, -122.95312], [38.31748, -122.94051], [38.31724, -122.9298], [38.31558, -122.92029], [38.31986, -122.91243], [38.32176, -122.90529], [38.32547, -122.92024], [38.37673, -122.92007], [38.39733, -122.92], [38.3971, -122.93309], [38.42232, -122.93332], [38.42242, -122.8765], [38.4374, -122.87674], [38.43764, -122.89197], [38.4957, -122.89268], [38.49546, -122.90648], [38.52402, -122.90672]]], "type": "rancho", "layer": "alvarado", "summary": "Rancho Estero Americano lay along the estuary of the same name on the Sonoma-Marin coast, immediately inland from Bodega Bay. It is generally associated with the grant made in the late 1830s to Edward Manuel McIntosh, and the tract later passed to surveyor Jasper O'Farrell.", "sources": [{"citation": "Diseño (Bancroft Land Case Maps)", "url": "../gallery/disenos.html#dise-o-del-rancho-estero-americano-sonoma-co-calif--rec78565"}, {"citation": "Boundary: NAHC/CNRA California Land Grants (PLSS reconstruction)", "url": null}], "notes": null, "tags": ["Sonoma"]}}, {"type": "Feature", "geometry": {"type": "Point", "coordinates": [-117.70569, 34.02961]}, "properties": {"id": "rancho-santa-ana-del-chino-348", "register_no": null, "name": "Santa Ana del Chino (Antonio Maria Lugo)", "date": {"iso": "1841", "display": "1841", "confidence": "year"}, "coord_precision": "exact", "polygon": [[[33.98237, -117.6701], [33.98213, -117.66082], [34.03995, -117.66058], [34.04019, -117.68104], [34.05684, -117.68104], [34.06233, -117.77517], [34.06137, -117.77562], [34.05896, -117.77675], [33.98237, -117.6701]]], "type": "rancho", "layer": "alvarado", "summary": "Granted 1841 by Juan Alvarado to Antonio Maria Lugo. Present-day San Bernardino County.", "sources": [{"citation": "Diseño (Bancroft Land Case Maps)", "url": "../gallery/disenos.html#dise-o-del-rancho-santa-ana-del-chino-addition-calif--rec78971-1"}, {"citation": "Boundary: NAHC/CNRA California Land Grants (PLSS reconstruction)", "url": null}], "notes": null, "tags": ["San Bernardino"]}}, {"type": "Feature", "geometry": {"type": "Point", "coordinates": [-118.35518, 33.80644]}, "properties": {"id": "rancho-sausal-redondo-349", "register_no": null, "name": "Sausal Redondo (Antonio Ygnacio Avila)", "date": {"iso": "1822", "display": "1822", "confidence": "year"}, "coord_precision": "exact", "polygon": [[[33.77935, -118.31704], [33.78384, -118.31919], [33.79312, -118.32204], [33.80406, -118.32585], [33.81192, -118.33204], [33.81739, -118.34179], [33.82239, -118.35321], [33.82596, -118.36606], [33.82905, -118.37582], [33.83, -118.3851], [33.82991, -118.40024], [33.80432, -118.39432], [33.77957, -118.42283], [33.77935, -118.31704]]], "type": "rancho", "layer": "alvarado", "summary": "Granted 1822 by Capitan de la Guerra y Noriega to Antonio Ygnacio Avila. Present-day Los Angeles County.", "sources": [{"citation": "Diseño (Bancroft Land Case Maps)", "url": "../gallery/disenos.html#dise-o-del-rancho-sausal-redondo-calif--rec79338"}, {"citation": "Boundary: NAHC/CNRA California Land Grants (PLSS reconstruction)", "url": null}], "notes": null, "tags": ["Los Angeles"]}}, {"type": "Feature", "geometry": {"type": "Point", "coordinates": [-118.31627, 33.74665]}, "properties": {"id": "rancho-los-palos-verdes-350", "register_no": null, "name": "Los Palos Verdes (Juan Sepulveda and siblings)", "date": {"iso": "1827", "display": "1827", "confidence": "year"}, "coord_precision": "exact", "polygon": [[[33.77935, -118.31704], [33.77957, -118.42283], [33.77472, -118.42842], [33.73592, -118.39662], [33.73232, -118.35472], [33.72119, -118.33331], [33.71282, -118.31722], [33.709, -118.29258], [33.71231, -118.29477], [33.7131, -118.29529], [33.71793, -118.29848], [33.72602, -118.30205], [33.73363, -118.30182], [33.74125, -118.29515], [33.74862, -118.28373], [33.75671, -118.27326], [33.76242, -118.27279], [33.76266, -118.27659], [33.76266, -118.28706], [33.76219, -118.29872], [33.761, -118.30586], [33.76242, -118.31133], [33.77242, -118.31371], [33.77935, -118.31704]]], "type": "rancho", "layer": "echeandia", "summary": "Granted 1827 by Jose Maria de Echeandia to Juan Sepulveda and siblings. Present-day Los Angeles County.", "sources": [{"citation": "Diseño (Bancroft Land Case Maps)", "url": "../gallery/disenos.html#plat-of-the-rancho-los-palos-verdes-calif-finally-confirmed---rec79656"}, {"citation": "Boundary: NAHC/CNRA California Land Grants (PLSS reconstruction)", "url": null}], "notes": null, "tags": ["Los Angeles"]}}, {"type": "Feature", "geometry": {"type": "Point", "coordinates": [-118.42721, 33.3764]}, "properties": {"id": "rancho-santa-catalina-island-351", "register_no": null, "name": "Santa Catalina Island (Thomas M. Robbins)", "date": {"iso": "1846", "display": "1846", "confidence": "year"}, "coord_precision": "exact", "polygon": [[[33.29908, -118.32526], [33.35147, -118.28627], [33.40929, -118.37034], [33.48749, -118.4848], [33.4672, -118.59398], [33.43439, -118.56345], [33.36992, -118.48262], [33.32606, -118.46538], [33.32007, -118.37478], [33.29908, -118.32526]]], "type": "rancho", "layer": "pico", "summary": "Granted 1846 by Pío Pico to Thomas M. Robbins. Present-day Los Angeles County.", "sources": [{"citation": "Boundary: NAHC/CNRA California Land Grants (PLSS reconstruction)", "url": null}], "notes": null, "tags": ["Los Angeles"]}}, {"type": "Feature", "geometry": {"type": "Point", "coordinates": [-119.64987, 34.01266]}, "properties": {"id": "rancho-427-352", "register_no": null, "name": "427 (Andrés Castillero)", "date": {"iso": "1839", "display": "1839", "confidence": "year"}, "coord_precision": "exact", "polygon": [[[33.96782, -119.81763], [33.96194, -119.77377], [33.95959, -119.72122], [33.98589, -119.66284], [33.99782, -119.55448], [33.99652, -119.48773], [33.99464, -119.3916], [34.00055, -119.36308], [34.0508, -119.36423], [34.05416, -119.44267], [34.054, -119.47075], [34.05346, -119.56671], [34.0493, -119.73948], [34.0713, -119.85732], [34.05836, -119.91623], [34.02353, -119.87693], [33.98038, -119.87337], [33.96782, -119.81763]]], "type": "rancho", "layer": "alvarado", "summary": "Granted 1839 by Juan Alvarado to Andrés Castillero. Present-day Santa Barbara County.", "sources": [{"citation": "Boundary: NAHC/CNRA California Land Grants (PLSS reconstruction)", "url": null}], "notes": null, "tags": ["Santa Barbara"]}}, {"type": "Feature", "geometry": {"type": "Point", "coordinates": [-120.17758, 33.98208]}, "properties": {"id": "rancho-santa-rosa-island-353", "register_no": null, "name": "Santa Rosa Island (José Antonio Carrillo and Carlos Antonio Carrillo)", "date": {"iso": "1843", "display": "1843", "confidence": "year"}, "coord_precision": "exact", "polygon": [[[33.928, -120.17906], [33.89572, -120.12183], [33.91457, -120.04969], [33.94249, -119.9737], [33.98395, -119.98433], [34.03773, -120.05512], [34.02609, -120.13587], [34.05718, -120.24249], [34.07647, -120.36829], [34.02809, -120.45415], [33.99179, -120.36485], [33.95691, -120.2001], [33.928, -120.17906]]], "type": "rancho", "layer": "micheltorena", "summary": "Granted 1843 by Manuel Micheltorena to José Antonio Carrillo and Carlos Antonio Carrillo. Present-day Santa Barbara County.", "sources": [{"citation": "Boundary: NAHC/CNRA California Land Grants (PLSS reconstruction)", "url": null}], "notes": null, "tags": ["Santa Barbara"]}}, {"type": "Feature", "geometry": {"type": "Point", "coordinates": [-121.70261, 38.14858]}, "properties": {"id": "rancho-los-ulpinos-354", "register_no": null, "name": "Los Ulpinos (John Bidwell)", "date": {"iso": "1844", "display": "1844", "confidence": "year"}, "coord_precision": "exact", "polygon": [[[38.22532, -121.63084], [38.22532, -121.65863], [38.20324, -121.65825], [38.20324, -121.6849], [38.18915, -121.68528], [38.18877, -121.69366], [38.18154, -121.69366], [38.18116, -121.70394], [38.15831, -121.70432], [38.15831, -121.71384], [38.14613, -121.71384], [38.14651, -121.72564], [38.13281, -121.72602], [38.13319, -121.74391], [38.12481, -121.74353], [38.12443, -121.76562], [38.1191, -121.76562], [38.11872, -121.77361], [38.10425, -121.77361], [38.10387, -121.7599], [38.09321, -121.7599], [38.09359, -121.74963], [38.08369, -121.74963], [38.07836, -121.73706], [38.08331, -121.72602], [38.09207, -121.70851], [38.10197, -121.69252], [38.11796, -121.67881], [38.13281, -121.66891], [38.1488, -121.66358], [38.16288, -121.65825], [38.17735, -121.6495], [38.18572, -121.6396], [38.196, -121.63237], [38.20781, -121.63008], [38.22532, -121.63084]]], "type": "rancho", "layer": "micheltorena", "summary": "Granted 1844 by Manuel Micheltorena to John Bidwell. Present-day Solano County.", "sources": [{"citation": "Diseño (Bancroft Land Case Maps)", "url": "../gallery/disenos.html#mapa-del-rancho-de-los-ulpinos-solano-co-calif-john-bidwell---rec79042"}, {"citation": "Boundary: NAHC/CNRA California Land Grants (PLSS reconstruction)", "url": null}], "notes": null, "tags": ["Solano"]}}, {"type": "Feature", "geometry": {"type": "Point", "coordinates": [-121.45469, 36.52417]}, "properties": {"id": "rancho-rincon-de-la-puente-del-monte-355", "register_no": null, "name": "Rincon de la Puente del Monte (Teodoro Gonzalez)", "date": {"iso": "1836", "display": "1836", "confidence": "year"}, "coord_precision": "exact", "polygon": [[[36.52817, -121.49467], [36.52603, -121.49325], [36.5215, -121.4911], [36.51722, -121.49087], [36.51532, -121.48325], [36.51508, -121.47635], [36.51318, -121.47302], [36.5108, -121.47112], [36.50556, -121.46921], [36.50152, -121.46612], [36.49533, -121.45279], [36.49247, -121.44328], [36.52365, -121.39236], [36.52579, -121.38879], [36.53827, -121.37063], [36.59994, -121.40337], [36.5771, -121.42964], [36.52817, -121.49467]]], "type": "rancho", "layer": "interim", "summary": "Granted 1836 by Nicolas Gutierrez to Teodoro Gonzalez. Present-day Monterey County.", "sources": [{"citation": "Diseño (Bancroft Land Case Maps)", "url": "../gallery/disenos.html#plat-of-the-rancho-rincon-de-la-puente-del-monte-calif-final--rec79295-1"}, {"citation": "Boundary: NAHC/CNRA California Land Grants (PLSS reconstruction)", "url": null}], "notes": null, "tags": ["Monterey"]}}, {"type": "Feature", "geometry": {"type": "Point", "coordinates": [-121.50661, 36.5584]}, "properties": {"id": "rancho-zanjones-356", "register_no": null, "name": "Zanjones (Gabriel de la Torre)", "date": {"iso": "1839", "display": "1839", "confidence": "year"}, "coord_precision": "exact", "polygon": [[[36.57504, -121.5356], [36.571, -121.53298], [36.56624, -121.53108], [36.56433, -121.52608], [36.56124, -121.52275], [36.55672, -121.51942], [36.5522, -121.51894], [36.55077, -121.51276], [36.54934, -121.51085], [36.54316, -121.50871], [36.54102, -121.50728], [36.53887, -121.50229], [36.53459, -121.49919], [36.52817, -121.49467], [36.5771, -121.42964], [36.58053, -121.46428], [36.57824, -121.47684], [36.56606, -121.49664], [36.57504, -121.5356]]], "type": "rancho", "layer": "alvarado", "summary": "Granted 1839 by Manuel Jimeno to Gabriel de la Torre. Present-day Monterey County.", "sources": [{"citation": "Diseño (Bancroft Land Case Maps)", "url": "../gallery/disenos.html#plat-of-the-zanjones-rancho-calif-finally-confirmed-to-maria--rec79293-1"}, {"citation": "Boundary: NAHC/CNRA California Land Grants (PLSS reconstruction)", "url": null}], "notes": null, "tags": ["Monterey"]}}, {"type": "Feature", "geometry": {"type": "Point", "coordinates": [-121.48014, 36.59223]}, "properties": {"id": "rancho-chualar-357", "register_no": null, "name": "Chualar (Juan Malarin)", "date": {"iso": "1839", "display": "1839", "confidence": "year"}, "coord_precision": "exact", "polygon": [[[36.58053, -121.46428], [36.60756, -121.42469], [36.60718, -121.40184], [36.60756, -121.38814], [36.6224, -121.38547], [36.62392, -121.4299], [36.5936, -121.55297], [36.58979, -121.55154], [36.58646, -121.54678], [36.58432, -121.54417], [36.58028, -121.53893], [36.57504, -121.5356], [36.56606, -121.49664], [36.57824, -121.47684], [36.58053, -121.46428]]], "type": "rancho", "layer": "alvarado", "summary": "Granted 1839 by Manuel Jimeno to Juan Malarin. Present-day Monterey County.", "sources": [{"citation": "Diseño (Bancroft Land Case Maps)", "url": "../gallery/disenos.html#dise-o-del-rancho-chualar-calif--rec79296"}, {"citation": "Boundary: NAHC/CNRA California Land Grants (PLSS reconstruction)", "url": null}], "notes": null, "tags": ["Monterey"]}}, {"type": "Feature", "geometry": {"type": "Point", "coordinates": [-122.46191, 37.52059]}, "properties": {"id": "rancho-corral-de-tierra-358", "register_no": null, "name": "Corral de Tierra (Francisco Guerrero y Palomares)", "date": {"iso": "1839", "display": "1839", "confidence": "year"}, "coord_precision": "exact", "polygon": [[[37.52419, -122.40763], [37.55731, -122.41733], [37.54482, -122.5173], [37.54359, -122.51727], [37.52134, -122.5167], [37.49235, -122.4938], [37.47785, -122.47131], [37.49963, -122.4082], [37.52419, -122.40763]]], "type": "rancho", "layer": "alvarado", "summary": "Granted 1839 by Manuel Jimeno to Francisco Guerrero y Palomares. Present-day San Mateo County.", "sources": [{"citation": "Diseño (Bancroft Land Case Maps)", "url": "../gallery/disenos.html#dise-o-del-rancho-corral-de-tierra-san-mateo-county-calif--rec78571"}, {"citation": "Boundary: NAHC/CNRA California Land Grants (PLSS reconstruction)", "url": null}], "notes": null, "tags": ["San Mateo"]}}, {"type": "Feature", "geometry": {"type": "Point", "coordinates": [-122.40842, 37.45268]}, "properties": {"id": "rancho-miramontes-359", "register_no": null, "name": "Miramontes (Candelario Miramontes)", "date": {"iso": "1841", "display": "1841", "confidence": "year"}, "coord_precision": "exact", "polygon": [[[37.46155, -122.446], [37.43595, -122.4437], [37.41599, -122.43246], [37.41569, -122.43229], [37.42939, -122.40591], [37.4528, -122.37679], [37.46537, -122.36594], [37.46594, -122.37565], [37.48821, -122.37279], [37.48707, -122.39506], [37.46155, -122.446]]], "type": "rancho", "layer": "alvarado", "summary": "Granted 1841 by Juan Alvarado to Candelario Miramontes. Present-day San Mateo County.", "sources": [{"citation": "Diseño (Bancroft Land Case Maps)", "url": "../gallery/disenos.html#dise-o-del-rancho-arroyo-de-los-pilarcitos-or-miramontes-cal--rec78669"}, {"citation": "Boundary: NAHC/CNRA California Land Grants (PLSS reconstruction)", "url": null}], "notes": null, "tags": ["San Mateo"]}}, {"type": "Feature", "geometry": {"type": "Point", "coordinates": [-122.40632, 37.49101]}, "properties": {"id": "rancho-corral-de-tierra-360", "register_no": null, "name": "Corral de Tierra (Tiburcio Vasquez)", "date": {"iso": "1839", "display": "1839", "confidence": "year"}, "coord_precision": "exact", "polygon": [[[37.48821, -122.37279], [37.50134, -122.37679], [37.52419, -122.40763], [37.49963, -122.4082], [37.47785, -122.47131], [37.46155, -122.446], [37.48707, -122.39506], [37.48821, -122.37279]]], "type": "rancho", "layer": "alvarado", "summary": "Granted 1839 by Manuel Jimeno to Tiburcio Vasquez. Present-day San Mateo County.", "sources": [{"citation": "Diseño (Bancroft Land Case Maps)", "url": "../gallery/disenos.html#dise-o-del-rancho-corral-de-tierra-san-mateo-county-calif--rec78571"}, {"citation": "Boundary: NAHC/CNRA California Land Grants (PLSS reconstruction)", "url": null}], "notes": null, "tags": ["San Mateo"]}}, {"type": "Feature", "geometry": {"type": "Point", "coordinates": [-122.3916, 37.62216]}, "properties": {"id": "rancho-buri-buri-361", "register_no": null, "name": "Buri Buri (José Antonio Sánchez)", "date": {"iso": "1835", "display": "1835", "confidence": "year"}, "coord_precision": "exact", "polygon": [[[37.56776, -122.37555], [37.58665, -122.3405], [37.59251, -122.36023], [37.68162, -122.38578], [37.69221, -122.42856], [37.66752, -122.4476], [37.62127, -122.41905], [37.56776, -122.37555]]], "type": "rancho", "layer": "interim", "summary": "Granted 1835 by José Castro to José Antonio Sánchez. Present-day San Mateo County.", "sources": [{"citation": "Diseño (Bancroft Land Case Maps)", "url": "../gallery/disenos.html#survey-of-rancho-buri-buri-san-mateo-co-calif--rec78592-1"}, {"citation": "Boundary: NAHC/CNRA California Land Grants (PLSS reconstruction)", "url": null}], "notes": null, "tags": ["San Mateo"]}}, {"type": "Feature", "geometry": {"type": "Point", "coordinates": [-122.44, 37.74273]}, "properties": {"id": "rancho-laguna-de-la-merced-362", "register_no": null, "name": "Laguna de la Merced (Jose Antonio Galindo)", "date": {"iso": "1835", "display": "1835", "confidence": "year"}, "coord_precision": "exact", "polygon": [[[37.66752, -122.4476], [37.69221, -122.42856], [37.70149, -122.43118], [37.70672, -122.4307], [37.71196, -122.43974], [37.72243, -122.44165], [37.72647, -122.44736], [37.73171, -122.4495], [37.73813, -122.44641], [37.74384, -122.45045], [37.75312, -122.45259], [37.75693, -122.4514], [37.76431, -122.44831], [37.76883, -122.44403], [37.77216, -122.43784], [37.77287, -122.43118], [37.77287, -122.42452], [37.77097, -122.41642], [37.76788, -122.40952], [37.76716, -122.40691], [37.7693, -122.40262], [37.77311, -122.39477], [37.77454, -122.39263], [37.77536, -122.38273], [37.79073, -122.38534], [37.80563, -122.39815], [37.80088, -122.46541], [37.77113, -122.512], [37.73557, -122.50561], [37.71341, -122.50164], [37.71492, -122.48529], [37.7075, -122.47101], [37.70008, -122.46302], [37.68637, -122.45617], [37.66752, -122.4476]]], "type": "rancho", "layer": "interim", "summary": "Granted 1835 by José Castro to Jose Antonio Galindo. Present-day San Mateo County.", "sources": [{"citation": "Diseño (Bancroft Land Case Maps)", "url": "../gallery/disenos.html#dise-o-del-terreno-que-nombran-de-la-laguna-de-la-merced-y-p--rec78757"}, {"citation": "Boundary: NAHC/CNRA California Land Grants (PLSS reconstruction)", "url": null}], "notes": null, "tags": ["San Mateo"]}}, {"type": "Feature", "geometry": {"type": "Point", "coordinates": [-122.47646, 37.65182]}, "properties": {"id": "rancho-san-pedro-363", "register_no": null, "name": "San Pedro (Francisco Sanchez)", "date": {"iso": "1839", "display": "1839", "confidence": "year"}, "coord_precision": "exact", "polygon": [[[37.66752, -122.4476], [37.68637, -122.45617], [37.70008, -122.46302], [37.7075, -122.47101], [37.71492, -122.48529], [37.71341, -122.50164], [37.70814, -122.50069], [37.68644, -122.4968], [37.61214, -122.4968], [37.57614, -122.5181], [37.55502, -122.51756], [37.55317, -122.51751], [37.60771, -122.40802], [37.62127, -122.41905], [37.66752, -122.4476]]], "type": "rancho", "layer": "alvarado", "summary": "Granted 1839 by Juan Alvarado to Francisco Sanchez. Present-day San Mateo County.", "sources": [{"citation": "Diseño (Bancroft Land Case Maps)", "url": "../gallery/disenos.html#dise-o-del-rancho-san-pedro-santa-margarita-y-las-gallinas-c--rec78418"}, {"citation": "Boundary: NAHC/CNRA California Land Grants (PLSS reconstruction)", "url": null}], "notes": null, "tags": ["San Mateo"]}}, {"type": "Feature", "geometry": {"type": "Point", "coordinates": [-122.73269, 38.03473]}, "properties": {"id": "rancho-tomales-y-baulines-364", "register_no": null, "name": "Tomales y Baulines (Rafael Garcia)", "date": {"iso": "1836", "display": "1836", "confidence": "year"}, "coord_precision": "exact", "polygon": [[[38.01639, -122.67831], [38.02138, -122.68687], [38.02519, -122.69021], [38.029, -122.69639], [38.03066, -122.70068], [38.02995, -122.71091], [38.03138, -122.71448], [38.03399, -122.72114], [38.03685, -122.72756], [38.04137, -122.73137], [38.04637, -122.73327], [38.05089, -122.73375], [38.05612, -122.73446], [38.05993, -122.73779], [38.0635, -122.74089], [38.06659, -122.74707], [38.06921, -122.75183], [38.07278, -122.75469], [38.08111, -122.75493], [38.08634, -122.75398], [38.08739, -122.75935], [38.08739, -122.76602], [38.08406, -122.77244], [38.07882, -122.7822], [38.06802, -122.78248], [38.05684, -122.78248], [38.05303, -122.77534], [38.04827, -122.76749], [38.04327, -122.76345], [38.0359, -122.76368], [38.02876, -122.76273], [38.02662, -122.76059], [38.02138, -122.75202], [38.01686, -122.74774], [38.01115, -122.74465], [38.00925, -122.74203], [38.00449, -122.73751], [37.99949, -122.73204], [37.99331, -122.72418], [37.9914, -122.71895], [37.98593, -122.71157], [37.98093, -122.70753], [37.98712, -122.69833], [37.99141, -122.68919], [37.9954, -122.68519], [38.00568, -122.68148], [38.0094, -122.67977], [38.01639, -122.67831]]], "type": "rancho", "layer": "interim", "summary": "Granted 1836 by Nicolas Gutierrez to Rafael Garcia. Present-day Marin County.", "sources": [{"citation": "Diseño (Bancroft Land Case Maps)", "url": "../gallery/disenos.html#plat-of-the-rancho-tomales-y-baulines-finally-confirmed-to-r--rec79031-1"}, {"citation": "Boundary: NAHC/CNRA California Land Grants (PLSS reconstruction)", "url": null}], "notes": null, "tags": ["Marin"]}}, {"type": "Feature", "geometry": {"type": "Point", "coordinates": [-122.60308, 37.98023]}, "properties": {"id": "rancho-tomales-y-baulines-365", "register_no": null, "name": "Tomales y Baulines (Rafael Garcia)", "date": {"iso": "1836", "display": "1836", "confidence": "year"}, "coord_precision": "exact", "polygon": [[[38.00054, -122.59554], [38.00083, -122.60524], [37.9954, -122.60981], [37.98912, -122.6141], [37.98541, -122.62409], [37.9837, -122.6495], [37.97228, -122.6515], [37.92602, -122.57869], [37.94458, -122.54956], [37.96485, -122.59154], [37.97884, -122.59211], [37.98627, -122.59211], [37.99483, -122.59382], [38.00054, -122.59554]]], "type": "rancho", "layer": "interim", "summary": "Granted 1836 by Nicolas Gutierrez to Rafael Garcia. Present-day Marin County.", "sources": [{"citation": "Diseño (Bancroft Land Case Maps)", "url": "../gallery/disenos.html#plat-of-the-rancho-tomales-y-baulines-finally-confirmed-to-r--rec79031-1"}, {"citation": "Boundary: NAHC/CNRA California Land Grants (PLSS reconstruction)", "url": null}], "notes": null, "tags": ["Marin"]}}, {"type": "Feature", "geometry": {"type": "Point", "coordinates": [-122.56388, 37.99979]}, "properties": {"id": "rancho-canada-de-herrera-366", "register_no": null, "name": "Cañada de Herrera (Domingo Sais)", "date": {"iso": "1839", "display": "1839", "confidence": "year"}, "coord_precision": "exact", "polygon": [[[37.98403, -122.52607], [37.99093, -122.52322], [38.00021, -122.52322], [38.00758, -122.52536], [38.01424, -122.52988], [38.02686, -122.54844], [38.02567, -122.58599], [38.01511, -122.5864], [38.00825, -122.58868], [38.0034, -122.59325], [38.00054, -122.59554], [37.99483, -122.59382], [37.98627, -122.59211], [37.97884, -122.59211], [37.97579, -122.59198], [37.98403, -122.52607]]], "type": "rancho", "layer": "alvarado", "summary": "Granted 1839 by Manuel Jimeno to Domingo Sais. Present-day Marin County.", "sources": [{"citation": "Diseño (Bancroft Land Case Maps)", "url": "../gallery/disenos.html#dise-o-del-rancho-ca-ada-de-herrera-marin-co-calif--rec78578"}, {"citation": "Boundary: NAHC/CNRA California Land Grants (PLSS reconstruction)", "url": null}], "notes": null, "tags": ["Marin"]}}, {"type": "Feature", "geometry": {"type": "Point", "coordinates": [-122.51914, 37.95976]}, "properties": {"id": "rancho-punta-de-quentin-367", "register_no": null, "name": "Punta de Quentin (John B.R. Cooper)", "date": {"iso": "1840", "display": "1840", "confidence": "year"}, "coord_precision": "exact", "polygon": [[[37.97579, -122.59198], [37.96485, -122.59154], [37.94458, -122.54956], [37.93807, -122.53129], [37.94378, -122.50559], [37.94121, -122.49103], [37.93893, -122.48104], [37.94349, -122.4779], [37.96285, -122.48057], [37.96284, -122.4806], [37.9619, -122.48319], [37.96246, -122.48846], [37.96499, -122.50965], [37.97189, -122.51869], [37.97855, -122.52631], [37.98403, -122.52607], [37.97579, -122.59198]]], "type": "rancho", "layer": "alvarado", "summary": "Granted 1840 by Juan Alvarado to John B.R. Cooper. Present-day Marin County.", "sources": [{"citation": "Boundary: NAHC/CNRA California Land Grants (PLSS reconstruction)", "url": null}], "notes": null, "tags": ["Marin"]}}, {"type": "Feature", "geometry": {"type": "Point", "coordinates": [-122.49712, 37.86858]}, "properties": {"id": "rancho-saucelito-368", "register_no": null, "name": "Saucelito (William A. Richardson)", "date": {"iso": "1838", "display": "1838", "confidence": "year"}, "coord_precision": "exact", "polygon": [[[37.89438, -122.50731], [37.89465, -122.64916], [37.87513, -122.6013], [37.83033, -122.5373], [37.82673, -122.4835], [37.84693, -122.43299], [37.85212, -122.43935], [37.85498, -122.4522], [37.86069, -122.45362], [37.86526, -122.46733], [37.87068, -122.46733], [37.87068, -122.48075], [37.88296, -122.48047], [37.88353, -122.49731], [37.89381, -122.49674], [37.89438, -122.50731]]], "type": "rancho", "layer": "alvarado", "summary": "Granted 1838 by Juan Alvarado to William A. Richardson. Present-day Marin County.", "sources": [{"citation": "Diseño (Bancroft Land Case Maps)", "url": "../gallery/disenos.html#dise-o-del-rancho-saucelito-marin-co-calif--rec79041"}, {"citation": "Boundary: NAHC/CNRA California Land Grants (PLSS reconstruction)", "url": null}], "notes": null, "tags": ["Marin"]}}, {"type": "Feature", "geometry": {"type": "Point", "coordinates": [-122.46631, 37.90948]}, "properties": {"id": "rancho-corte-madera-del-presidio-369", "register_no": null, "name": "Corte Madera del Presidio (John (Juan) Reed)", "date": {"iso": "1834", "display": "1834", "confidence": "year"}, "coord_precision": "exact", "polygon": [[[37.93893, -122.48104], [37.94121, -122.49103], [37.92693, -122.48189], [37.91209, -122.50588], [37.89422, -122.5043], [37.89381, -122.49674], [37.89324, -122.47504], [37.90009, -122.47533], [37.90152, -122.47247], [37.8961, -122.46105], [37.89098, -122.44664], [37.88582, -122.42678], [37.88753, -122.42079], [37.89353, -122.42336], [37.89981, -122.43678], [37.9078, -122.45163], [37.91551, -122.46219], [37.92094, -122.46476], [37.92608, -122.46476], [37.93407, -122.46904], [37.93893, -122.48104]]], "type": "rancho", "layer": "figueroa", "summary": "Granted 1834 by José Figueroa to John (Juan) Reed. Present-day Marin County.", "sources": [{"citation": "Diseño (Bancroft Land Case Maps)", "url": "../gallery/disenos.html#dise-o-del-rancho-corte-madera-del-presidio-marin-co-calif--rec78639"}, {"citation": "Boundary: NAHC/CNRA California Land Grants (PLSS reconstruction)", "url": null}], "notes": null, "tags": ["Marin"]}}, {"type": "Feature", "geometry": {"type": "Point", "coordinates": [-122.13675, 37.93635]}, "properties": {"id": "rancho-boca-de-la-canada-del-pinole-370", "register_no": null, "name": "Boca de la Cañada del Pinole (Maria Manuela Valencia)", "date": {"iso": "1842", "display": "1842", "confidence": "year"}, "coord_precision": "exact", "polygon": [[[37.91229, -122.1461], [37.91229, -122.09414], [37.91883, -122.09528], [37.92425, -122.10641], [37.94624, -122.11127], [37.96337, -122.11384], [37.96765, -122.1127], [37.97032, -122.18979], [37.96632, -122.19036], [37.9212, -122.18979], [37.9212, -122.14525], [37.91229, -122.1461]]], "type": "rancho", "layer": "alvarado", "summary": "Granted 1842 by Juan Alvarado to Maria Manuela Valencia. Present-day Contra Costa County.", "sources": [{"citation": "Diseño (Bancroft Land Case Maps)", "url": "../gallery/disenos.html#dise-o-del-rancho-la-boca-de-la-ca-ada-del-pinole-calif--rec78469"}, {"citation": "Boundary: NAHC/CNRA California Land Grants (PLSS reconstruction)", "url": null}], "notes": null, "tags": ["Contra Costa"]}}, {"type": "Feature", "geometry": {"type": "Point", "coordinates": [-117.32679, 33.23879]}, "properties": {"id": "rancho-guajome-371", "register_no": null, "name": "Guajome (Andres and Jose Manuel)", "date": {"iso": "1845", "display": "1845", "confidence": "year"}, "coord_precision": "exact", "polygon": [[[33.24336, -117.34455], [33.21681, -117.31571], [33.23223, -117.30058], [33.25821, -117.32856], [33.24336, -117.34455]]], "type": "rancho", "layer": "pico", "summary": "Granted 1845 by Pío Pico to Andres and Jose Manuel. Present-day San Diego County.", "sources": [{"citation": "Boundary: NAHC/CNRA California Land Grants (PLSS reconstruction)", "url": null}], "notes": null, "tags": ["San Diego"]}}, {"type": "Feature", "geometry": {"type": "Point", "coordinates": [-116.70547, 33.2433]}, "properties": {"id": "rancho-san-jose-del-valle-372", "register_no": null, "name": "San Jose del Valle (Juan José Warner)", "date": {"iso": "1844", "display": "1844", "confidence": "year"}, "coord_precision": "exact", "polygon": [[[33.27306, -116.64689], [33.27344, -116.66859], [33.27877, -116.66859], [33.27877, -116.71999], [33.29781, -116.71961], [33.29857, -116.74664], [33.29057, -116.74664], [33.29019, -116.79194], [33.24603, -116.79232], [33.2327, -116.76986], [33.22281, -116.76796], [33.20948, -116.73979], [33.21253, -116.7375], [33.2209, -116.73255], [33.22509, -116.72684], [33.22547, -116.72494], [33.22357, -116.71999], [33.21938, -116.71466], [33.21595, -116.70857], [33.21595, -116.704], [33.219, -116.70171], [33.22966, -116.70095], [33.23347, -116.70133], [33.23651, -116.70057], [33.24222, -116.69791], [33.24451, -116.68839], [33.24298, -116.68306], [33.23994, -116.67925], [33.23385, -116.67697], [33.23042, -116.67468], [33.22661, -116.67088], [33.22433, -116.66593], [33.22395, -116.65679], [33.25364, -116.65679], [33.25364, -116.64689], [33.27306, -116.64689]]], "type": "rancho", "layer": "micheltorena", "summary": "Granted 1844 by Manuel Micheltorena to Juan José Warner. Present-day San Diego County.", "sources": [{"citation": "Boundary: NAHC/CNRA California Land Grants (PLSS reconstruction)", "url": null}], "notes": null, "tags": ["San Diego"]}}, {"type": "Feature", "geometry": {"type": "Point", "coordinates": [-119.95634, 35.06913]}, "properties": {"id": "rancho-cuyama-373", "register_no": null, "name": "Cuyama (Cesario Lataillade)", "date": {"iso": "1846", "display": "1846", "confidence": "year"}, "coord_precision": "exact", "polygon": [[[35.11391, -120.02478], [35.09335, -120.02449], [35.00026, -119.89943], [34.99998, -119.88229], [35.09335, -119.88229], [35.11391, -120.02478]]], "type": "rancho", "layer": "pico", "summary": "Granted 1846 by Pio Pico to Cesario Lataillade. Present-day Santa Barbara County.", "sources": [{"citation": "Diseño (Bancroft Land Case Maps)", "url": "../gallery/disenos.html#dise-o-del-terreno-que-solicito-d-cesara-lataillade-situado---rec79277"}, {"citation": "Boundary: NAHC/CNRA California Land Grants (PLSS reconstruction)", "url": null}], "notes": null, "tags": ["Santa Barbara"]}}, {"type": "Feature", "geometry": {"type": "Point", "coordinates": [-118.87551, 34.91845]}, "properties": {"id": "rancho-castaic-374", "register_no": null, "name": "Castaic (Jose Maria Covarrubias)", "date": {"iso": "1843", "display": "1843", "confidence": "year"}, "coord_precision": "exact", "polygon": [[[34.96571, -118.87458], [34.96571, -118.96714], [34.95024, -118.96714], [34.85292, -118.86911], [34.85887, -118.86387], [34.87005, -118.85079], [34.88481, -118.84365], [34.89789, -118.8427], [34.91431, -118.84293], [34.92621, -118.84912], [34.93858, -118.86126], [34.94882, -118.87482], [34.96571, -118.87458]]], "type": "rancho", "layer": "micheltorena", "summary": "Granted 1843 by Manuel Micheltorena to Jose Maria Covarrubias. Present-day Kern County.", "sources": [{"citation": "Boundary: NAHC/CNRA California Land Grants (PLSS reconstruction)", "url": null}], "notes": null, "tags": ["Kern"]}}, {"type": "Feature", "geometry": {"type": "Point", "coordinates": [-118.76957, 35.11895]}, "properties": {"id": "rancho-el-tejon-375", "register_no": null, "name": "El Tejon (José Antonio Aguirre and Ygnacio del Valle)", "date": {"iso": "1843", "display": "1843", "confidence": "year"}, "coord_precision": "exact", "polygon": [[[34.9995, -118.75999], [35.00821, -118.72905], [35.01297, -118.71835], [35.01725, -118.71335], [35.04985, -118.71121], [35.05032, -118.70978], [35.05008, -118.70455], [35.03795, -118.65815], [35.05175, -118.64815], [35.09553, -118.69265], [35.11623, -118.71573], [35.13646, -118.75047], [35.14288, -118.75951], [35.19761, -118.73976], [35.2728, -118.65767], [35.31896, -118.65767], [35.35965, -118.72596], [35.32349, -118.73786], [35.24282, -118.73762], [35.23925, -118.73762], [35.23949, -118.75975], [35.22617, -118.75999], [35.22521, -118.77188], [35.2057, -118.77165], [35.20546, -118.78069], [35.18857, -118.78093], [35.18857, -118.79235], [35.17858, -118.79259], [35.17858, -118.80639], [35.16882, -118.80662], [35.1693, -118.82304], [35.15026, -118.82304], [35.15026, -118.83946], [35.10838, -118.83946], [35.10862, -118.85754], [35.07531, -118.85769], [35.02367, -118.85769], [35.02343, -118.87363], [34.96571, -118.87458], [34.94882, -118.87482], [34.94943, -118.8496], [34.96776, -118.8308], [34.98941, -118.79844], [34.99417, -118.78297], [34.9995, -118.75999]]], "type": "rancho", "layer": "micheltorena", "summary": "Granted 1843 by Manuel Micheltorena to José Antonio Aguirre and Ygnacio del Valle. Present-day Kern County.", "sources": [{"citation": "Diseño (Bancroft Land Case Maps)", "url": "../gallery/disenos.html#plan-del-paraje-conocido-bajo-el-nombre-de-tejon-esteban-ard--rec79385"}, {"citation": "Boundary: NAHC/CNRA California Land Grants (PLSS reconstruction)", "url": null}], "notes": null, "tags": ["Kern"]}}, {"type": "Feature", "geometry": {"type": "Point", "coordinates": [-118.64977, 34.87725]}, "properties": {"id": "rancho-la-liebre-376", "register_no": null, "name": "La Liebre (Jose Maria Flores)", "date": {"iso": "1846", "display": "1846", "confidence": "year"}, "coord_precision": "exact", "polygon": [[[34.81271, -118.80938], [34.76959, -118.72382], [34.74199, -118.68789], [34.72867, -118.63269], [34.78554, -118.63292], [34.78554, -118.71026], [34.82813, -118.71002], [34.82765, -118.68099], [34.84788, -118.68099], [34.84788, -118.661], [34.86382, -118.661], [34.86358, -118.62555], [34.87286, -118.62555], [34.8731, -118.60223], [34.88405, -118.60223], [34.88381, -118.58557], [34.89475, -118.58557], [34.89499, -118.56868], [34.9057, -118.56868], [34.90594, -118.52942], [34.93235, -118.52942], [34.93235, -118.50824], [34.95376, -118.508], [34.96528, -118.51252], [34.97884, -118.52323], [34.98693, -118.53608], [34.98789, -118.54679], [34.98241, -118.55036], [34.97385, -118.5494], [34.96219, -118.54441], [34.95814, -118.54726], [34.88295, -118.68599], [34.87629, -118.70526], [34.86939, -118.735], [34.86725, -118.76403], [34.86661, -118.77445], [34.86586, -118.77449], [34.86315, -118.77464], [34.85816, -118.77821], [34.85221, -118.78892], [34.84269, -118.80129], [34.83222, -118.80819], [34.81271, -118.80938]]], "type": "rancho", "layer": "pico", "summary": "Granted 1846 by Pio Pico to Jose Maria Flores. Present-day Kern County.", "sources": [{"citation": "Boundary: NAHC/CNRA California Land Grants (PLSS reconstruction)", "url": null}], "notes": null, "tags": ["Kern"]}}, {"type": "Feature", "geometry": {"type": "Point", "coordinates": [-121.38606, 36.97281]}, "properties": {"id": "rancho-ausaymas-y-san-felipe-377", "register_no": null, "name": "Ausaymas y San Felipe (Francisco Perez Pacheco)", "date": {"iso": "1833", "display": "1833", "confidence": "year"}, "coord_precision": "exact", "polygon": [[[37.03177, -121.26711], [37.04795, -121.33707], [37.0451, -121.39893], [36.97895, -121.43463], [36.97704, -121.43463], [36.968, -121.437], [36.96753, -121.43129], [36.96324, -121.4213], [36.95896, -121.41844], [36.94944, -121.41749], [36.94278, -121.41131], [36.94659, -121.4056], [36.94183, -121.39988], [36.93707, -121.39751], [36.93326, -121.39275], [36.92565, -121.3837], [36.96372, -121.29329], [37.03177, -121.26711]]], "type": "rancho", "layer": "figueroa", "summary": "Granted 1833 by José Figueroa to Francisco Perez Pacheco. Present-day Santa Clara County.", "sources": [{"citation": "Diseño (Bancroft Land Case Maps)", "url": "../gallery/disenos.html#dise-o-del-rancho-ausaymas-y-san-felipe-calif--rec79279"}, {"citation": "Boundary: NAHC/CNRA California Land Grants (PLSS reconstruction)", "url": null}], "notes": null, "tags": ["Santa Clara"]}}, {"type": "Feature", "geometry": {"type": "Point", "coordinates": [-121.39126, 36.9211]}, "properties": {"id": "rancho-bolsa-de-san-felipe-378", "register_no": null, "name": "Bolsa de San Felipe (Francisco P. Pacheco)", "date": {"iso": "1840", "display": "1840", "confidence": "year"}, "coord_precision": "exact", "polygon": [[[36.92565, -121.3837], [36.93326, -121.39275], [36.93707, -121.39751], [36.94183, -121.39988], [36.94659, -121.4056], [36.94278, -121.41131], [36.91718, -121.4578], [36.88162, -121.35584], [36.88786, -121.3562], [36.89262, -121.35953], [36.92565, -121.3837]]], "type": "rancho", "layer": "alvarado", "summary": "Granted 1840 by Juan Alvarado to Francisco P. Pacheco. Present-day San Benito County.", "sources": [{"citation": "Diseño (Bancroft Land Case Maps)", "url": "../gallery/disenos.html#dise-o-del-rancho-bolsa-de-san-felipe-calif--rec78516"}, {"citation": "Boundary: NAHC/CNRA California Land Grants (PLSS reconstruction)", "url": null}], "notes": null, "tags": ["San Benito"]}}, {"type": "Feature", "geometry": {"type": "Point", "coordinates": [-121.46395, 36.96182]}, "properties": {"id": "rancho-llano-de-tesquisquita-379", "register_no": null, "name": "Llano de Tesquisquita (Jose Maria Sanchez)", "date": {"iso": "1835", "display": "1835", "confidence": "year"}, "coord_precision": "exact", "polygon": [[[36.93726, -121.51694], [36.93519, -121.51083], [36.92879, -121.49728], [36.91768, -121.48281], [36.9128, -121.47535], [36.91634, -121.47218], [36.9206, -121.46761], [36.91718, -121.4578], [36.94278, -121.41131], [36.94944, -121.41749], [36.95896, -121.41844], [36.96324, -121.4213], [36.96753, -121.43129], [36.968, -121.437], [36.97704, -121.43463], [36.97895, -121.43463], [37.01195, -121.41682], [37.01317, -121.41616], [37.0411, -121.439], [37.01873, -121.46137], [37.00969, -121.44947], [36.98066, -121.47803], [36.98399, -121.48279], [36.97876, -121.48707], [36.96781, -121.49897], [36.95877, -121.50325], [36.95211, -121.5042], [36.94687, -121.51372], [36.93726, -121.51694]]], "type": "rancho", "layer": "interim", "summary": "Granted 1835 by José Castro to Jose Maria Sanchez. Present-day San Benito County.", "sources": [{"citation": "Boundary: NAHC/CNRA California Land Grants (PLSS reconstruction)", "url": null}], "notes": null, "tags": ["San Benito"]}}, {"type": "Feature", "geometry": {"type": "Point", "coordinates": [-121.4943, 37.04563]}, "properties": {"id": "rancho-san-ysidro-gilroy-380", "register_no": null, "name": "San Ysidro (Gilroy) (Maria Clara de la Asuncion Ortega)", "date": {"iso": "1833", "display": "1833", "confidence": "year"}, "coord_precision": "exact", "polygon": [[[37.07022, -121.4868], [37.06499, -121.49084], [37.05952, -121.49703], [37.05476, -121.50179], [37.05071, -121.50417], [37.04762, -121.51273], [37.045, -121.51749], [37.03667, -121.52344], [37.02977, -121.5263], [37.0154, -121.50534], [37.01778, -121.49487], [37.01921, -121.49249], [37.02492, -121.48678], [37.02682, -121.48488], [37.03586, -121.48012], [37.04395, -121.48155], [37.04586, -121.48202], [37.05014, -121.48202], [37.0549, -121.48393], [37.05871, -121.4825], [37.06204, -121.4825], [37.06442, -121.4825], [37.07022, -121.4868]]], "type": "rancho", "layer": "figueroa", "summary": "Granted 1833 by José Figueroa to Maria Clara de la Asuncion Ortega. Present-day Santa Clara County.", "sources": [{"citation": "Boundary: NAHC/CNRA California Land Grants (PLSS reconstruction)", "url": null}], "notes": null, "tags": ["Santa Clara"]}}, {"type": "Feature", "geometry": {"type": "Point", "coordinates": [-121.552, 36.93168]}, "properties": {"id": "rancho-juristac-381", "register_no": null, "name": "Juristac (Antonio and Faustino German)", "date": {"iso": "1835", "display": "1835", "confidence": "year"}, "coord_precision": "exact", "polygon": [[[36.95639, -121.53894], [36.95116, -121.54008], [36.95106, -121.5496], [36.93774, -121.54979], [36.93492, -121.58988], [36.92036, -121.59431], [36.92356, -121.58798], [36.9234, -121.58387], [36.9167, -121.57686], [36.91409, -121.57551], [36.91584, -121.56673], [36.91223, -121.56293], [36.91147, -121.55683], [36.9104, -121.55318], [36.91265, -121.55347], [36.91996, -121.55241], [36.92468, -121.54921], [36.9291, -121.54586], [36.9361, -121.53931], [36.939, -121.53505], [36.93854, -121.52073], [36.93726, -121.51694], [36.94687, -121.51372], [36.95163, -121.52609], [36.95211, -121.53371], [36.95639, -121.53894]]], "type": "rancho", "layer": "interim", "summary": "Granted 1835 by José Castro to Antonio and Faustino German. Present-day Santa Clara County.", "sources": [{"citation": "Diseño (Bancroft Land Case Maps)", "url": "../gallery/disenos.html#dise-o-del-rancho-juristac-calif--rec78982"}, {"citation": "Boundary: NAHC/CNRA California Land Grants (PLSS reconstruction)", "url": null}], "notes": null, "tags": ["Santa Clara"]}}, {"type": "Feature", "geometry": {"type": "Point", "coordinates": [-121.58666, 36.98489]}, "properties": {"id": "rancho-las-animas-382", "register_no": null, "name": "Las Animas (José Mariano Castro)", "date": {"iso": "1803", "display": "1803", "confidence": "year"}, "coord_precision": "exact", "polygon": [[[36.95639, -121.53894], [36.95211, -121.53371], [36.95163, -121.52609], [36.94687, -121.51372], [36.94872, -121.51036], [36.95639, -121.51962], [36.96258, -121.52295], [36.96734, -121.52581], [36.96972, -121.53247], [36.97067, -121.53866], [36.9759, -121.5515], [36.98352, -121.55626], [36.98875, -121.55531], [36.99494, -121.55674], [36.99541, -121.55959], [36.99779, -121.56959], [37.00303, -121.5734], [37.00826, -121.57577], [37.01159, -121.57863], [37.01717, -121.58697], [37.0155, -121.59554], [37.01907, -121.60339], [37.02192, -121.61124], [37.02835, -121.61791], [37.03382, -121.6329], [37.03192, -121.64313], [37.02835, -121.65098], [37.0224, -121.65836], [37.02145, -121.66407], [37.0173, -121.66857], [37.01397, -121.67], [37.01112, -121.67], [37.00892, -121.67649], [36.9956, -121.65436], [36.98513, -121.63176], [36.96847, -121.61605], [36.95848, -121.60987], [36.9541, -121.61001], [36.94985, -121.61016], [36.9442, -121.61034], [36.93492, -121.58988], [36.93774, -121.54979], [36.95106, -121.5496], [36.95116, -121.54008], [36.95639, -121.53894]]], "type": "rancho", "layer": "spanish", "summary": "Granted 1803 by Feliz Berenguer to José Mariano Castro. Present-day Santa Clara County.", "sources": [{"citation": "Diseño (Bancroft Land Case Maps)", "url": "../gallery/disenos.html#rancho-las-animas-santa-clara-co-calif--rec78421"}, {"citation": "Boundary: NAHC/CNRA California Land Grants (PLSS reconstruction)", "url": null}], "notes": null, "tags": ["Santa Clara"]}}, {"type": "Feature", "geometry": {"type": "Point", "coordinates": [-121.28448, 36.74069]}, "properties": {"id": "rancho-cienega-de-los-paicines-383", "register_no": null, "name": "Cienega de los Paicines (Angel Castro and Jose Rodriguez)", "date": {"iso": "1842", "display": "1842", "confidence": "year"}, "coord_precision": "exact", "polygon": [[[36.75352, -121.30244], [36.75323, -121.31329], [36.74495, -121.31358], [36.74524, -121.32072], [36.7341, -121.32072], [36.73467, -121.30358], [36.72439, -121.30358], [36.72411, -121.29073], [36.71468, -121.29045], [36.71497, -121.28217], [36.70869, -121.28188], [36.70926, -121.26075], [36.72097, -121.26104], [36.72097, -121.25447], [36.73182, -121.25476], [36.73153, -121.24905], [36.74666, -121.24905], [36.76066, -121.2619], [36.76983, -121.26247], [36.76981, -121.27267], [36.76979, -121.28302], [36.76323, -121.28331], [36.76351, -121.29702], [36.75323, -121.29702], [36.75352, -121.30244]]], "type": "rancho", "layer": "alvarado", "summary": "Granted 1842 by Juan Alvarado to Angel Castro and Jose Rodriguez. Present-day San Benito County.", "sources": [{"citation": "Diseño (Bancroft Land Case Maps)", "url": "../gallery/disenos.html#dise-o-del-rancho-cienega-de-los-paicines-calif--rec78916"}, {"citation": "Boundary: NAHC/CNRA California Land Grants (PLSS reconstruction)", "url": null}], "notes": null, "tags": ["San Benito"]}}, {"type": "Feature", "geometry": {"type": "Point", "coordinates": [-121.76314, 37.23965]}, "properties": {"id": "rancho-santa-teresa-384", "register_no": null, "name": "Santa Teresa (Jose Joaquin Bernal)", "date": {"iso": "1834", "display": "1834", "confidence": "year"}, "coord_precision": "exact", "polygon": [[[37.21799, -121.76274], [37.2386, -121.73453], [37.24546, -121.73996], [37.24945, -121.74481], [37.25402, -121.75052], [37.25397, -121.79899], [37.24559, -121.7967], [37.23379, -121.77729], [37.21799, -121.76274]]], "type": "rancho", "layer": "figueroa", "summary": "Granted 1834 by José Figueroa to Jose Joaquin Bernal. Present-day Santa Clara County.", "sources": [{"citation": "Diseño (Bancroft Land Case Maps)", "url": "../gallery/disenos.html#dise-o-del-rancho-santa-teresa-santa-clara-co-calif--rec78474"}, {"citation": "Boundary: NAHC/CNRA California Land Grants (PLSS reconstruction)", "url": null}], "notes": null, "tags": ["Santa Clara"]}}, {"type": "Feature", "geometry": {"type": "Point", "coordinates": [-121.79865, 37.21018]}, "properties": {"id": "rancho-san-vicente-385", "register_no": null, "name": "San Vicente (José de los Reyes Berreyesa)", "date": {"iso": "1842", "display": "1842", "confidence": "year"}, "coord_precision": "exact", "polygon": [[[37.202, -121.78433], [37.22065, -121.78452], [37.22084, -121.79727], [37.23721, -121.79804], [37.23702, -121.81307], [37.20904, -121.81345], [37.20714, -121.82126], [37.19895, -121.82088], [37.19914, -121.79118], [37.194, -121.79118], [37.19419, -121.78433], [37.202, -121.78433]]], "type": "rancho", "layer": "alvarado", "summary": "Granted 1842 by Juan Alvarado to José de los Reyes Berreyesa. Present-day Santa Clara County.", "sources": [{"citation": "Diseño (Bancroft Land Case Maps)", "url": "../gallery/disenos.html#dise-o-del-rancho-san-vicente-monterey-county-calif--rec78498"}, {"citation": "Boundary: NAHC/CNRA California Land Grants (PLSS reconstruction)", "url": null}], "notes": null, "tags": ["Santa Clara"]}}, {"type": "Feature", "geometry": {"type": "Point", "coordinates": [-121.84137, 37.24411]}, "properties": {"id": "rancho-los-capitancillos-386", "register_no": null, "name": "Los Capitancillos (Justo Larios)", "date": {"iso": "1842", "display": "1842", "confidence": "year"}, "coord_precision": "exact", "polygon": [[[37.27348, -121.84955], [37.26996, -121.85095], [37.26463, -121.85191], [37.25758, -121.8521], [37.24673, -121.85419], [37.2435, -121.85686], [37.22922, -121.8559], [37.21399, -121.85724], [37.20504, -121.85552], [37.20485, -121.83211], [37.20904, -121.83192], [37.21152, -121.82963], [37.21913, -121.82316], [37.22218, -121.82335], [37.22598, -121.82868], [37.2296, -121.83306], [37.2355, -121.83782], [37.24045, -121.83896], [37.24616, -121.8363], [37.25206, -121.8323], [37.25853, -121.83268], [37.26196, -121.83325], [37.26748, -121.83991], [37.27586, -121.84125], [37.27692, -121.84217], [37.27614, -121.84663], [37.27348, -121.84955]]], "type": "rancho", "layer": "alvarado", "summary": "Granted 1842 by Juan Alvarado to Justo Larios. Present-day Santa Clara County.", "sources": [{"citation": "Diseño (Bancroft Land Case Maps)", "url": "../gallery/disenos.html#dise-o-del-rancho-los-capitancillos-santa-clara-co-calif--rec78463"}, {"citation": "Boundary: NAHC/CNRA California Land Grants (PLSS reconstruction)", "url": null}], "notes": null, "tags": ["Santa Clara"]}}, {"type": "Feature", "geometry": {"type": "Point", "coordinates": [-121.86512, 37.22817]}, "properties": {"id": "rancho-canada-de-los-capitancillos-387", "register_no": null, "name": "Cañada de los Capitancillos (Justo Larios)", "date": {"iso": "1842", "display": "1842", "confidence": "year"}, "coord_precision": "exact", "polygon": [[[37.24517, -121.85548], [37.24635, -121.86485], [37.21894, -121.89226], [37.20619, -121.89245], [37.20504, -121.85552], [37.21399, -121.85724], [37.22922, -121.8559], [37.2435, -121.85686], [37.24517, -121.85548]]], "type": "rancho", "layer": "alvarado", "summary": "Granted 1842 by Juan Alvarado to Justo Larios. Present-day Santa Clara County.", "sources": [{"citation": "Diseño (Bancroft Land Case Maps)", "url": "../gallery/disenos.html#dise-o-del-rancho-ca-ada-de-los-capitancillos-santa-clara-co--rec78618"}, {"citation": "Boundary: NAHC/CNRA California Land Grants (PLSS reconstruction)", "url": null}], "notes": null, "tags": ["Santa Clara"]}}, {"type": "Feature", "geometry": {"type": "Point", "coordinates": [-121.62066, 36.61793]}, "properties": {"id": "rancho-buena-vista-388", "register_no": null, "name": "Buena Vista (Jose Maria Soberanes and Joaquin Castro)", "date": {"iso": "1795", "display": "1795", "confidence": "year"}, "coord_precision": "exact", "polygon": [[[36.61075, -121.66826], [36.60104, -121.65519], [36.61284, -121.64453], [36.58266, -121.59723], [36.61026, -121.56273], [36.61776, -121.56672], [36.62205, -121.57291], [36.62419, -121.58171], [36.62252, -121.59147], [36.62086, -121.6017], [36.62038, -121.61289], [36.62538, -121.62526], [36.62966, -121.63026], [36.63156, -121.63406], [36.63204, -121.64215], [36.63632, -121.64905], [36.61166, -121.66758], [36.61075, -121.66826]]], "type": "rancho", "layer": "spanish", "summary": "Granted 1795 by Diego de Borica to Jose Maria Soberanes and Joaquin Castro. Present-day Monterey County.", "sources": [{"citation": "Boundary: NAHC/CNRA California Land Grants (PLSS reconstruction)", "url": null}], "notes": null, "tags": ["Monterey"]}}, {"type": "Feature", "geometry": {"type": "Point", "coordinates": [-121.71443, 36.50772]}, "properties": {"id": "rancho-los-laureles-389", "register_no": null, "name": "Los Laureles (José M. Boronda and Vicente Blas Martínez)", "date": {"iso": "1839", "display": "1839", "confidence": "year"}, "coord_precision": "exact", "polygon": [[[36.51594, -121.68416], [36.5386, -121.75418], [36.49025, -121.74694], [36.47787, -121.70272], [36.51594, -121.68416]]], "type": "rancho", "layer": "alvarado", "summary": "Granted 1839 by Juan Alvarado to José M. Boronda and Vicente Blas Martínez. Present-day Monterey County.", "sources": [{"citation": "Diseño (Bancroft Land Case Maps)", "url": "../gallery/disenos.html#dise-o-del-rancho-los-laureles-beronda-calif--rec78927-1"}, {"citation": "Boundary: NAHC/CNRA California Land Grants (PLSS reconstruction)", "url": null}], "notes": null, "tags": ["Monterey"]}}, {"type": "Feature", "geometry": {"type": "Point", "coordinates": [-121.08168, 36.40337]}, "properties": {"id": "rancho-san-lorenzo-390", "register_no": null, "name": "San Lorenzo (Rafael Sanchez)", "date": {"iso": "1846", "display": "1846", "confidence": "year"}, "coord_precision": "exact", "polygon": [[[36.26632, -121.06411], [36.46338, -120.96968], [36.49878, -120.99595], [36.46452, -121.0264], [36.45881, -121.03554], [36.45614, -121.0443], [36.45843, -121.05648], [36.43787, -121.06181], [36.42759, -121.08389], [36.41921, -121.09722], [36.40931, -121.10483], [36.40627, -121.10597], [36.40322, -121.13491], [36.39104, -121.14214], [36.37907, -121.14656], [36.36241, -121.14608], [36.3529, -121.1399], [36.34243, -121.13204], [36.26632, -121.06411]]], "type": "rancho", "layer": "pico", "summary": "Granted 1846 by Pio Pico to Rafael Sanchez. Present-day San Benito County.", "sources": [{"citation": "Diseño (Bancroft Land Case Maps)", "url": "../gallery/disenos.html#dise-o-del-ranchos-san-lorenzo-castro-y-soto-calif--rec78430"}, {"citation": "Boundary: NAHC/CNRA California Land Grants (PLSS reconstruction)", "url": null}], "notes": null, "tags": ["San Benito"]}}, {"type": "Feature", "geometry": {"type": "Point", "coordinates": [-120.74376, 36.4486]}, "properties": {"id": "rancho-panoche-grande-391", "register_no": null, "name": "Panoche Grande (Vicente Gomez)", "date": {"iso": "1844", "display": "1844", "confidence": "year"}, "coord_precision": "exact", "polygon": [[[36.51424, -120.80704], [36.50091, -120.80666], [36.50015, -120.81084], [36.48302, -120.81046], [36.48264, -120.79714], [36.47084, -120.79638], [36.47084, -120.78381], [36.46056, -120.78419], [36.46094, -120.7545], [36.44343, -120.75412], [36.44381, -120.73965], [36.42096, -120.73927], [36.42096, -120.71985], [36.35662, -120.72023], [36.357, -120.70424], [36.37452, -120.70424], [36.37414, -120.69777], [36.39089, -120.69777], [36.39051, -120.68978], [36.39964, -120.69016], [36.39964, -120.68331], [36.4164, -120.68369], [36.41792, -120.68711], [36.47845, -120.68749], [36.47845, -120.70919], [36.48569, -120.70919], [36.48492, -120.75678], [36.50015, -120.75678], [36.50015, -120.78419], [36.51386, -120.78381], [36.51424, -120.80704]]], "type": "rancho", "layer": "micheltorena", "summary": "Granted 1844 by Manuel Micheltorena to Vicente Gomez. Present-day San Benito County.", "sources": [{"citation": "Diseño (Bancroft Land Case Maps)", "url": "../gallery/disenos.html#dise-o-del-rancho-panoche-grande-san-benito-county-calif--rec78981"}, {"citation": "Boundary: NAHC/CNRA California Land Grants (PLSS reconstruction)", "url": null}], "notes": null, "tags": ["San Benito"]}}, {"type": "Feature", "geometry": {"type": "Point", "coordinates": [-121.49847, 36.74898]}, "properties": {"id": "rancho-cienega-del-gabilan-392", "register_no": null, "name": "Cienega del Gabilan (Antonio Chavis)", "date": {"iso": "1843", "display": "1843", "confidence": "year"}, "coord_precision": "exact", "polygon": [[[36.73935, -121.55744], [36.73436, -121.55602], [36.72817, -121.55292], [36.72008, -121.54555], [36.70842, -121.53579], [36.69795, -121.52056], [36.64846, -121.52175], [36.64135, -121.51873], [36.63768, -121.5008], [36.64441, -121.48868], [36.65107, -121.47178], [36.65631, -121.4518], [36.65702, -121.43514], [36.65536, -121.42419], [36.68748, -121.42634], [36.72636, -121.44275], [36.76443, -121.3885], [36.76895, -121.38208], [36.77633, -121.37994], [36.78233, -121.38599], [36.83191, -121.48045], [36.82144, -121.47845], [36.81716, -121.47392], [36.81002, -121.46774], [36.80169, -121.46203], [36.78813, -121.46108], [36.78052, -121.46464], [36.7779, -121.47726], [36.78052, -121.48463], [36.78932, -121.49796], [36.80455, -121.51295], [36.81597, -121.52413], [36.81954, -121.53151], [36.81906, -121.53865], [36.81121, -121.53198], [36.80598, -121.5327], [36.77814, -121.56791], [36.77005, -121.55721], [36.76362, -121.55435], [36.75839, -121.56054], [36.75553, -121.56078], [36.74887, -121.55506], [36.74554, -121.55459], [36.74364, -121.55649], [36.73935, -121.55744]]], "type": "rancho", "layer": "micheltorena", "summary": "Granted 1843 by Manuel Micheltorena to Antonio Chavis. Present-day San Benito County.", "sources": [{"citation": "Diseño (Bancroft Land Case Maps)", "url": "../gallery/disenos.html#rancho-del-gabilan-i-e-cienega-del-gabilan-calif--rec79379"}, {"citation": "Boundary: NAHC/CNRA California Land Grants (PLSS reconstruction)", "url": null}], "notes": null, "tags": ["San Benito"]}}, {"type": "Feature", "geometry": {"type": "Point", "coordinates": [-121.80183, 36.56106]}, "properties": {"id": "rancho-corral-de-tierra-393", "register_no": null, "name": "Corral de Tierra (Francisco and Guadalupe Figueroa)", "date": {"iso": "1836", "display": "1836", "confidence": "year"}, "coord_precision": "exact", "polygon": [[[36.54447, -121.83522], [36.5421, -121.77074], [36.57641, -121.7591], [36.57786, -121.77603], [36.57804, -121.77813], [36.5677, -121.78692], [36.574, -121.83325], [36.54447, -121.84188], [36.54447, -121.83522]]], "type": "rancho", "layer": "interim", "summary": "Granted 1836 by Nicolas Gutierrez to Francisco and Guadalupe Figueroa. Present-day Monterey County.", "sources": [{"citation": "Diseño (Bancroft Land Case Maps)", "url": "../gallery/disenos.html#dise-o-del-rancho-corral-de-tierra-san-mateo-county-calif--rec78571"}, {"citation": "Boundary: NAHC/CNRA California Land Grants (PLSS reconstruction)", "url": null}], "notes": null, "tags": ["Monterey"]}}, {"type": "Feature", "geometry": {"type": "Point", "coordinates": [-122.10609, 37.44687]}, "properties": {"id": "rancho-tract-near-santa-clara-394", "register_no": null, "name": "Tract near Santa Clara (Francisco Garcia)", "date": {"iso": "1845", "display": "1845", "confidence": "year"}, "coord_precision": "exact", "polygon": [[[37.45036, -122.09715], [37.45045, -122.10476], [37.4564, -122.11404], [37.45688, -122.12427], [37.45781, -122.128], [37.43033, -122.12851], [37.42748, -122.08397], [37.44432, -122.08426], [37.44432, -122.09882], [37.45036, -122.09715]]], "type": "rancho", "layer": "micheltorena", "summary": "Granted 1845 by Manuel Micheltorena to Francisco Garcia. Present-day Santa Clara County.", "sources": [{"citation": "Boundary: NAHC/CNRA California Land Grants (PLSS reconstruction)", "url": null}], "notes": null, "tags": ["Santa Clara"]}}, {"type": "Feature", "geometry": {"type": "Point", "coordinates": [-122.42857, 38.28636]}, "properties": {"id": "rancho-lac-395", "register_no": null, "name": "Lac (Damaso Antonio Rodriguez)", "date": {"iso": "1844", "display": "1844", "confidence": "year"}, "coord_precision": "exact", "polygon": [[[38.32086, -122.39766], [38.31866, -122.45066], [38.31466, -122.45037], [38.30324, -122.46208], [38.29696, -122.45637], [38.28411, -122.45037], [38.27697, -122.44866], [38.2704, -122.45522], [38.26184, -122.45522], [38.25441, -122.45751], [38.24813, -122.45437], [38.25242, -122.44494], [38.25423, -122.43621], [38.25709, -122.43145], [38.2609, -122.42217], [38.26637, -122.41551], [38.27018, -122.41384], [38.27708, -122.41503], [38.28731, -122.41646], [38.29254, -122.41884], [38.29992, -122.4167], [38.30301, -122.41003], [38.3042, -122.40099], [38.30682, -122.39695], [38.31182, -122.39742], [38.31681, -122.39861], [38.32086, -122.39766]]], "type": "rancho", "layer": "micheltorena", "summary": "Granted 1844 by Manuel Micheltorena to Damaso Antonio Rodriguez. Present-day Sonoma County.", "sources": [{"citation": "Boundary: NAHC/CNRA California Land Grants (PLSS reconstruction)", "url": null}], "notes": null, "tags": ["Sonoma"]}}, {"type": "Feature", "geometry": {"type": "Point", "coordinates": [-119.23632, 34.96555]}, "properties": {"id": "rancho-san-emigdio-396", "register_no": null, "name": "San Emigdio (Jose Antonio Dominguez)", "date": {"iso": "1842", "display": "1842", "confidence": "year"}, "coord_precision": "exact", "polygon": [[[34.98314, -119.27405], [34.96914, -119.30974], [34.95115, -119.30117], [34.95486, -119.29032], [34.95772, -119.2789], [34.95543, -119.26605], [34.95087, -119.25377], [34.94287, -119.23693], [34.93973, -119.20495], [34.94687, -119.1704], [34.96143, -119.14698], [34.97456, -119.1347], [34.98656, -119.18267], [34.99569, -119.18239], [34.99569, -119.27405], [34.98314, -119.27405]]], "type": "rancho", "layer": "alvarado", "summary": "Granted 1842 by Juan Alvarado to Jose Antonio Dominguez. Present-day Kern County.", "sources": [{"citation": "Boundary: NAHC/CNRA California Land Grants (PLSS reconstruction)", "url": null}], "notes": null, "tags": ["Kern"]}}, {"type": "Feature", "geometry": {"type": "Point", "coordinates": [-118.7989, 34.90982]}, "properties": {"id": "rancho-los-alamos-y-agua-caliente-397", "register_no": null, "name": "Los Alamos y Agua Caliente (Pedro Carrillo)", "date": {"iso": "1843", "display": "1843", "confidence": "year"}, "coord_precision": "exact", "polygon": [[[34.94882, -118.87482], [34.93858, -118.86126], [34.92621, -118.84912], [34.91431, -118.84293], [34.89789, -118.8427], [34.88481, -118.84365], [34.87005, -118.85079], [34.85887, -118.86387], [34.85292, -118.86911], [34.81271, -118.80938], [34.83222, -118.80819], [34.84269, -118.80129], [34.85221, -118.78892], [34.85816, -118.77821], [34.86315, -118.77464], [34.87981, -118.77369], [34.89076, -118.77417], [34.90123, -118.76965], [34.90884, -118.7637], [34.91788, -118.74918], [34.92692, -118.73134], [34.94596, -118.68694], [34.94905, -118.68146], [34.97142, -118.68146], [34.9995, -118.75999], [34.99417, -118.78297], [34.98941, -118.79844], [34.96776, -118.8308], [34.94943, -118.8496], [34.94882, -118.87482]]], "type": "rancho", "layer": "micheltorena", "summary": "Granted 1843 by Manuel Micheltorena to Pedro Carrillo. Present-day Kern County.", "sources": [{"citation": "Diseño (Bancroft Land Case Maps)", "url": "../gallery/disenos.html#dise-o-de-los-alamos-y-agua-caliente-calif-por-esteban-ardis--rec79329"}, {"citation": "Boundary: NAHC/CNRA California Land Grants (PLSS reconstruction)", "url": null}], "notes": null, "tags": ["Kern"]}}, {"type": "Feature", "geometry": {"type": "Point", "coordinates": [-121.21334, 37.06651]}, "properties": {"id": "rancho-san-luis-gonzaga-398", "register_no": null, "name": "San Luis Gonzaga (Jose Maria Mojia and Juan Perez Pacheco)", "date": {"iso": "1843", "display": "1843", "confidence": "year"}, "coord_precision": "exact", "polygon": [[[37.03177, -121.26711], [37.05271, -121.05106], [37.11743, -121.05153], [37.11743, -121.30613], [37.04795, -121.33707], [37.03177, -121.26711]]], "type": "rancho", "layer": "micheltorena", "summary": "Granted 1843 by Manuel Micheltorena to Jose Maria Mojia and Juan Perez Pacheco. Present-day Merced, Santa Clara County.", "sources": [{"citation": "Boundary: NAHC/CNRA California Land Grants (PLSS reconstruction)", "url": null}], "notes": null, "tags": ["Merced, Santa Clara"]}}, {"type": "Feature", "geometry": {"type": "Point", "coordinates": [-121.48272, 37.0095]}, "properties": {"id": "rancho-san-ysidro-ortega-399", "register_no": null, "name": "San Ysidro (Ortega) (Quintin and Maria Clara and Maria Isabel Ortega)", "date": {"iso": "1833", "display": "1833", "confidence": "year"}, "coord_precision": "exact", "polygon": [[[37.01873, -121.46137], [37.03586, -121.48012], [37.02682, -121.48488], [37.02492, -121.48678], [37.01921, -121.49249], [37.01778, -121.49487], [37.01159, -121.49725], [37.00731, -121.49392], [37.00255, -121.49392], [36.99541, -121.49297], [36.98923, -121.49059], [36.98399, -121.48279], [36.98066, -121.47803], [37.00969, -121.44947], [37.01873, -121.46137]]], "type": "rancho", "layer": "figueroa", "summary": "Granted 1833 by José Figueroa to Quintin and Maria Clara and Maria Isabel Ortega. Present-day Santa Clara County.", "sources": [{"citation": "Boundary: NAHC/CNRA California Land Grants (PLSS reconstruction)", "url": null}], "notes": null, "tags": ["Santa Clara"]}}, {"type": "Feature", "geometry": {"type": "Point", "coordinates": [-118.2354, 34.1563]}, "properties": {"id": "rancho-san-rafael", "register_no": "381 SD", "name": "San Rafael — José María Verdugo", "date": {"iso": "1784", "display": "1784", "confidence": "year"}, "coord_precision": "exact", "type": "rancho", "layer": "spanish", "summary": "Granted 1784 by Pedro Fages to José María Verdugo. Present-day Los Angeles County. Surveyed boundary from the U.S. General Land Office rancho surveys (ECAI/UCSD digitization).", "sources": [{"citation": "Boundary: ECAI/UCSD Spanish & Mexican Land Grants shapefile (GLO survey), reprojected from CA Albers (EPSG:3310)", "url": null}, {"citation": "Grant metadata: Wikipedia, List of ranchos of California", "url": null}], "notes": null, "tags": ["Los Angeles"], "polygon": [[[34.24319, -118.27644], [34.243, -118.27459], [34.23555, -118.27137], [34.23375, -118.27684], [34.22995, -118.26696], [34.22864, -118.26717], [34.22603, -118.26309], [34.22493, -118.26459], [34.22478, -118.26156], [34.22115, -118.25385], [34.21829, -118.25278], [34.21778, -118.25095], [34.21479, -118.24913], [34.21249, -118.25079], [34.21324, -118.24804], [34.21236, -118.24541], [34.21001, -118.24511], [34.18517, -118.17468], [34.1593, -118.17159], [34.15274, -118.16759], [34.13638, -118.16929], [34.12016, -118.16921], [34.11747, -118.1739], [34.11266, -118.17766], [34.11037, -118.17794], [34.10985, -118.18397], [34.10664, -118.18466], [34.10211, -118.19087], [34.09934, -118.20048], [34.09424, -118.2045], [34.09425, -118.20564], [34.08943, -118.20629], [34.08557, -118.21148], [34.08442, -118.2188], [34.07799, -118.22502], [34.08224, -118.22737], [34.08838, -118.22734], [34.09052, -118.22871], [34.09266, -118.23366], [34.10788, -118.21557], [34.12147, -118.23118], [34.10769, -118.2491], [34.1091, -118.25955], [34.11655, -118.26945], [34.13739, -118.27655], [34.14708, -118.27728], [34.15016, -118.2786], [34.15382, -118.2831], [34.15325, -118.30176], [34.22193, -118.33749], [34.24319, -118.27644]]]}}, {"type": "Feature", "geometry": {"type": "Point", "coordinates": [-118.14388, 34.15814]}, "properties": {"id": "rancho-san-pascual-garfias", "register_no": "116 SD, 173 SD", "name": "San Pascual (Garfias) — Juan Marine", "date": {"iso": "1834", "display": "1834", "confidence": "year"}, "coord_precision": "exact", "type": "rancho", "layer": "figueroa", "summary": "Granted 1834 by José Figueroa to Juan Marine. Present-day Los Angeles County. Surveyed boundary from the U.S. General Land Office rancho surveys (ECAI/UCSD digitization).", "sources": [{"citation": "Boundary: ECAI/UCSD Spanish & Mexican Land Grants shapefile (GLO survey), reprojected from CA Albers (EPSG:3310)", "url": null}, {"citation": "Grant metadata: Wikipedia, List of ranchos of California", "url": null}], "notes": null, "tags": ["Los Angeles"], "polygon": [[[34.20227, -118.13498], [34.20266, -118.12991], [34.19749, -118.12491], [34.19417, -118.12422], [34.1889, -118.10868], [34.18866, -118.10311], [34.18591, -118.10256], [34.18308, -118.09736], [34.12486, -118.12117], [34.12389, -118.12265], [34.1215, -118.12193], [34.12127, -118.12495], [34.11806, -118.12806], [34.11788, -118.13649], [34.10385, -118.15634], [34.10564, -118.1749], [34.11266, -118.17766], [34.11747, -118.1739], [34.12016, -118.16921], [34.13638, -118.16929], [34.15274, -118.16759], [34.1593, -118.17159], [34.16873, -118.17332], [34.18517, -118.17468], [34.19492, -118.17179], [34.19791, -118.16961], [34.20011, -118.16282], [34.20227, -118.13498]]]}}, {"type": "Feature", "geometry": {"type": "Point", "coordinates": [-118.32217, 34.15949]}, "properties": {"id": "rancho-providencia", "register_no": "30 SD", "name": "Providencia — Vicente de la Ossa", "date": {"iso": "1843", "display": "1843", "confidence": "year"}, "coord_precision": "exact", "type": "rancho", "layer": "micheltorena", "summary": "Granted 1843 by Manuel Micheltorena to Vicente de la Ossa. Present-day Los Angeles County. Surveyed boundary from the U.S. General Land Office rancho surveys (ECAI/UCSD digitization).", "sources": [{"citation": "Boundary: ECAI/UCSD Spanish & Mexican Land Grants shapefile (GLO survey), reprojected from CA Albers (EPSG:3310)", "url": null}, {"citation": "Grant metadata: Wikipedia, List of ranchos of California", "url": null}], "notes": null, "tags": ["Los Angeles"], "polygon": [[[34.18434, -118.31793], [34.15323, -118.30175], [34.15327, -118.30495], [34.13502, -118.31361], [34.13466, -118.34124], [34.17159, -118.35779], [34.18434, -118.31793]]]}}, {"type": "Feature", "geometry": {"type": "Point", "coordinates": [-118.49909, 34.17232]}, "properties": {"id": "rancho-encino", "register_no": null, "name": "El Encino", "date": {"iso": null, "display": "date to confirm", "confidence": "unknown"}, "coord_precision": "exact", "type": "rancho", "layer": "unattributed", "summary": "Surveyed boundary from the U.S. General Land Office rancho surveys (ECAI/UCSD digitization).", "sources": [{"citation": "Boundary: ECAI/UCSD Spanish & Mexican Land Grants shapefile (GLO survey), reprojected from CA Albers (EPSG:3310)", "url": null}], "notes": null, "tags": [], "polygon": [[[34.18766, -118.51748], [34.1875, -118.47133], [34.14935, -118.4713], [34.14945, -118.51785], [34.18766, -118.51748]]]}}, {"type": "Feature", "geometry": {"type": "Point", "coordinates": [-118.27894, 34.13026]}, "properties": {"id": "rancho-felis", "register_no": null, "name": "Los Felis", "date": {"iso": null, "display": "date to confirm", "confidence": "unknown"}, "coord_precision": "exact", "type": "rancho", "layer": "unattributed", "summary": "Surveyed boundary from the U.S. General Land Office rancho surveys (ECAI/UCSD digitization).", "sources": [{"citation": "Boundary: ECAI/UCSD Spanish & Mexican Land Grants shapefile (GLO survey), reprojected from CA Albers (EPSG:3310)", "url": null}], "notes": null, "tags": [], "polygon": [[[34.15325, -118.30176], [34.15382, -118.2831], [34.15258, -118.28069], [34.14708, -118.27728], [34.13739, -118.27655], [34.11655, -118.26945], [34.1091, -118.25955], [34.10865, -118.25153], [34.10496, -118.24221], [34.09426, -118.23946], [34.09411, -118.30818], [34.14543, -118.30868], [34.15327, -118.30495], [34.15325, -118.30176]]]}}, {"type": "Feature", "geometry": {"type": "Point", "coordinates": [-118.04451, 34.05012]}, "properties": {"id": "rancho-san-francisquito-dalton", "register_no": "22 SD", "name": "San Francisquito (Dalton) — Henry Dalton", "date": {"iso": "1845", "display": "1845", "confidence": "year"}, "coord_precision": "exact", "type": "rancho", "layer": "pico", "summary": "Granted 1845 by Pio Pico to Henry Dalton. Present-day Los Angeles County. Surveyed boundary from the U.S. General Land Office rancho surveys (ECAI/UCSD digitization).", "sources": [{"citation": "Boundary: ECAI/UCSD Spanish & Mexican Land Grants shapefile (GLO survey), reprojected from CA Albers (EPSG:3310)", "url": null}, {"citation": "Grant metadata: Wikipedia, List of ranchos of California", "url": null}], "notes": null, "tags": ["Los Angeles"], "polygon": [[[34.11961, -118.06711], [34.12378, -118.06714], [34.10784, -118.01746], [34.1192, -118.01089], [34.1073, -117.97952], [34.08539, -117.99429], [34.07175, -117.99999], [34.05439, -118.00226], [34.04877, -118.00833], [34.04062, -118.00668], [34.03761, -118.00983], [34.03727, -118.01208], [34.0397, -118.01268], [34.03633, -118.01854], [34.03581, -118.02649], [34.03801, -118.03556], [34.03667, -118.03699], [34.03404, -118.0368], [34.0343, -118.03796], [34.02703, -118.03968], [34.02888, -118.047], [34.02663, -118.05136], [34.02132, -118.05441], [34.01813, -118.06377], [34.01854, -118.07475], [34.01627, -118.07922], [34.01917, -118.08015], [34.02015, -118.08525], [34.01892, -118.08763], [34.01155, -118.09123], [34.04417, -118.12735], [34.03028, -118.07115], [34.02997, -118.06515], [34.03334, -118.06952], [34.03558, -118.0615], [34.03322, -118.05678], [34.03406, -118.05389], [34.06187, -118.01943], [34.0707, -118.03216], [34.07393, -118.04039], [34.073, -118.04738], [34.08041, -118.06687], [34.11961, -118.06711]]]}}, {"type": "Feature", "geometry": {"type": "Point", "coordinates": [-118.13429, 34.11137]}, "properties": {"id": "rancho-san-pascual-wilson", "register_no": "116 SD, 173 SD", "name": "San Pascual (Wilson) — Juan Marine", "date": {"iso": "1834", "display": "1834", "confidence": "year"}, "coord_precision": "exact", "type": "rancho", "layer": "figueroa", "summary": "Granted 1834 by José Figueroa to Juan Marine. Present-day Los Angeles County. Surveyed boundary from the U.S. General Land Office rancho surveys (ECAI/UCSD digitization).", "sources": [{"citation": "Boundary: ECAI/UCSD Spanish & Mexican Land Grants shapefile (GLO survey), reprojected from CA Albers (EPSG:3310)", "url": null}, {"citation": "Grant metadata: Wikipedia, List of ranchos of California", "url": null}], "notes": null, "tags": ["Los Angeles"], "polygon": [[[34.11772, -118.13248], [34.10667, -118.12083], [34.09845, -118.13583], [34.10977, -118.14766], [34.11788, -118.13649], [34.11772, -118.13248]]]}}, {"type": "Feature", "geometry": {"type": "Point", "coordinates": [-118.35334, 34.08762]}, "properties": {"id": "rancho-brea", "register_no": "287 SD", "name": "La Brea — Antonio Jose Rocha and Nemisio Dominguez", "date": {"iso": "1828", "display": "1828", "confidence": "year"}, "coord_precision": "exact", "type": "rancho", "layer": "echeandia", "summary": "Granted 1828 by José Antonio Carrillo to Antonio Jose Rocha and Nemisio Dominguez. Present-day Los Angeles County. Surveyed boundary from the U.S. General Land Office rancho surveys (ECAI/UCSD digitization).", "sources": [{"citation": "Boundary: ECAI/UCSD Spanish & Mexican Land Grants shapefile (GLO survey), reprojected from CA Albers (EPSG:3310)", "url": null}, {"citation": "Grant metadata: Wikipedia, List of ranchos of California", "url": null}], "notes": null, "tags": ["Los Angeles"], "polygon": [[[34.10473, -118.32583], [34.10209, -118.32157], [34.06084, -118.32263], [34.06148, -118.35535], [34.05656, -118.3579], [34.06321, -118.3712], [34.08573, -118.38505], [34.08598, -118.3826], [34.08932, -118.38264], [34.09046, -118.37811], [34.09687, -118.36705], [34.09719, -118.34309], [34.10414, -118.34542], [34.11092, -118.33587], [34.10473, -118.32583]]]}}, {"type": "Feature", "geometry": {"type": "Point", "coordinates": [-118.23708, 34.10365]}, "properties": {"id": "rancho-canada-nogales", "register_no": "23 SD", "name": "Canada De Los Nogales — Jose Maria Aguilar", "date": {"iso": "1844", "display": "1844", "confidence": "year"}, "coord_precision": "exact", "type": "rancho", "layer": "micheltorena", "summary": "Granted 1844 by Manuel Micheltorena to Jose Maria Aguilar. Present-day Los Angeles County. Surveyed boundary from the U.S. General Land Office rancho surveys (ECAI/UCSD digitization).", "sources": [{"citation": "Boundary: ECAI/UCSD Spanish & Mexican Land Grants shapefile (GLO survey), reprojected from CA Albers (EPSG:3310)", "url": null}, {"citation": "Grant metadata: Wikipedia, List of ranchos of California", "url": null}], "notes": null, "tags": ["Los Angeles"], "polygon": [[[34.10769, -118.2491], [34.12147, -118.23118], [34.10788, -118.21557], [34.09266, -118.23366], [34.09262, -118.23636], [34.09426, -118.23946], [34.10496, -118.24221], [34.10769, -118.2491]]]}}, {"type": "Feature", "geometry": {"type": "Point", "coordinates": [-118.227, 34.07865]}, "properties": {"id": "rancho-city-lands-angeles", "register_no": null, "name": "City Lands Of Los Angeles", "date": {"iso": null, "display": "date to confirm", "confidence": "unknown"}, "coord_precision": "exact", "type": "rancho", "layer": "unattributed", "summary": "Surveyed boundary from the U.S. General Land Office rancho surveys (ECAI/UCSD digitization).", "sources": [{"citation": "Boundary: ECAI/UCSD Spanish & Mexican Land Grants shapefile (GLO survey), reprojected from CA Albers (EPSG:3310)", "url": null}], "notes": null, "tags": [], "polygon": [[[34.09426, -118.23946], [34.09052, -118.22871], [34.08838, -118.22734], [34.0789, -118.22643], [34.07799, -118.22502], [34.08442, -118.2188], [34.08557, -118.21148], [34.08943, -118.20629], [34.09425, -118.20564], [34.09419, -118.19212], [34.01733, -118.1908], [34.01723, -118.28303], [34.09437, -118.28348], [34.09426, -118.23946]]]}}, {"type": "Feature", "geometry": {"type": "Point", "coordinates": [-118.39786, 34.07551]}, "properties": {"id": "rancho-san-antonio-rodeo-aguas", "register_no": "9 SD", "name": "San Antonio Or Rodeo De Las Aguas — Antonio María Lugo", "date": {"iso": "1810", "display": "1810", "confidence": "year"}, "coord_precision": "exact", "type": "rancho", "layer": "spanish", "summary": "Grantee: Antonio María Lugo. Present-day Los Angeles County. Surveyed boundary from the U.S. General Land Office rancho surveys (ECAI/UCSD digitization).", "sources": [{"citation": "Boundary: ECAI/UCSD Spanish & Mexican Land Grants shapefile (GLO survey), reprojected from CA Albers (EPSG:3310)", "url": null}, {"citation": "Grant metadata: Wikipedia, List of ranchos of California", "url": null}], "notes": null, "tags": ["Los Angeles"], "polygon": [[[34.08885, -118.39566], [34.08573, -118.38505], [34.06321, -118.3712], [34.05656, -118.3579], [34.04358, -118.36394], [34.05121, -118.40501], [34.0682, -118.41745], [34.07761, -118.41754], [34.07783, -118.42194], [34.08161, -118.42188], [34.08856, -118.41226], [34.0956, -118.40568], [34.08979, -118.39887], [34.08885, -118.39566]]]}}, {"type": "Feature", "geometry": {"type": "Point", "coordinates": [-118.33496, 34.04097]}, "properties": {"id": "rancho-cienegas", "register_no": "353 SD", "name": "Las Cienegas — Francisco Avila", "date": {"iso": "1823", "display": "1823", "confidence": "year"}, "coord_precision": "exact", "type": "rancho", "layer": "echeandia", "summary": "Granted 1823 by Luis Antonio Argüello to Francisco Avila. Present-day Los Angeles County. Surveyed boundary from the U.S. General Land Office rancho surveys (ECAI/UCSD digitization).", "sources": [{"citation": "Boundary: ECAI/UCSD Spanish & Mexican Land Grants shapefile (GLO survey), reprojected from CA Albers (EPSG:3310)", "url": null}, {"citation": "Grant metadata: Wikipedia, List of ranchos of California", "url": null}], "notes": null, "tags": ["Los Angeles"], "polygon": [[[34.06084, -118.32263], [34.0604, -118.31683], [34.03906, -118.31665], [34.03902, -118.31894], [34.01732, -118.31986], [34.02054, -118.33431], [34.02073, -118.37147], [34.02949, -118.37096], [34.06148, -118.35535], [34.06084, -118.32263]]]}}, {"type": "Feature", "geometry": {"type": "Point", "coordinates": [-118.3868, 34.0287]}, "properties": {"id": "rancho-rincon-bueyes", "register_no": "131 SD", "name": "Rincon De Los Bueyes — Bernardo Higuera and Cornelio Lopez", "date": {"iso": "1821", "display": "1821", "confidence": "year"}, "coord_precision": "exact", "type": "rancho", "layer": "spanish", "summary": "Granted 1821 by Pablo Vicente de Solá to Bernardo Higuera and Cornelio Lopez. Present-day Los Angeles County. Surveyed boundary from the U.S. General Land Office rancho surveys (ECAI/UCSD digitization).", "sources": [{"citation": "Boundary: ECAI/UCSD Spanish & Mexican Land Grants shapefile (GLO survey), reprojected from CA Albers (EPSG:3310)", "url": null}, {"citation": "Grant metadata: Wikipedia, List of ranchos of California", "url": null}], "notes": null, "tags": ["Los Angeles"], "polygon": [[[34.05121, -118.40501], [34.04358, -118.36394], [34.02949, -118.37096], [33.99795, -118.37159], [33.99941, -118.37326], [34.01609, -118.38051], [34.04068, -118.4241], [34.05121, -118.40501]]]}}, {"type": "Feature", "geometry": {"type": "Point", "coordinates": [-118.26117, 33.82761]}, "properties": {"id": "rancho-san-pedro-dominguez", "register_no": "273 SD", "name": "San Pedro (Dominguez) — Juan Jose Dominguez", "date": {"iso": "1784", "display": "1784", "confidence": "year"}, "coord_precision": "exact", "type": "rancho", "layer": "spanish", "summary": "Granted 1784 by Pedro Fages to Juan Jose Dominguez. Present-day Los Angeles County. Surveyed boundary from the U.S. General Land Office rancho surveys (ECAI/UCSD digitization).", "sources": [{"citation": "Boundary: ECAI/UCSD Spanish & Mexican Land Grants shapefile (GLO survey), reprojected from CA Albers (EPSG:3310)", "url": null}, {"citation": "Grant metadata: Wikipedia, List of ranchos of California", "url": null}], "notes": null, "tags": ["Los Angeles"], "polygon": [[[33.90116, -118.25364], [33.90152, -118.2458], [33.90735, -118.22389], [33.90301, -118.17917], [33.9004, -118.17478], [33.89758, -118.17403], [33.88714, -118.18219], [33.88443, -118.18983], [33.87999, -118.18485], [33.87761, -118.18742], [33.8753, -118.18719], [33.87102, -118.18356], [33.86887, -118.18582], [33.86412, -118.187], [33.85806, -118.19272], [33.85286, -118.2031], [33.85131, -118.20359], [33.85014, -118.20248], [33.84838, -118.19877], [33.84504, -118.20094], [33.84083, -118.19938], [33.83856, -118.19676], [33.83688, -118.19733], [33.82923, -118.20182], [33.82246, -118.21204], [33.81111, -118.22189], [33.8077, -118.22076], [33.80498, -118.22191], [33.80376, -118.22074], [33.79745, -118.22239], [33.7953, -118.2244], [33.79062, -118.2251], [33.78841, -118.22333], [33.78588, -118.22353], [33.78102, -118.21997], [33.77551, -118.22294], [33.7705, -118.22149], [33.7677, -118.22915], [33.76736, -118.23746], [33.76575, -118.23798], [33.76275, -118.24912], [33.76592, -118.25021], [33.76403, -118.24701], [33.76678, -118.24939], [33.76999, -118.2483], [33.77459, -118.24131], [33.77578, -118.24125], [33.77271, -118.24745], [33.76867, -118.24975], [33.77123, -118.25173], [33.76895, -118.25697], [33.7653, -118.25994], [33.76864, -118.26812], [33.76807, -118.27789], [33.80634, -118.28357], [33.81742, -118.31357], [33.82329, -118.34221], [33.82672, -118.39014], [33.84018, -118.39056], [33.84233, -118.39588], [33.84489, -118.39687], [33.84327, -118.39558], [33.84361, -118.39385], [33.84668, -118.39498], [33.84641, -118.3978], [33.84538, -118.39778], [33.84645, -118.39882], [33.8476, -118.39594], [33.84929, -118.39654], [33.84897, -118.39868], [33.8504, -118.39853], [33.85699, -118.37817], [33.87346, -118.3501], [33.90034, -118.26525], [33.90116, -118.25364]]]}}, {"type": "Feature", "geometry": {"type": "Point", "coordinates": [-116.89557, 33.29065]}, "properties": {"id": "rancho-cuca", "register_no": "251 SD", "name": "Cuca — Maria Juana de Los Angeles", "date": {"iso": "1845", "display": "1845", "confidence": "year"}, "coord_precision": "exact", "type": "rancho", "layer": "pico", "summary": "Granted 1845 by Pio Pico to Maria Juana de Los Angeles. Present-day San Diego County. Surveyed boundary from the U.S. General Land Office rancho surveys (ECAI/UCSD digitization).", "sources": [{"citation": "Boundary: ECAI/UCSD Spanish & Mexican Land Grants shapefile (GLO survey), reprojected from CA Albers (EPSG:3310)", "url": null}, {"citation": "Grant metadata: Wikipedia, List of ranchos of California", "url": null}], "notes": null, "tags": ["San Diego"], "polygon": [[[33.2984, -116.90764], [33.30058, -116.90735], [33.30439, -116.9043], [33.29584, -116.89445], [33.29037, -116.87983], [33.28457, -116.87198], [33.27073, -116.87524], [33.27257, -116.9117], [33.2984, -116.90764]]]}}, {"type": "Feature", "geometry": {"type": "Point", "coordinates": [-116.88649, 33.19647]}, "properties": {"id": "rancho-guejito", "register_no": "84 SD", "name": "Guejito — Jose Maria Orozco", "date": {"iso": "1845", "display": "1845", "confidence": "year"}, "coord_precision": "exact", "type": "rancho", "layer": "pico", "summary": "Granted 1845 by Pio Pico to Jose Maria Orozco. Present-day San Diego County. Surveyed boundary from the U.S. General Land Office rancho surveys (ECAI/UCSD digitization).", "sources": [{"citation": "Boundary: ECAI/UCSD Spanish & Mexican Land Grants shapefile (GLO survey), reprojected from CA Albers (EPSG:3310)", "url": null}, {"citation": "Grant metadata: Wikipedia, List of ranchos of California", "url": null}], "notes": null, "tags": ["San Diego"], "polygon": [[[33.24286, -116.85802], [33.23837, -116.84601], [33.23315, -116.84718], [33.22228, -116.84331], [33.20592, -116.85322], [33.20049, -116.86668], [33.19294, -116.87263], [33.17929, -116.87847], [33.17594, -116.87834], [33.17251, -116.8866], [33.14239, -116.92641], [33.13517, -116.94389], [33.14771, -116.94386], [33.15673, -116.95106], [33.15817, -116.9506], [33.24386, -116.88626], [33.24578, -116.86621], [33.24286, -116.85802]]]}}, {"type": "Feature", "geometry": {"type": "Point", "coordinates": [-116.6829, 33.21762]}, "properties": {"id": "rancho-valle-san-jose-portilla", "register_no": "144 SD", "name": "Valle De San Jose (Portilla) — Silvestre de la Portilla", "date": {"iso": "1836", "display": "1836", "confidence": "year"}, "coord_precision": "exact", "type": "rancho", "layer": "interim", "summary": "Granted 1836 by Nicolas Gutierrez to Silvestre de la Portilla. Present-day San Diego County. Surveyed boundary from the U.S. General Land Office rancho surveys (ECAI/UCSD digitization).", "sources": [{"citation": "Boundary: ECAI/UCSD Spanish & Mexican Land Grants shapefile (GLO survey), reprojected from CA Albers (EPSG:3310)", "url": null}, {"citation": "Grant metadata: Wikipedia, List of ranchos of California", "url": null}], "notes": null, "tags": ["San Diego"], "polygon": [[[33.23932, -116.76349], [33.24094, -116.76197], [33.24594, -116.76186], [33.24723, -116.75549], [33.25376, -116.75311], [33.25343, -116.71848], [33.23225, -116.61428], [33.22498, -116.61428], [33.22314, -116.56171], [33.20881, -116.56189], [33.21078, -116.60028], [33.2024, -116.60753], [33.19882, -116.61259], [33.19655, -116.62498], [33.18699, -116.63098], [33.18506, -116.63767], [33.19022, -116.64716], [33.20301, -116.65864], [33.2194, -116.68186], [33.21246, -116.69692], [33.1945, -116.7109], [33.19485, -116.71306], [33.19944, -116.71798], [33.20996, -116.73609], [33.22816, -116.76286], [33.23398, -116.76868], [33.23932, -116.76349]]]}}, {"type": "Feature", "geometry": {"type": "Point", "coordinates": [-116.88327, 33.05375]}, "properties": {"id": "rancho-valle-paro-santa-maria", "register_no": null, "name": "Valle De Paro Or Santa Maria", "date": {"iso": null, "display": "date to confirm", "confidence": "unknown"}, "coord_precision": "exact", "type": "rancho", "layer": "unattributed", "summary": "Surveyed boundary from the U.S. General Land Office rancho surveys (ECAI/UCSD digitization).", "sources": [{"citation": "Boundary: ECAI/UCSD Spanish & Mexican Land Grants shapefile (GLO survey), reprojected from CA Albers (EPSG:3310)", "url": null}], "notes": null, "tags": [], "polygon": [[[33.07867, -116.83173], [33.06796, -116.83782], [33.00443, -116.83567], [33.00447, -116.93547], [33.02029, -116.93528], [33.02084, -116.95662], [33.04965, -116.95638], [33.0494, -116.92674], [33.05259, -116.91444], [33.07816, -116.87927], [33.07831, -116.85011], [33.08438, -116.84629], [33.08473, -116.82825], [33.07867, -116.83173]]]}}, {"type": "Feature", "geometry": {"type": "Point", "coordinates": [-116.55371, 32.96106]}, "properties": {"id": "rancho-cuyamaca", "register_no": "124 SD", "name": "Cuyamaca — Agustin Olvera", "date": {"iso": "1845", "display": "1845", "confidence": "year"}, "coord_precision": "exact", "type": "rancho", "layer": "pico", "summary": "Granted 1845 by Pio Pico to Agustin Olvera. Present-day San Diego County. Surveyed boundary from the U.S. General Land Office rancho surveys (ECAI/UCSD digitization).", "sources": [{"citation": "Boundary: ECAI/UCSD Spanish & Mexican Land Grants shapefile (GLO survey), reprojected from CA Albers (EPSG:3310)", "url": null}, {"citation": "Grant metadata: Wikipedia, List of ranchos of California", "url": null}], "notes": null, "tags": ["San Diego"], "polygon": [[[33.01948, -116.54287], [33.01417, -116.54183], [32.96057, -116.51369], [32.93244, -116.50699], [32.89997, -116.51543], [32.89986, -116.53256], [32.84321, -116.58198], [32.84326, -116.61505], [32.99944, -116.60832], [33.01964, -116.60041], [33.0193, -116.5527], [33.02292, -116.54359], [33.01948, -116.54287]]]}}, {"type": "Feature", "geometry": {"type": "Point", "coordinates": [-116.82706, 32.98532]}, "properties": {"id": "rancho-canada-san-vicente-mesa-padre-barona", "register_no": "162 SD", "name": "Canada De San Vicente Y Mesa Del Padre Barona — Juan Bautisa Lopez", "date": {"iso": "1846", "display": "1846", "confidence": "year"}, "coord_precision": "exact", "type": "rancho", "layer": "pico", "summary": "Granted 1846 by Pio Pico to Juan Bautisa Lopez. Present-day San Diego County. Surveyed boundary from the U.S. General Land Office rancho surveys (ECAI/UCSD digitization).", "sources": [{"citation": "Boundary: ECAI/UCSD Spanish & Mexican Land Grants shapefile (GLO survey), reprojected from CA Albers (EPSG:3310)", "url": null}, {"citation": "Grant metadata: Wikipedia, List of ranchos of California", "url": null}], "notes": null, "tags": ["San Diego"], "polygon": [[[33.02722, -116.80566], [33.02738, -116.79427], [33.00889, -116.80532], [33.0044, -116.8129], [33.00267, -116.80569], [33.01185, -116.79689], [33.01129, -116.78184], [33.00499, -116.77448], [33.0005, -116.7552], [32.99769, -116.7559], [32.99598, -116.7667], [32.98368, -116.78958], [32.99121, -116.79733], [32.98889, -116.80212], [32.99372, -116.81492], [32.9814, -116.81702], [32.9749, -116.81064], [32.97343, -116.82284], [32.96237, -116.82287], [32.94009, -116.83841], [32.93117, -116.83149], [32.93264, -116.84507], [32.93475, -116.85216], [32.9258, -116.8665], [32.92337, -116.87266], [32.93427, -116.88034], [32.94362, -116.87625], [32.94679, -116.87919], [32.95361, -116.87368], [32.97023, -116.89087], [32.97438, -116.89087], [32.9927, -116.88555], [33.00107, -116.86572], [32.99779, -116.85719], [33.00097, -116.84069], [32.99896, -116.83521], [33.00163, -116.82788], [33.00491, -116.82491], [33.01382, -116.82732], [33.01799, -116.82337], [33.03121, -116.82325], [33.02742, -116.81733], [33.02722, -116.80566]]]}}, {"type": "Feature", "geometry": {"type": "Point", "coordinates": [-116.95239, 32.73247]}, "properties": {"id": "rancho-jamacho", "register_no": null, "name": "Jamacho", "date": {"iso": null, "display": "date to confirm", "confidence": "unknown"}, "coord_precision": "exact", "type": "rancho", "layer": "unattributed", "summary": "Surveyed boundary from the U.S. General Land Office rancho surveys (ECAI/UCSD digitization).", "sources": [{"citation": "Boundary: ECAI/UCSD Spanish & Mexican Land Grants shapefile (GLO survey), reprojected from CA Albers (EPSG:3310)", "url": null}], "notes": null, "tags": [], "polygon": [[[32.75674, -116.89255], [32.75539, -116.89253], [32.7541, -116.89531], [32.72282, -116.92701], [32.7133, -116.9534], [32.70099, -116.96295], [32.68224, -117.00067], [32.71331, -117.01292], [32.7131, -116.99628], [32.72807, -116.99625], [32.72813, -116.97893], [32.73532, -116.97885], [32.73524, -116.96137], [32.74981, -116.96105], [32.74972, -116.94408], [32.75704, -116.94401], [32.75674, -116.89255]]]}}, {"type": "Feature", "geometry": {"type": "Point", "coordinates": [-116.83878, 32.66449]}, "properties": {"id": "rancho-jamul", "register_no": "367 SD", "name": "Jamul — Pío Pico", "date": {"iso": "1831", "display": "1831", "confidence": "year"}, "coord_precision": "exact", "type": "rancho", "layer": "echeandia", "summary": "Granted 1831 by Manuel Victoria to Pío Pico. Present-day San Diego County. Surveyed boundary from the U.S. General Land Office rancho surveys (ECAI/UCSD digitization).", "sources": [{"citation": "Boundary: ECAI/UCSD Spanish & Mexican Land Grants shapefile (GLO survey), reprojected from CA Albers (EPSG:3310)", "url": null}, {"citation": "Grant metadata: Wikipedia, List of ranchos of California", "url": null}], "notes": null, "tags": ["San Diego"], "polygon": [[[32.70165, -116.85545], [32.69618, -116.85564], [32.69595, -116.82131], [32.68497, -116.82115], [32.66309, -116.7947], [32.65586, -116.79484], [32.65601, -116.7776], [32.64116, -116.77843], [32.64154, -116.80385], [32.65791, -116.8167], [32.65802, -116.83203], [32.64294, -116.84899], [32.64996, -116.85672], [32.63801, -116.87353], [32.63569, -116.88339], [32.63957, -116.88954], [32.64547, -116.87387], [32.68206, -116.86968], [32.70201, -116.87274], [32.70165, -116.85545]]]}}, {"type": "Feature", "geometry": {"type": "Point", "coordinates": [-116.93453, 32.63697]}, "properties": {"id": "rancho-otay-dominguez", "register_no": "66 SD", "name": "Otay (Dominguez) — Magdelena Estudillo", "date": {"iso": "1829", "display": "1829", "confidence": "year"}, "coord_precision": "exact", "type": "rancho", "layer": "echeandia", "summary": "Granted 1829 by José María de Echeandía to Magdelena Estudillo. Present-day San Diego County. Surveyed boundary from the U.S. General Land Office rancho surveys (ECAI/UCSD digitization).", "sources": [{"citation": "Boundary: ECAI/UCSD Spanish & Mexican Land Grants shapefile (GLO survey), reprojected from CA Albers (EPSG:3310)", "url": null}, {"citation": "Grant metadata: Wikipedia, List of ranchos of California", "url": null}], "notes": null, "tags": ["San Diego"], "polygon": [[[32.65441, -116.92701], [32.65416, -116.9115], [32.61007, -116.91125], [32.61016, -116.93343], [32.63155, -116.94224], [32.62603, -116.96204], [32.65495, -116.96178], [32.65441, -116.92701]]]}}, {"type": "Feature", "geometry": {"type": "Point", "coordinates": [-116.96765, 32.61142]}, "properties": {"id": "rancho-otay-estudillo", "register_no": "66 SD", "name": "Otay (Estudillo) — Magdelena Estudillo", "date": {"iso": "1829", "display": "1829", "confidence": "year"}, "coord_precision": "exact", "type": "rancho", "layer": "echeandia", "summary": "Granted 1829 by José María de Echeandía to Magdelena Estudillo. Present-day San Diego County. Surveyed boundary from the U.S. General Land Office rancho surveys (ECAI/UCSD digitization).", "sources": [{"citation": "Boundary: ECAI/UCSD Spanish & Mexican Land Grants shapefile (GLO survey), reprojected from CA Albers (EPSG:3310)", "url": null}, {"citation": "Grant metadata: Wikipedia, List of ranchos of California", "url": null}], "notes": null, "tags": ["San Diego"], "polygon": [[[32.62603, -116.96204], [32.63155, -116.94224], [32.59699, -116.92803], [32.57637, -116.99846], [32.61154, -117.01306], [32.62603, -116.96204]]]}}, {"type": "Feature", "geometry": {"type": "Point", "coordinates": [-122.13727, 40.12204]}, "properties": {"id": "rancho-primer-canon", "register_no": "12 ND", "name": "El Primer Canon — Job Francis Dye", "date": {"iso": "1844", "display": "1844", "confidence": "year"}, "coord_precision": "exact", "type": "rancho", "layer": "micheltorena", "summary": "Granted 1844 by Manuel Micheltorena to Job Francis Dye. Present-day Tehama County. Surveyed boundary from the U.S. General Land Office rancho surveys (ECAI/UCSD digitization).", "sources": [{"citation": "Boundary: ECAI/UCSD Spanish & Mexican Land Grants shapefile (GLO survey), reprojected from CA Albers (EPSG:3310)", "url": null}, {"citation": "Grant metadata: Wikipedia, List of ranchos of California", "url": null}], "notes": null, "tags": ["Tehama"], "polygon": [[[40.21539, -122.12332], [40.1286, -122.02794], [40.07149, -122.11404], [40.07495, -122.11687], [40.0767, -122.11617], [40.0778, -122.11836], [40.0863, -122.11124], [40.08936, -122.11111], [40.09227, -122.11315], [40.09389, -122.11455], [40.09431, -122.11827], [40.08986, -122.12343], [40.0898, -122.12737], [40.09225, -122.12982], [40.09957, -122.1299], [40.1025, -122.13434], [40.10823, -122.1384], [40.11128, -122.14363], [40.11296, -122.14399], [40.11522, -122.14223], [40.12031, -122.13474], [40.12422, -122.13619], [40.12678, -122.13965], [40.13441, -122.14063], [40.13715, -122.14276], [40.14454, -122.15495], [40.14355, -122.16571], [40.15018, -122.18089], [40.14967, -122.19422], [40.15138, -122.20514], [40.15561, -122.2127], [40.15783, -122.2131], [40.21574, -122.12506], [40.21539, -122.12332]]]}}, {"type": "Feature", "geometry": {"type": "Point", "coordinates": [-122.23617, 40.12444]}, "properties": {"id": "rancho-barranca-colorada", "register_no": null, "name": "La Barranca Colorada", "date": {"iso": null, "display": "date to confirm", "confidence": "unknown"}, "coord_precision": "exact", "type": "rancho", "layer": "unattributed", "summary": "Surveyed boundary from the U.S. General Land Office rancho surveys (ECAI/UCSD digitization).", "sources": [{"citation": "Boundary: ECAI/UCSD Spanish & Mexican Land Grants shapefile (GLO survey), reprojected from CA Albers (EPSG:3310)", "url": null}], "notes": null, "tags": [], "polygon": [[[40.1418, -122.23689], [40.14145, -122.22842], [40.13868, -122.22762], [40.13784, -122.22596], [40.13764, -122.21465], [40.13996, -122.21305], [40.14097, -122.20734], [40.14708, -122.20605], [40.15022, -122.20778], [40.15223, -122.20703], [40.14967, -122.19422], [40.15018, -122.18089], [40.14379, -122.16736], [40.14454, -122.15495], [40.13807, -122.14405], [40.13441, -122.14063], [40.12758, -122.14002], [40.12422, -122.13619], [40.12031, -122.13474], [40.11522, -122.14223], [40.11235, -122.14402], [40.10983, -122.14227], [40.10646, -122.13698], [40.07805, -122.26672], [40.08346, -122.26664], [40.08357, -122.27594], [40.0908, -122.2758], [40.09119, -122.30404], [40.09835, -122.30376], [40.09848, -122.31326], [40.10573, -122.31308], [40.10585, -122.32262], [40.11605, -122.32241], [40.11773, -122.31976], [40.11767, -122.31496], [40.1209, -122.31239], [40.1191, -122.30815], [40.12188, -122.29728], [40.12024, -122.28991], [40.12357, -122.28223], [40.12017, -122.27711], [40.12025, -122.27513], [40.12411, -122.27232], [40.12482, -122.26687], [40.13149, -122.25487], [40.13058, -122.25178], [40.12831, -122.24998], [40.12906, -122.24686], [40.13331, -122.24178], [40.13662, -122.24248], [40.13671, -122.23992], [40.1411, -122.23858], [40.1418, -122.23689]]]}}, {"type": "Feature", "geometry": {"type": "Point", "coordinates": [-122.02976, 39.4465]}, "properties": {"id": "rancho-larkin-childrens", "register_no": null, "name": "Larkin Childrens Rancho", "date": {"iso": null, "display": "date to confirm", "confidence": "unknown"}, "coord_precision": "exact", "type": "rancho", "layer": "unattributed", "summary": "Surveyed boundary from the U.S. General Land Office rancho surveys (ECAI/UCSD digitization).", "sources": [{"citation": "Boundary: ECAI/UCSD Spanish & Mexican Land Grants shapefile (GLO survey), reprojected from CA Albers (EPSG:3310)", "url": null}], "notes": null, "tags": [], "polygon": [[[39.52226, -122.11335], [39.5212, -122.00656], [39.51804, -122.00688], [39.51457, -122.00501], [39.50564, -121.99449], [39.49995, -121.99458], [39.49378, -122.001], [39.49032, -122.00001], [39.42711, -122.0], [39.42352, -122.00224], [39.42242, -122.00936], [39.40756, -122.00709], [39.39704, -122.00256], [39.39392, -122.00253], [39.38865, -122.00796], [39.38538, -122.00743], [39.37733, -122.01041], [39.37091, -122.00879], [39.36425, -122.01255], [39.36141, -122.01232], [39.36239, -122.09685], [39.48503, -122.09724], [39.4853, -122.11549], [39.52226, -122.11585], [39.52226, -122.11335]]]}}, {"type": "Feature", "geometry": {"type": "Point", "coordinates": [-121.89005, 39.05334]}, "properties": {"id": "rancho-cachil-dehe-rancheria", "register_no": null, "name": "Cachil Dehe Rancheria", "date": {"iso": null, "display": "date to confirm", "confidence": "unknown"}, "coord_precision": "exact", "type": "rancho", "layer": "unattributed", "summary": "Surveyed boundary from the U.S. General Land Office rancho surveys (ECAI/UCSD digitization).", "sources": [{"citation": "Boundary: ECAI/UCSD Spanish & Mexican Land Grants shapefile (GLO survey), reprojected from CA Albers (EPSG:3310)", "url": null}], "notes": null, "tags": [], "polygon": [[[39.36239, -122.09685], [39.36141, -122.01232], [39.35111, -122.01351], [39.34854, -122.01761], [39.34808, -122.02603], [39.33656, -122.03007], [39.33127, -122.02802], [39.32839, -122.02274], [39.32611, -122.022], [39.32227, -122.025], [39.31959, -122.02497], [39.31745, -122.01915], [39.31545, -122.01724], [39.31355, -122.0174], [39.30851, -122.02179], [39.30767, -122.02815], [39.3018, -122.02882], [39.29743, -122.02619], [39.29679, -122.01484], [39.29268, -122.01356], [39.28462, -122.01398], [39.27071, -122.02026], [39.26618, -122.02003], [39.26406, -122.01521], [39.27084, -122.00598], [39.26804, -122.00002], [39.26076, -122.00002], [39.256, -122.00499], [39.25209, -122.00624], [39.24728, -122.00003], [39.24056, -122.00003], [39.23672, -122.00226], [39.23339, -122.00003], [39.22962, -122.00003], [39.22666, -122.0056], [39.22068, -122.00551], [39.21872, -122.01148], [39.21723, -122.01244], [39.21569, -122.00966], [39.21489, -122.00281], [39.21296, -122.00003], [39.21185, -121.99207], [39.2079, -121.98733], [39.20614, -121.98292], [39.20438, -121.98214], [39.19547, -121.98732], [39.1924, -121.98682], [39.18972, -121.98441], [39.18567, -121.97625], [39.18598, -121.96237], [39.19566, -121.94681], [39.19217, -121.93516], [39.18856, -121.93315], [39.18541, -121.94048], [39.17887, -121.94451], [39.17272, -121.93809], [39.15953, -121.93278], [39.15217, -121.91935], [39.14889, -121.91665], [39.14544, -121.91607], [39.14122, -121.9178], [39.13995, -121.92], [39.14241, -121.9371], [39.13957, -121.93865], [39.13181, -121.93701], [39.12864, -121.9329], [39.12696, -121.92398], [39.12056, -121.91997], [39.12259, -121.91173], [39.12156, -121.90966], [39.1171, -121.90895], [39.11277, -121.91186], [39.11156, -121.9095], [39.11378, -121.9042], [39.10713, -121.90201], [39.10185, -121.90464], [39.09865, -121.89877], [39.09546, -121.897], [39.09422, -121.89298], [39.09103, -121.89249], [39.08594, -121.89454], [39.08031, -121.88839], [39.07946, -121.89249], [39.07773, -121.8936], [39.07173, -121.88892], [39.06936, -121.88306], [39.0688, -121.87533], [39.06549, -121.86894], [39.06655, -121.86008], [39.07009, -121.84868], [39.06253, -121.83777], [39.05054, -121.84034], [39.0454, -121.83887], [39.0399, -121.83468], [39.03647, -121.82895], [39.03083, -121.82988], [39.03021, -121.82401], [39.02764, -121.82188], [39.01859, -121.82004], [39.01022, -121.82577], [39.00481, -121.81866], [39.00466, -121.81244], [39.0022, -121.80539], [38.994, -121.79387], [38.99145, -121.79519], [38.98814, -121.80001], [38.98644, -121.81895], [38.97317, -121.82019], [38.96988, -121.83048], [38.96767, -121.83291], [38.96404, -121.83366], [38.95806, -121.83152], [38.953, -121.83938], [38.94932, -121.83638], [38.94151, -121.83493], [38.93833, -121.82994], [38.93658, -121.82922], [38.92487, -121.83666], [38.91726, -121.82742], [38.91659, -121.81849], [38.91412, -121.81306], [38.91419, -121.80521], [38.91308, -121.80293], [38.90975, -121.80316], [38.90836, -121.80552], [38.90983, -121.81394], [38.90663, -121.81071], [38.9041, -121.79778], [38.9052, -121.79119], [38.90325, -121.78968], [38.90033, -121.79033], [38.89896, -121.7931], [38.89965, -121.8022], [38.89529, -121.80173], [38.89003, -121.80431], [38.88626, -121.80084], [38.88627, -121.80751], [38.88365, -121.81473], [38.88113, -121.81607], [38.8757, -121.81372], [38.87234, -121.81058], [38.86894, -121.80191], [38.86421, -121.80183], [38.86294, -121.80054], [38.86576, -121.79471], [38.86166, -121.79131], [38.86307, -121.78649], [38.85994, -121.78307], [38.85495, -121.78279], [38.86021, -121.77503], [38.86042, -121.76891], [38.86263, -121.76192], [38.86115, -121.75696], [38.86502, -121.75862], [38.86741, -121.75804], [38.86978, -121.74715], [38.86231, -121.74323], [38.85712, -121.72796], [38.85175, -121.72694], [38.85085, -121.7229], [38.84959, -121.72234], [38.84641, -121.72682], [38.84366, -121.72775], [38.83965, -121.72506], [38.83739, -121.72925], [38.83354, -121.7297], [38.8251, -121.72295], [38.80201, -121.72225], [38.80012, -121.72661], [38.803, -121.73245], [38.80457, -121.73308], [38.80622, -121.73947], [38.80828, -121.73842], [38.80858, -121.73986], [38.81414, -121.74246], [38.81691, -121.74552], [38.82048, -121.74544], [38.82126, -121.75064], [38.82926, -121.75563], [38.83073, -121.75546], [38.83209, -121.75769], [38.83314, -121.75661], [38.83481, -121.75885], [38.84001, -121.7534], [38.83937, -121.75605], [38.84184, -121.76732], [38.8412, -121.77044], [38.83796, -121.77395], [38.83872, -121.77848], [38.84428, -121.7822], [38.84753, -121.79151], [38.85139, -121.7934], [38.84392, -121.80233], [38.86227, -121.82544], [38.86233, -121.83811], [38.86832, -121.83823], [38.86838, -121.84256], [38.88989, -121.84209], [38.89, -121.83816], [38.8938, -121.83807], [38.89376, -121.83337], [38.90063, -121.83337], [38.90096, -121.84213], [38.90445, -121.84209], [38.90449, -121.85164], [38.90842, -121.85181], [38.90854, -121.86113], [38.92337, -121.86091], [38.9234, -121.86572], [38.96727, -121.86582], [38.96716, -121.86098], [38.97412, -121.86098], [38.97416, -121.85633], [38.98166, -121.85628], [38.98161, -121.85163], [38.98882, -121.8518], [38.98878, -121.84614], [38.99592, -121.84647], [38.99611, -121.85159], [39.00327, -121.85143], [39.00346, -121.85644], [39.01788, -121.85611], [39.01813, -121.86077], [39.02523, -121.86059], [39.02532, -121.86555], [39.03253, -121.86549], [39.03233, -121.86977], [39.03998, -121.86993], [39.04013, -121.87499], [39.0437, -121.87504], [39.04415, -121.91234], [39.06196, -121.91236], [39.06228, -121.92161], [39.06974, -121.92156], [39.06956, -121.9262], [39.084, -121.92609], [39.08403, -121.93534], [39.09843, -121.93527], [39.09847, -121.93998], [39.10559, -121.93986], [39.10594, -121.95359], [39.11287, -121.95385], [39.11296, -121.96282], [39.12447, -121.96278], [39.12449, -121.9676], [39.14978, -121.96704], [39.14989, -121.96223], [39.15699, -121.96215], [39.15697, -121.96697], [39.1641, -121.96704], [39.16417, -121.97613], [39.16774, -121.97643], [39.16788, -121.99502], [39.17161, -121.99485], [39.17168, -122.00397], [39.17911, -122.00412], [39.17944, -122.01329], [39.18683, -122.01322], [39.18686, -122.01722], [39.19418, -122.01718], [39.19426, -122.02179], [39.19763, -122.02189], [39.198, -122.03113], [39.20148, -122.03125], [39.20161, -122.03587], [39.2523, -122.03614], [39.25232, -122.04064], [39.25946, -122.04078], [39.25957, -122.04522], [39.28863, -122.04536], [39.28867, -122.04992], [39.29229, -122.04999], [39.29242, -122.0547], [39.29601, -122.05474], [39.29605, -122.05884], [39.3304, -122.05888], [39.33076, -122.1152], [39.3624, -122.11566], [39.36239, -122.09685]]]}}, {"type": "Feature", "geometry": {"type": "Point", "coordinates": [-122.91941, 38.78972]}, "properties": {"id": "rancho-caslamayomi", "register_no": "186 ND", "name": "Caslamayomi — Eugenio Montenegro", "date": {"iso": "1844", "display": "1844", "confidence": "year"}, "coord_precision": "exact", "type": "rancho", "layer": "micheltorena", "summary": "Granted 1844 by Manuel Micheltorena to Eugenio Montenegro. Present-day Sonoma County. Surveyed boundary from the U.S. General Land Office rancho surveys (ECAI/UCSD digitization).", "sources": [{"citation": "Boundary: ECAI/UCSD Spanish & Mexican Land Grants shapefile (GLO survey), reprojected from CA Albers (EPSG:3310)", "url": null}, {"citation": "Grant metadata: Wikipedia, List of ranchos of California", "url": null}], "notes": null, "tags": ["Sonoma"], "polygon": [[[38.8266, -122.99208], [38.82662, -122.9905], [38.82106, -122.98539], [38.81784, -122.98418], [38.81688, -122.97956], [38.81316, -122.97467], [38.8133, -122.96967], [38.81487, -122.96654], [38.81406, -122.95827], [38.81512, -122.95775], [38.81449, -122.95617], [38.81765, -122.94717], [38.81503, -122.94114], [38.81232, -122.93992], [38.81268, -122.93688], [38.80987, -122.93272], [38.8079, -122.92602], [38.81121, -122.92491], [38.81197, -122.92177], [38.81661, -122.91911], [38.82138, -122.92006], [38.8238, -122.91872], [38.82523, -122.91638], [38.82392, -122.91409], [38.82857, -122.90595], [38.82788, -122.89937], [38.82372, -122.8903], [38.82191, -122.88261], [38.82286, -122.87747], [38.82036, -122.87467], [38.82031, -122.87252], [38.68279, -122.80476], [38.69273, -122.8175], [38.69396, -122.82154], [38.70238, -122.83423], [38.69053, -122.84154], [38.69201, -122.84988], [38.69808, -122.85503], [38.71082, -122.87456], [38.72651, -122.86192], [38.74809, -122.91712], [38.74172, -122.92571], [38.75909, -122.94652], [38.77855, -122.98193], [38.81425, -122.992], [38.8266, -122.99208]]]}}, {"type": "Feature", "geometry": {"type": "Point", "coordinates": [-121.9222, 38.69694]}, "properties": {"id": "rancho-guesisosi", "register_no": null, "name": "Guesisosi", "date": {"iso": null, "display": "date to confirm", "confidence": "unknown"}, "coord_precision": "exact", "type": "rancho", "layer": "unattributed", "summary": "Surveyed boundary from the U.S. General Land Office rancho surveys (ECAI/UCSD digitization).", "sources": [{"citation": "Boundary: ECAI/UCSD Spanish & Mexican Land Grants shapefile (GLO survey), reprojected from CA Albers (EPSG:3310)", "url": null}], "notes": null, "tags": [], "polygon": [[[38.71781, -121.95745], [38.70345, -121.86051], [38.66576, -121.86966], [38.67986, -121.96593], [38.71781, -121.95745]]]}}, {"type": "Feature", "geometry": {"type": "Point", "coordinates": [-122.71232, 38.65801]}, "properties": {"id": "rancho-mallacomes-moristul", "register_no": "150 ND, 161 ND, 375 ND", "name": "Mallacomes Or Moristul — José de los Santos Berreyesa", "date": {"iso": "1843", "display": "1843", "confidence": "year"}, "coord_precision": "exact", "type": "rancho", "layer": "micheltorena", "summary": "Granted 1843 by Manuel Micheltorena to José de los Santos Berreyesa. Present-day Napa County. Surveyed boundary from the U.S. General Land Office rancho surveys (ECAI/UCSD digitization).", "sources": [{"citation": "Boundary: ECAI/UCSD Spanish & Mexican Land Grants shapefile (GLO survey), reprojected from CA Albers (EPSG:3310)", "url": null}, {"citation": "Grant metadata: Wikipedia, List of ranchos of California", "url": null}], "notes": null, "tags": ["Napa"], "polygon": [[[38.66608, -122.70536], [38.65855, -122.69128], [38.63528, -122.69588], [38.63947, -122.73382], [38.66368, -122.72966], [38.6682, -122.72008], [38.66677, -122.71716], [38.66608, -122.70536]]]}}, {"type": "Feature", "geometry": {"type": "Point", "coordinates": [-122.68617, 38.62934]}, "properties": {"id": "rancho-mallacomes-moristul-plan-agua-caliente", "register_no": "153 ND, 325 ND,325 ND,325 ND,", "name": "Mallacomes Or Moristul Y Plan De Agua Caliente — Lazaro Pina", "date": {"iso": "1840", "display": "1840", "confidence": "year"}, "coord_precision": "exact", "type": "rancho", "layer": "alvarado", "summary": "Granted 1840 by Juan Alvarado to Lazaro Pina. Present-day Sonoma County. Surveyed boundary from the U.S. General Land Office rancho surveys (ECAI/UCSD digitization).", "sources": [{"citation": "Boundary: ECAI/UCSD Spanish & Mexican Land Grants shapefile (GLO survey), reprojected from CA Albers (EPSG:3310)", "url": null}, {"citation": "Grant metadata: Wikipedia, List of ranchos of California", "url": null}], "notes": null, "tags": ["Sonoma"], "polygon": [[[38.66116, -122.66811], [38.6448, -122.62813], [38.62562, -122.60445], [38.58718, -122.62668], [38.59201, -122.70368], [38.59727, -122.70614], [38.60604, -122.71555], [38.61844, -122.71987], [38.62506, -122.72767], [38.62558, -122.73181], [38.63947, -122.73382], [38.63528, -122.69588], [38.65855, -122.69128], [38.66252, -122.6714], [38.66116, -122.66811]]]}}, {"type": "Feature", "geometry": {"type": "Point", "coordinates": [-121.27346, 38.41145]}, "properties": {"id": "rancho-omochumnes", "register_no": "182 ND", "name": "Omochumnes — Jared Dixon Sheldon", "date": {"iso": "1844", "display": "1844", "confidence": "year"}, "coord_precision": "exact", "type": "rancho", "layer": "micheltorena", "summary": "Granted 1844 by Manuel Micheltorena to Jared Dixon Sheldon. Present-day Sacramento County. Surveyed boundary from the U.S. General Land Office rancho surveys (ECAI/UCSD digitization).", "sources": [{"citation": "Boundary: ECAI/UCSD Spanish & Mexican Land Grants shapefile (GLO survey), reprojected from CA Albers (EPSG:3310)", "url": null}, {"citation": "Grant metadata: Wikipedia, List of ranchos of California", "url": null}], "notes": null, "tags": ["Sacramento"], "polygon": [[[38.52391, -121.19601], [38.53328, -121.18551], [38.48999, -121.16213], [38.4884, -121.16675], [38.49046, -121.17008], [38.48712, -121.17424], [38.48346, -121.1854], [38.4852, -121.1897], [38.48344, -121.19336], [38.48122, -121.19583], [38.47773, -121.19547], [38.47509, -121.19844], [38.46173, -121.20265], [38.45739, -121.20791], [38.4464, -121.21235], [38.44501, -121.22077], [38.43924, -121.22859], [38.43899, -121.2351], [38.42998, -121.23664], [38.4241, -121.2444], [38.42394, -121.25244], [38.41509, -121.26638], [38.41629, -121.27756], [38.41524, -121.27892], [38.40507, -121.28389], [38.40344, -121.28998], [38.39704, -121.29495], [38.38434, -121.29825], [38.38063, -121.30537], [38.37771, -121.30811], [38.37238, -121.30951], [38.37053, -121.31184], [38.36672, -121.31315], [38.35801, -121.32334], [38.35648, -121.33068], [38.34564, -121.33282], [38.3382, -121.3447], [38.33772, -121.35006], [38.33891, -121.35027], [38.33882, -121.35196], [38.33499, -121.3518], [38.33504, -121.35593], [38.33147, -121.35607], [38.33129, -121.3657], [38.32056, -121.36542], [38.32029, -121.37045], [38.34925, -121.37019], [38.34929, -121.35167], [38.36579, -121.35117], [38.37383, -121.35971], [38.47557, -121.25004], [38.52391, -121.19601]]]}}, {"type": "Feature", "geometry": {"type": "Point", "coordinates": [-121.2056, 38.45426]}, "properties": {"id": "rancho-cosumnes", "register_no": "362 ND", "name": "Cosumnes — W.E.P. Hartnell", "date": {"iso": "1844", "display": "1844", "confidence": "year"}, "coord_precision": "exact", "type": "rancho", "layer": "micheltorena", "summary": "Granted 1844 by Manuel Micheltorena to W.E.P. Hartnell. Present-day Sacramento County. Surveyed boundary from the U.S. General Land Office rancho surveys (ECAI/UCSD digitization).", "sources": [{"citation": "Boundary: ECAI/UCSD Spanish & Mexican Land Grants shapefile (GLO survey), reprojected from CA Albers (EPSG:3310)", "url": null}, {"citation": "Grant metadata: Wikipedia, List of ranchos of California", "url": null}], "notes": null, "tags": ["Sacramento"], "polygon": [[[38.48999, -121.16213], [38.48888, -121.15893], [38.43635, -121.15862], [38.43621, -121.14949], [38.40716, -121.14902], [38.40735, -121.28218], [38.41309, -121.28025], [38.41629, -121.27756], [38.41509, -121.26638], [38.42394, -121.25244], [38.4241, -121.2444], [38.42998, -121.23664], [38.43899, -121.2351], [38.43924, -121.22859], [38.44501, -121.22077], [38.4464, -121.21235], [38.45739, -121.20791], [38.46173, -121.20265], [38.47509, -121.19844], [38.47773, -121.19547], [38.48122, -121.19583], [38.48344, -121.19336], [38.4852, -121.1897], [38.48346, -121.1854], [38.48712, -121.17424], [38.49046, -121.17008], [38.4884, -121.16675], [38.48999, -121.16213]]]}}, {"type": "Feature", "geometry": {"type": "Point", "coordinates": [-122.04742, 38.26858]}, "properties": {"id": "rancho-tolenas", "register_no": "162 ND", "name": "Tolenas — Jose Armijo", "date": {"iso": "1840", "display": "1840", "confidence": "year"}, "coord_precision": "exact", "type": "rancho", "layer": "alvarado", "summary": "Granted 1840 by Juan Alvarado to Jose Armijo. Present-day Solano County. Surveyed boundary from the U.S. General Land Office rancho surveys (ECAI/UCSD digitization).", "sources": [{"citation": "Boundary: ECAI/UCSD Spanish & Mexican Land Grants shapefile (GLO survey), reprojected from CA Albers (EPSG:3310)", "url": null}, {"citation": "Grant metadata: Wikipedia, List of ranchos of California", "url": null}], "notes": null, "tags": ["Solano"], "polygon": [[[38.3216, -122.08373], [38.32131, -122.02375], [38.31418, -122.02379], [38.31426, -121.9964], [38.27119, -121.99632], [38.27102, -121.98682], [38.24934, -121.98702], [38.2493, -121.97816], [38.2415, -121.97808], [38.24146, -121.97215], [38.22718, -121.9722], [38.22719, -121.97964], [38.22846, -121.98151], [38.22951, -121.98069], [38.23112, -121.98488], [38.22979, -121.98789], [38.2315, -121.99263], [38.22976, -121.99718], [38.23109, -122.00148], [38.23484, -122.00573], [38.23577, -122.00827], [38.23458, -122.00892], [38.23501, -122.01011], [38.23873, -122.00885], [38.23636, -122.01381], [38.23713, -122.01427], [38.23787, -122.01206], [38.23938, -122.01166], [38.23883, -122.01483], [38.23988, -122.01533], [38.23986, -122.01981], [38.24139, -122.02379], [38.27114, -122.02384], [38.27138, -122.04889], [38.29901, -122.04903], [38.30353, -122.07953], [38.30204, -122.09369], [38.30394, -122.11054], [38.29449, -122.10955], [38.28753, -122.11502], [38.27828, -122.12494], [38.27837, -122.12705], [38.28101, -122.12721], [38.2819, -122.12842], [38.28573, -122.12748], [38.28728, -122.12996], [38.28804, -122.12781], [38.29038, -122.12871], [38.29941, -122.12413], [38.30337, -122.12675], [38.30738, -122.12528], [38.31301, -122.12813], [38.31272, -122.13058], [38.31426, -122.12993], [38.31433, -122.08368], [38.3216, -122.08373]]]}}, {"type": "Feature", "geometry": {"type": "Point", "coordinates": [-122.44968, 38.27735]}, "properties": {"id": "rancho-pueblo-lands-sonoma", "register_no": null, "name": "Pueblo Lands Of Sonoma", "date": {"iso": null, "display": "date to confirm", "confidence": "unknown"}, "coord_precision": "exact", "type": "rancho", "layer": "unattributed", "summary": "Surveyed boundary from the U.S. General Land Office rancho surveys (ECAI/UCSD digitization).", "sources": [{"citation": "Boundary: ECAI/UCSD Spanish & Mexican Land Grants shapefile (GLO survey), reprojected from CA Albers (EPSG:3310)", "url": null}], "notes": null, "tags": [], "polygon": [[[38.3103, -122.47056], [38.30293, -122.44573], [38.29969, -122.42989], [38.29797, -122.43158], [38.29499, -122.42672], [38.29122, -122.43238], [38.28788, -122.43379], [38.28444, -122.43033], [38.28324, -122.43087], [38.27934, -122.42749], [38.27194, -122.42471], [38.27082, -122.42575], [38.26843, -122.42459], [38.2656, -122.42536], [38.26414, -122.42805], [38.2622, -122.42866], [38.25735, -122.42903], [38.25282, -122.42753], [38.24964, -122.4299], [38.24836, -122.42874], [38.24552, -122.42997], [38.23967, -122.44999], [38.24817, -122.45007], [38.25412, -122.46095], [38.25854, -122.46319], [38.26062, -122.46139], [38.26244, -122.46472], [38.26809, -122.46809], [38.27273, -122.46745], [38.27945, -122.47438], [38.28383, -122.47207], [38.2876, -122.47316], [38.2903, -122.47639], [38.29452, -122.4753], [38.296, -122.47623], [38.2954, -122.47954], [38.29833, -122.48291], [38.30131, -122.48244], [38.30378, -122.47659], [38.3103, -122.47056]]]}}, {"type": "Feature", "geometry": {"type": "Point", "coordinates": [-122.31283, 38.23949]}, "properties": {"id": "rancho-rincon-carneros", "register_no": null, "name": "Rincon De Los Carneros", "date": {"iso": null, "display": "date to confirm", "confidence": "unknown"}, "coord_precision": "exact", "type": "rancho", "layer": "unattributed", "summary": "Surveyed boundary from the U.S. General Land Office rancho surveys (ECAI/UCSD digitization).", "sources": [{"citation": "Boundary: ECAI/UCSD Spanish & Mexican Land Grants shapefile (GLO survey), reprojected from CA Albers (EPSG:3310)", "url": null}], "notes": null, "tags": [], "polygon": [[[38.25256, -122.33863], [38.25901, -122.3013], [38.24963, -122.2928], [38.24767, -122.28889], [38.24519, -122.28728], [38.24453, -122.28404], [38.23262, -122.28707], [38.23126, -122.28819], [38.23017, -122.29487], [38.22499, -122.3059], [38.22014, -122.31008], [38.22354, -122.31281], [38.22461, -122.31171], [38.23189, -122.31324], [38.23362, -122.31657], [38.23697, -122.31894], [38.23733, -122.32178], [38.23972, -122.3243], [38.24163, -122.32437], [38.24165, -122.32788], [38.24365, -122.33167], [38.24481, -122.33092], [38.24841, -122.33336], [38.24898, -122.3354], [38.25256, -122.33863]]]}}, {"type": "Feature", "geometry": {"type": "Point", "coordinates": [-122.68035, 38.09844]}, "properties": {"id": "rancho-nicasio-helleck", "register_no": "392 ND, 404 ND", "name": "Nicasio (Helleck) — Pablo de la Guerra", "date": {"iso": "1844", "display": "1844", "confidence": "year"}, "coord_precision": "exact", "type": "rancho", "layer": "micheltorena", "summary": "Granted 1844 by Manuel Micheltorena to Pablo de la Guerra. Present-day Marin County. Surveyed boundary from the U.S. General Land Office rancho surveys (ECAI/UCSD digitization).", "sources": [{"citation": "Boundary: ECAI/UCSD Spanish & Mexican Land Grants shapefile (GLO survey), reprojected from CA Albers (EPSG:3310)", "url": null}, {"citation": "Grant metadata: Wikipedia, List of ranchos of California", "url": null}], "notes": null, "tags": ["Marin"], "polygon": [[[38.15261, -122.81578], [38.14076, -122.78491], [38.12013, -122.75926], [38.13161, -122.72603], [38.11875, -122.70112], [38.11216, -122.6998], [38.10932, -122.68821], [38.10499, -122.68379], [38.1026, -122.66525], [38.10489, -122.65126], [38.10483, -122.63281], [38.11031, -122.62879], [38.11873, -122.62876], [38.12215, -122.6322], [38.13041, -122.6327], [38.13638, -122.63734], [38.13727, -122.62772], [38.13547, -122.62306], [38.13859, -122.61145], [38.13724, -122.60731], [38.10282, -122.60756], [38.08356, -122.58982], [38.08214, -122.59616], [38.07984, -122.59807], [38.07855, -122.60363], [38.04445, -122.57353], [38.04851, -122.58778], [38.06911, -122.62502], [38.07391, -122.63631], [38.07185, -122.64593], [38.06511, -122.65925], [38.06098, -122.67846], [38.06228, -122.68182], [38.06168, -122.70048], [38.06814, -122.70474], [38.06972, -122.70871], [38.06645, -122.71945], [38.06691, -122.72155], [38.07107, -122.72247], [38.07211, -122.72604], [38.07712, -122.73162], [38.07581, -122.73326], [38.07583, -122.73866], [38.08588, -122.74034], [38.10289, -122.75422], [38.13584, -122.80057], [38.15094, -122.81802], [38.15261, -122.81578]]]}}, {"type": "Feature", "geometry": {"type": "Point", "coordinates": [-122.84327, 38.19158]}, "properties": {"id": "rancho-soulajule-vasquez", "register_no": "328 ND, 329 ND, 331 ND, 334 ND, 336 ND, 352 ND", "name": "Soulajule (Vasquez) — José Ramón Mesa", "date": {"iso": "1844", "display": "1844", "confidence": "year"}, "coord_precision": "exact", "type": "rancho", "layer": "micheltorena", "summary": "Granted 1844 by Manuel Micheltorena to José Ramón Mesa. Present-day Marin County. Surveyed boundary from the U.S. General Land Office rancho surveys (ECAI/UCSD digitization).", "sources": [{"citation": "Boundary: ECAI/UCSD Spanish & Mexican Land Grants shapefile (GLO survey), reprojected from CA Albers (EPSG:3310)", "url": null}, {"citation": "Grant metadata: Wikipedia, List of ranchos of California", "url": null}], "notes": null, "tags": ["Marin"], "polygon": [[[38.19754, -122.82981], [38.18663, -122.81311], [38.15458, -122.82119], [38.17825, -122.85799], [38.19174, -122.87015], [38.20419, -122.86429], [38.20501, -122.86193], [38.20415, -122.85296], [38.19615, -122.83148], [38.19754, -122.82981]]]}}, {"type": "Feature", "geometry": {"type": "Point", "coordinates": [-122.80243, 38.16634]}, "properties": {"id": "rancho-soulajule-brackett", "register_no": "328 ND, 329 ND, 331 ND, 334 ND, 336 ND, 352 ND", "name": "Soulajule (Brackett) — José Ramón Mesa", "date": {"iso": "1844", "display": "1844", "confidence": "year"}, "coord_precision": "exact", "type": "rancho", "layer": "micheltorena", "summary": "Granted 1844 by Manuel Micheltorena to José Ramón Mesa. Present-day Marin County. Surveyed boundary from the U.S. General Land Office rancho surveys (ECAI/UCSD digitization).", "sources": [{"citation": "Boundary: ECAI/UCSD Spanish & Mexican Land Grants shapefile (GLO survey), reprojected from CA Albers (EPSG:3310)", "url": null}, {"citation": "Grant metadata: Wikipedia, List of ranchos of California", "url": null}], "notes": null, "tags": ["Marin"], "polygon": [[[38.17666, -122.81176], [38.18163, -122.81057], [38.16913, -122.77828], [38.14076, -122.78491], [38.1532, -122.8173], [38.17666, -122.81176]]]}}, {"type": "Feature", "geometry": {"type": "Point", "coordinates": [-122.85338, 38.12851]}, "properties": {"id": "rancho-niscasio-frink-reynolds", "register_no": null, "name": "Niscasio (Frink & Reynolds)", "date": {"iso": null, "display": "date to confirm", "confidence": "unknown"}, "coord_precision": "exact", "type": "rancho", "layer": "unattributed", "summary": "Surveyed boundary from the U.S. General Land Office rancho surveys (ECAI/UCSD digitization).", "sources": [{"citation": "Boundary: ECAI/UCSD Spanish & Mexican Land Grants shapefile (GLO survey), reprojected from CA Albers (EPSG:3310)", "url": null}], "notes": null, "tags": [], "polygon": [[[38.17361, -122.85078], [38.15458, -122.82119], [38.15261, -122.81578], [38.15094, -122.81802], [38.13584, -122.80057], [38.10305, -122.84105], [38.10611, -122.84183], [38.10594, -122.84542], [38.10416, -122.84855], [38.10528, -122.85043], [38.10716, -122.85168], [38.1113, -122.85003], [38.11281, -122.85113], [38.11464, -122.85331], [38.11494, -122.85896], [38.11606, -122.85832], [38.11743, -122.85986], [38.11512, -122.85957], [38.11771, -122.86368], [38.1224, -122.86169], [38.12602, -122.86227], [38.13156, -122.87001], [38.13861, -122.87193], [38.14179, -122.8798], [38.14658, -122.88272], [38.14724, -122.88637], [38.15119, -122.88903], [38.17361, -122.85078]]]}}, {"type": "Feature", "geometry": {"type": "Point", "coordinates": [-122.76842, 38.15527]}, "properties": {"id": "rancho-soulejule-gormley", "register_no": null, "name": "Soulejule (Gormley)", "date": {"iso": null, "display": "date to confirm", "confidence": "unknown"}, "coord_precision": "exact", "type": "rancho", "layer": "unattributed", "summary": "Surveyed boundary from the U.S. General Land Office rancho surveys (ECAI/UCSD digitization).", "sources": [{"citation": "Boundary: ECAI/UCSD Spanish & Mexican Land Grants shapefile (GLO survey), reprojected from CA Albers (EPSG:3310)", "url": null}], "notes": null, "tags": [], "polygon": [[[38.16913, -122.77828], [38.17298, -122.77739], [38.16605, -122.76993], [38.15229, -122.76246], [38.15501, -122.75447], [38.15195, -122.75079], [38.12013, -122.75926], [38.14076, -122.78491], [38.16913, -122.77828]]]}}, {"type": "Feature", "geometry": {"type": "Point", "coordinates": [-122.73316, 38.15108]}, "properties": {"id": "rancho-soulajule-watkins", "register_no": "328 ND, 329 ND, 331 ND, 334 ND, 336 ND, 352 ND", "name": "Soulajule (Watkins) — José Ramón Mesa", "date": {"iso": "1844", "display": "1844", "confidence": "year"}, "coord_precision": "exact", "type": "rancho", "layer": "micheltorena", "summary": "Granted 1844 by Manuel Micheltorena to José Ramón Mesa. Present-day Marin County. Surveyed boundary from the U.S. General Land Office rancho surveys (ECAI/UCSD digitization).", "sources": [{"citation": "Boundary: ECAI/UCSD Spanish & Mexican Land Grants shapefile (GLO survey), reprojected from CA Albers (EPSG:3310)", "url": null}, {"citation": "Grant metadata: Wikipedia, List of ranchos of California", "url": null}], "notes": null, "tags": ["Marin"], "polygon": [[[38.16368, -122.71812], [38.14387, -122.72281], [38.13223, -122.75598], [38.15195, -122.75079], [38.16368, -122.71812]]]}}, {"type": "Feature", "geometry": {"type": "Point", "coordinates": [-122.7354, 38.13425]}, "properties": {"id": "rancho-soulajule-cornwall", "register_no": "328 ND, 329 ND, 331 ND, 334 ND, 336 ND, 352 ND", "name": "Soulajule (Cornwall) — José Ramón Mesa", "date": {"iso": "1844", "display": "1844", "confidence": "year"}, "coord_precision": "exact", "type": "rancho", "layer": "micheltorena", "summary": "Granted 1844 by Manuel Micheltorena to José Ramón Mesa. Present-day Marin County. Surveyed boundary from the U.S. General Land Office rancho surveys (ECAI/UCSD digitization).", "sources": [{"citation": "Boundary: ECAI/UCSD Spanish & Mexican Land Grants shapefile (GLO survey), reprojected from CA Albers (EPSG:3310)", "url": null}, {"citation": "Grant metadata: Wikipedia, List of ranchos of California", "url": null}], "notes": null, "tags": ["Marin"], "polygon": [[[38.13883, -122.72415], [38.13161, -122.72603], [38.12013, -122.75926], [38.13223, -122.75598], [38.14387, -122.72281], [38.13883, -122.72415]]]}}, {"type": "Feature", "geometry": {"type": "Point", "coordinates": [-122.79475, 38.07952]}, "properties": {"id": "rancho-niscasio-black", "register_no": null, "name": "Niscasio (Black)", "date": {"iso": null, "display": "date to confirm", "confidence": "unknown"}, "coord_precision": "exact", "type": "rancho", "layer": "unattributed", "summary": "Surveyed boundary from the U.S. General Land Office rancho surveys (ECAI/UCSD digitization).", "sources": [{"citation": "Boundary: ECAI/UCSD Spanish & Mexican Land Grants shapefile (GLO survey), reprojected from CA Albers (EPSG:3310)", "url": null}], "notes": null, "tags": [], "polygon": [[[38.1035, -122.84005], [38.13584, -122.80057], [38.10289, -122.75422], [38.08588, -122.74034], [38.07583, -122.73866], [38.07665, -122.74419], [38.07971, -122.74776], [38.08014, -122.75024], [38.06994, -122.75733], [38.07021, -122.75986], [38.06742, -122.76356], [38.06842, -122.76895], [38.07335, -122.77081], [38.07704, -122.77754], [38.07954, -122.77868], [38.0802, -122.78194], [38.07915, -122.78335], [38.07179, -122.78354], [38.07162, -122.78802], [38.07491, -122.79321], [38.07119, -122.7978], [38.06741, -122.79702], [38.06503, -122.79834], [38.06326, -122.80324], [38.06367, -122.80805], [38.06156, -122.81202], [38.06149, -122.81893], [38.07086, -122.82523], [38.07637, -122.83098], [38.08683, -122.83635], [38.08729, -122.83501], [38.08379, -122.83122], [38.08738, -122.83215], [38.08427, -122.82873], [38.08862, -122.83171], [38.08567, -122.82638], [38.0897, -122.82444], [38.1035, -122.84005]]]}}, {"type": "Feature", "geometry": {"type": "Point", "coordinates": [-122.85012, 38.08583]}, "properties": {"id": "rancho-punta-reyes-randall", "register_no": "418 ND", "name": "Punta De Los Reyes (Randall) — James Richard Berry", "date": {"iso": "1836", "display": "1836", "confidence": "year"}, "coord_precision": "exact", "type": "rancho", "layer": "interim", "summary": "Granted 1836 by Nicolas Gutierrez to James Richard Berry. Present-day Marin County. Surveyed boundary from the U.S. General Land Office rancho surveys (ECAI/UCSD digitization).", "sources": [{"citation": "Boundary: ECAI/UCSD Spanish & Mexican Land Grants shapefile (GLO survey), reprojected from CA Albers (EPSG:3310)", "url": null}, {"citation": "Grant metadata: Wikipedia, List of ranchos of California", "url": null}], "notes": null, "tags": ["Marin"], "polygon": [[[38.06184, -122.81948], [38.03878, -122.85491], [38.09762, -122.91794], [38.12171, -122.88118], [38.12141, -122.87912], [38.1021, -122.8564], [38.0958, -122.84976], [38.09436, -122.84965], [38.08978, -122.84394], [38.0888, -122.84087], [38.08038, -122.83277], [38.07637, -122.83098], [38.07086, -122.82523], [38.06184, -122.81948]]]}}, {"type": "Feature", "geometry": {"type": "Point", "coordinates": [-122.54258, 38.06751]}, "properties": {"id": "rancho-san-jose-pacheco", "register_no": "40 ND", "name": "San Jose (Pacheco) — Ygnacio Pacheco", "date": {"iso": "1840", "display": "1840", "confidence": "year"}, "coord_precision": "exact", "type": "rancho", "layer": "alvarado", "summary": "Granted 1840 by Juan Alvarado to Ygnacio Pacheco. Present-day Marin County. Surveyed boundary from the U.S. General Land Office rancho surveys (ECAI/UCSD digitization).", "sources": [{"citation": "Boundary: ECAI/UCSD Spanish & Mexican Land Grants shapefile (GLO survey), reprojected from CA Albers (EPSG:3310)", "url": null}, {"citation": "Grant metadata: Wikipedia, List of ranchos of California", "url": null}], "notes": null, "tags": ["Marin"], "polygon": [[[38.08356, -122.58982], [38.08387, -122.5857], [38.08799, -122.578], [38.09527, -122.56915], [38.09661, -122.56912], [38.09629, -122.56474], [38.09413, -122.56468], [38.09309, -122.56283], [38.09009, -122.56297], [38.09028, -122.56504], [38.08632, -122.56359], [38.08594, -122.55898], [38.0881, -122.55324], [38.08731, -122.55184], [38.08648, -122.55322], [38.08496, -122.55064], [38.08283, -122.55228], [38.08282, -122.5458], [38.0812, -122.54546], [38.07907, -122.54991], [38.07664, -122.54959], [38.07557, -122.54249], [38.07283, -122.53968], [38.07559, -122.53834], [38.07567, -122.53699], [38.07208, -122.53257], [38.06549, -122.53111], [38.06523, -122.52925], [38.06847, -122.52632], [38.06754, -122.52253], [38.0649, -122.52345], [38.06098, -122.51562], [38.05523, -122.51905], [38.05561, -122.51661], [38.05361, -122.51354], [38.05171, -122.51464], [38.05273, -122.5104], [38.04756, -122.50946], [38.04506, -122.50596], [38.04366, -122.50728], [38.04415, -122.50954], [38.04284, -122.51295], [38.04721, -122.51288], [38.04968, -122.51448], [38.05116, -122.51974], [38.04685, -122.51851], [38.04547, -122.52119], [38.04113, -122.52071], [38.03881, -122.51893], [38.03782, -122.5217], [38.04101, -122.53047], [38.03997, -122.53484], [38.04176, -122.53869], [38.0446, -122.55428], [38.04445, -122.57353], [38.07855, -122.60363], [38.07984, -122.59807], [38.08214, -122.59616], [38.08356, -122.58982]]]}}, {"type": "Feature", "geometry": {"type": "Point", "coordinates": [-122.7621, 38.03052]}, "properties": {"id": "rancho-tomales-baulines-garcia", "register_no": "418 ND", "name": "Tomales Y Baulines (Garcia) — Rafael Garcia", "date": {"iso": "1836", "display": "1836", "confidence": "year"}, "coord_precision": "exact", "type": "rancho", "layer": "interim", "summary": "Granted 1836 by Nicolas Gutierrez to Rafael Garcia. Present-day Marin County. Surveyed boundary from the U.S. General Land Office rancho surveys (ECAI/UCSD digitization).", "sources": [{"citation": "Boundary: ECAI/UCSD Spanish & Mexican Land Grants shapefile (GLO survey), reprojected from CA Albers (EPSG:3310)", "url": null}, {"citation": "Grant metadata: Wikipedia, List of ranchos of California", "url": null}], "notes": null, "tags": ["Marin"], "polygon": [[[38.06188, -122.81079], [38.06367, -122.80805], [38.06326, -122.80324], [38.06517, -122.79812], [38.06741, -122.79702], [38.07119, -122.7978], [38.07483, -122.79347], [38.07162, -122.78802], [38.07179, -122.78354], [38.07936, -122.78325], [38.07954, -122.77868], [38.07704, -122.77754], [38.07264, -122.77029], [38.06806, -122.76903], [38.06672, -122.7718], [38.06485, -122.77267], [38.06233, -122.77052], [38.05746, -122.77045], [38.05765, -122.76672], [38.05481, -122.75928], [38.05324, -122.75807], [38.04873, -122.75881], [38.04626, -122.75239], [38.04358, -122.7502], [38.04108, -122.74446], [38.03564, -122.74513], [38.03129, -122.74123], [38.02736, -122.74269], [38.02826, -122.73643], [38.02652, -122.73525], [38.02283, -122.73552], [38.01723, -122.73223], [38.01818, -122.72507], [38.01507, -122.72263], [38.01313, -122.71587], [38.00974, -122.71135], [38.00849, -122.71069], [37.99921, -122.72407], [37.98962, -122.71502], [37.98418, -122.7136], [37.98216, -122.71109], [37.96357, -122.72295], [37.96775, -122.72875], [37.96989, -122.72991], [37.97089, -122.7335], [37.97629, -122.73382], [37.97947, -122.73899], [37.98464, -122.74312], [37.98902, -122.74974], [37.98902, -122.75437], [37.99278, -122.7581], [37.99419, -122.75809], [37.9945, -122.75464], [37.99715, -122.75328], [38.00027, -122.75974], [38.01153, -122.76728], [38.01201, -122.76912], [38.01318, -122.76909], [38.02163, -122.77774], [38.02189, -122.77996], [38.02387, -122.78027], [38.02866, -122.7847], [38.03511, -122.78279], [38.04253, -122.79131], [38.04225, -122.79306], [38.04645, -122.7949], [38.04679, -122.79389], [38.05144, -122.79521], [38.05301, -122.79924], [38.06062, -122.8035], [38.06218, -122.80694], [38.06188, -122.81079]]]}}, {"type": "Feature", "geometry": {"type": "Point", "coordinates": [-122.72627, 38.04601]}, "properties": {"id": "rancho-nicasio-buckelew", "register_no": "392 ND, 404 ND", "name": "Nicasio (Buckelew) — Pablo de la Guerra", "date": {"iso": "1844", "display": "1844", "confidence": "year"}, "coord_precision": "exact", "type": "rancho", "layer": "micheltorena", "summary": "Granted 1844 by Manuel Micheltorena to Pablo de la Guerra. Present-day Marin County. Surveyed boundary from the U.S. General Land Office rancho surveys (ECAI/UCSD digitization).", "sources": [{"citation": "Boundary: ECAI/UCSD Spanish & Mexican Land Grants shapefile (GLO survey), reprojected from CA Albers (EPSG:3310)", "url": null}, {"citation": "Grant metadata: Wikipedia, List of ranchos of California", "url": null}], "notes": null, "tags": ["Marin"], "polygon": [[[38.06842, -122.76895], [38.06744, -122.76317], [38.07021, -122.75986], [38.06961, -122.75783], [38.08018, -122.74934], [38.07665, -122.74419], [38.0768, -122.74049], [38.07515, -122.7372], [38.07712, -122.73162], [38.07211, -122.72604], [38.07107, -122.72247], [38.06691, -122.72155], [38.06645, -122.71945], [38.06977, -122.7091], [38.06814, -122.70474], [38.06168, -122.70048], [38.06228, -122.68182], [38.06098, -122.67846], [38.0461, -122.68559], [38.03245, -122.66319], [38.02874, -122.64884], [38.02157, -122.66345], [38.03022, -122.68249], [38.02899, -122.68711], [38.03217, -122.697], [38.0267, -122.71546], [38.02173, -122.71562], [38.00994, -122.70683], [38.00332, -122.70836], [38.00412, -122.71], [38.00974, -122.71135], [38.01264, -122.71492], [38.01507, -122.72263], [38.01818, -122.72507], [38.01723, -122.73223], [38.02283, -122.73552], [38.02652, -122.73525], [38.02826, -122.73643], [38.02736, -122.74269], [38.03129, -122.74123], [38.03564, -122.74513], [38.04136, -122.74467], [38.04873, -122.75881], [38.05324, -122.75807], [38.05481, -122.75928], [38.05765, -122.76672], [38.05746, -122.77045], [38.06233, -122.77052], [38.06485, -122.77267], [38.06842, -122.76895]]]}}, {"type": "Feature", "geometry": {"type": "Point", "coordinates": [-122.20805, 37.99958]}, "properties": {"id": "rancho-pinole-martinez", "register_no": "205 ND", "name": "Pinole (Martinez) — Ygnacio Martinez", "date": {"iso": "1842", "display": "1842", "confidence": "year"}, "coord_precision": "exact", "type": "rancho", "layer": "alvarado", "summary": "Granted 1842 by Juan Alvarado to Ygnacio Martinez. Present-day Contra Costa County. Surveyed boundary from the U.S. General Land Office rancho surveys (ECAI/UCSD digitization).", "sources": [{"citation": "Boundary: ECAI/UCSD Spanish & Mexican Land Grants shapefile (GLO survey), reprojected from CA Albers (EPSG:3310)", "url": null}, {"citation": "Grant metadata: Wikipedia, List of ranchos of California", "url": null}], "notes": null, "tags": ["Contra Costa"], "polygon": [[[38.01148, -122.29651], [38.01559, -122.29052], [38.01836, -122.28846], [38.02102, -122.28884], [38.01967, -122.28557], [38.02138, -122.28117], [38.02816, -122.27558], [38.03814, -122.27222], [38.03717, -122.27193], [38.03738, -122.27008], [38.03912, -122.2699], [38.03818, -122.27149], [38.03901, -122.2712], [38.03953, -122.26961], [38.03701, -122.26872], [38.03926, -122.26327], [38.0407, -122.26345], [38.04127, -122.26177], [38.04935, -122.26107], [38.05001, -122.25426], [38.05179, -122.25076], [38.04512, -122.24185], [38.04507, -122.23296], [38.02008, -122.23314], [38.02014, -122.22857], [38.01283, -122.22868], [38.01281, -122.22423], [38.00925, -122.22425], [38.00856, -122.1476], [38.0191, -122.14746], [38.01457, -122.13256], [38.01363, -122.13164], [38.01234, -122.1323], [38.00929, -122.12758], [38.004, -122.129], [38.00022, -122.12778], [37.99444, -122.13061], [37.98941, -122.12477], [37.9841, -122.12475], [37.98256, -122.12389], [37.98251, -122.12171], [37.97766, -122.12082], [37.97503, -122.1243], [37.97195, -122.12537], [37.96417, -122.12515], [37.96416, -122.12741], [37.96238, -122.12741], [37.96225, -122.13432], [37.96584, -122.13434], [37.9659, -122.1479], [37.97294, -122.14807], [37.97281, -122.13883], [37.98757, -122.13847], [37.98761, -122.1453], [37.99302, -122.14544], [37.99293, -122.15036], [37.99476, -122.15038], [37.9947, -122.15852], [38.00192, -122.15859], [38.00195, -122.17781], [37.99095, -122.17787], [37.99096, -122.17339], [37.9731, -122.17336], [37.97315, -122.18269], [37.9694, -122.18275], [37.96943, -122.19165], [37.96569, -122.19163], [37.96565, -122.22296], [37.96753, -122.22296], [37.96819, -122.2505], [37.96991, -122.2505], [37.96991, -122.25282], [37.97352, -122.25283], [37.97352, -122.25502], [37.97534, -122.25502], [37.97539, -122.2687], [37.97721, -122.26868], [37.97723, -122.27328], [37.97904, -122.27328], [37.97905, -122.27784], [37.98084, -122.27784], [37.9897, -122.29271], [37.99548, -122.29093], [38.01148, -122.29651]]]}}, {"type": "Feature", "geometry": {"type": "Point", "coordinates": [-120.95706, 35.4778]}, "properties": {"id": "rancho-san-geronimo", "register_no": "8 SD", "name": "San Geronimo — Rafael Villavicencio", "date": {"iso": "1842", "display": "1842", "confidence": "year"}, "coord_precision": "exact", "type": "rancho", "layer": "alvarado", "summary": "Granted 1842 by Juan Alvarado to Rafael Villavicencio. Present-day San Luis Obispo County. Surveyed boundary from the U.S. General Land Office rancho surveys (ECAI/UCSD digitization).", "sources": [{"citation": "Boundary: ECAI/UCSD Spanish & Mexican Land Grants shapefile (GLO survey), reprojected from CA Albers (EPSG:3310)", "url": null}, {"citation": "Grant metadata: Wikipedia, List of ranchos of California", "url": null}], "notes": null, "tags": ["San Luis Obispo"], "polygon": [[[35.52142, -120.97164], [35.53285, -120.95448], [35.52833, -120.94702], [35.5211, -120.95572], [35.48585, -120.95612], [35.48547, -120.94995], [35.47559, -120.92486], [35.44748, -120.9073], [35.44642, -120.90953], [35.44788, -120.91403], [35.44585, -120.91834], [35.44631, -120.93308], [35.44457, -120.93896], [35.44612, -120.94139], [35.445, -120.9445], [35.44647, -120.94973], [35.44777, -120.95076], [35.4502, -120.95026], [35.45329, -120.95745], [35.47314, -120.98501], [35.47304, -120.99285], [35.47689, -120.99302], [35.48461, -121.00299], [35.49577, -121.00923], [35.50135, -120.9948], [35.51734, -120.99447], [35.51684, -120.97851], [35.52142, -120.97164]]]}}, {"type": "Feature", "geometry": {"type": "Point", "coordinates": [-122.67419, 37.9667]}, "properties": {"id": "rancho-tomales-baulines-phelps", "register_no": "418 ND", "name": "Tomales Y Baulines (Phelps) — Rafael Garcia", "date": {"iso": "1836", "display": "1836", "confidence": "year"}, "coord_precision": "exact", "type": "rancho", "layer": "interim", "summary": "Granted 1836 by Nicolas Gutierrez to Rafael Garcia. Present-day Marin County. Surveyed boundary from the U.S. General Land Office rancho surveys (ECAI/UCSD digitization).", "sources": [{"citation": "Boundary: ECAI/UCSD Spanish & Mexican Land Grants shapefile (GLO survey), reprojected from CA Albers (EPSG:3310)", "url": null}, {"citation": "Grant metadata: Wikipedia, List of ranchos of California", "url": null}], "notes": null, "tags": ["Marin"], "polygon": [[[38.00849, -122.71069], [38.00412, -122.71], [38.00317, -122.70762], [37.99765, -122.70662], [37.99627, -122.70332], [37.9924, -122.70375], [37.9895, -122.70073], [37.9858, -122.68491], [37.97662, -122.66815], [37.97574, -122.65098], [37.99255, -122.63518], [37.99417, -122.62826], [37.97193, -122.6215], [37.96168, -122.62085], [37.9476, -122.60893], [37.93341, -122.5656], [37.9066, -122.61687], [37.91323, -122.62502], [37.91881, -122.62913], [37.92382, -122.63857], [37.9316, -122.64497], [37.93343, -122.65151], [37.94341, -122.66197], [37.95237, -122.67731], [37.96127, -122.68563], [37.94498, -122.70767], [37.94563, -122.70916], [37.94835, -122.71183], [37.95224, -122.71277], [37.96412, -122.72258], [37.98216, -122.71109], [37.98418, -122.7136], [37.98962, -122.71502], [37.99921, -122.72407], [38.00849, -122.71069]]]}}, {"type": "Feature", "geometry": {"type": "Point", "coordinates": [-122.52571, 37.94932]}, "properties": {"id": "rancho-punta-quintin", "register_no": null, "name": "Punta De Quintin", "date": {"iso": null, "display": "date to confirm", "confidence": "unknown"}, "coord_precision": "exact", "type": "rancho", "layer": "unattributed", "summary": "Surveyed boundary from the U.S. General Land Office rancho surveys (ECAI/UCSD digitization).", "sources": [{"citation": "Boundary: ECAI/UCSD Spanish & Mexican Land Grants shapefile (GLO survey), reprojected from CA Albers (EPSG:3310)", "url": null}], "notes": null, "tags": [], "polygon": [[[37.97193, -122.6215], [37.9778, -122.55989], [37.97217, -122.53818], [37.96906, -122.53114], [37.96589, -122.52863], [37.96502, -122.52588], [37.96236, -122.52448], [37.96239, -122.52129], [37.95851, -122.51881], [37.95846, -122.51622], [37.96136, -122.51658], [37.95891, -122.51051], [37.95581, -122.51239], [37.95616, -122.50733], [37.95263, -122.50547], [37.95352, -122.50262], [37.95132, -122.5032], [37.95072, -122.50095], [37.949, -122.50008], [37.94924, -122.49615], [37.94609, -122.49459], [37.94376, -122.48638], [37.94407, -122.48067], [37.94105, -122.4759], [37.9393, -122.48373], [37.93538, -122.48751], [37.93751, -122.49098], [37.9374, -122.49257], [37.93664, -122.49191], [37.93769, -122.49549], [37.94218, -122.50144], [37.94262, -122.50436], [37.94636, -122.51027], [37.94327, -122.51284], [37.94153, -122.51763], [37.9422, -122.51949], [37.94472, -122.51915], [37.9457, -122.52266], [37.94503, -122.52501], [37.943, -122.52481], [37.94387, -122.52846], [37.94254, -122.53039], [37.94264, -122.53385], [37.94542, -122.53576], [37.94872, -122.53288], [37.94812, -122.53569], [37.94934, -122.53759], [37.95127, -122.53728], [37.95203, -122.53908], [37.94854, -122.53959], [37.95266, -122.5452], [37.9524, -122.54698], [37.94942, -122.54858], [37.94663, -122.54698], [37.93666, -122.53375], [37.93659, -122.53153], [37.92896, -122.53562], [37.92964, -122.55916], [37.93341, -122.5656], [37.9476, -122.60893], [37.96168, -122.62085], [37.97193, -122.6215]]]}}, {"type": "Feature", "geometry": {"type": "Point", "coordinates": [-122.25043, 37.93906]}, "properties": {"id": "rancho-sobrante", "register_no": "403 ND", "name": "El Sobrante — Victor Castro", "date": {"iso": "1841", "display": "1841", "confidence": "year"}, "coord_precision": "exact", "type": "rancho", "layer": "alvarado", "summary": "Granted 1841 by Juan Alvarado to Victor Castro. Present-day Contra Costa County. Surveyed boundary from the U.S. General Land Office rancho surveys (ECAI/UCSD digitization).", "sources": [{"citation": "Boundary: ECAI/UCSD Spanish & Mexican Land Grants shapefile (GLO survey), reprojected from CA Albers (EPSG:3310)", "url": null}, {"citation": "Grant metadata: Wikipedia, List of ranchos of California", "url": null}], "notes": null, "tags": ["Contra Costa"], "polygon": [[[37.97529, -122.28997], [37.97905, -122.27784], [37.97904, -122.27328], [37.97723, -122.27328], [37.97721, -122.26868], [37.97539, -122.2687], [37.97534, -122.25502], [37.97352, -122.25502], [37.97352, -122.25283], [37.96991, -122.25282], [37.96991, -122.2505], [37.96819, -122.2505], [37.96753, -122.22296], [37.96565, -122.22296], [37.96565, -122.21877], [37.94751, -122.21854], [37.94764, -122.20215], [37.90792, -122.20255], [37.908, -122.16413], [37.87956, -122.16393], [37.87942, -122.22802], [37.88224, -122.23821], [37.88061, -122.24146], [37.88559, -122.24814], [37.88791, -122.24856], [37.89182, -122.25559], [37.89977, -122.26357], [37.90344, -122.27014], [37.90419, -122.26955], [37.90924, -122.27247], [37.93644, -122.30264], [37.94308, -122.2998], [37.96606, -122.30212], [37.97529, -122.28997]]]}}, {"type": "Feature", "geometry": {"type": "Point", "coordinates": [-122.28582, 37.83023]}, "properties": {"id": "rancho-san-antonio-v-d-peralta", "register_no": "98 ND, 99 ND, 100 ND", "name": "San Antonio (V. And D. Peralta) — Luís María Peralta", "date": {"iso": "1820", "display": "1820", "confidence": "year"}, "coord_precision": "exact", "type": "rancho", "layer": "spanish", "summary": "Granted 1820 by Pablo Vicente de Solá to Luís María Peralta. Present-day Alameda County. Surveyed boundary from the U.S. General Land Office rancho surveys (ECAI/UCSD digitization).", "sources": [{"citation": "Boundary: ECAI/UCSD Spanish & Mexican Land Grants shapefile (GLO survey), reprojected from CA Albers (EPSG:3310)", "url": null}, {"citation": "Grant metadata: Wikipedia, List of ranchos of California", "url": null}], "notes": null, "tags": ["Alameda"], "polygon": [[[37.8967, -122.30378], [37.89742, -122.29507], [37.89622, -122.28745], [37.89958, -122.27676], [37.90161, -122.27674], [37.90419, -122.26955], [37.90344, -122.27014], [37.89518, -122.25792], [37.89182, -122.25559], [37.88791, -122.24856], [37.88559, -122.24814], [37.88061, -122.24146], [37.88224, -122.23821], [37.8769, -122.22276], [37.87048, -122.21655], [37.86745, -122.21521], [37.86391, -122.22033], [37.85346, -122.20937], [37.85034, -122.20777], [37.84952, -122.20199], [37.84582, -122.1996], [37.8412, -122.1939], [37.84181, -122.2014], [37.83991, -122.20763], [37.8325, -122.21154], [37.82392, -122.21962], [37.82118, -122.22062], [37.81384, -122.21821], [37.80886, -122.22222], [37.8052, -122.23005], [37.80552, -122.23545], [37.80946, -122.24198], [37.80825, -122.24795], [37.80288, -122.25001], [37.80188, -122.25316], [37.79942, -122.25297], [37.79778, -122.25755], [37.7908, -122.26105], [37.78759, -122.26563], [37.79419, -122.27927], [37.7932, -122.28101], [37.79426, -122.28213], [37.79316, -122.28403], [37.79407, -122.2851], [37.79295, -122.28611], [37.79456, -122.28767], [37.79186, -122.29497], [37.79213, -122.3042], [37.79637, -122.32503], [37.79875, -122.33074], [37.79854, -122.32168], [37.79996, -122.32503], [37.80019, -122.32099], [37.80193, -122.32434], [37.80131, -122.32056], [37.80243, -122.32021], [37.80367, -122.32509], [37.80511, -122.3246], [37.80401, -122.32621], [37.80541, -122.32561], [37.80408, -122.32737], [37.80564, -122.32691], [37.8055, -122.32927], [37.80378, -122.33201], [37.80252, -122.33992], [37.8046, -122.34113], [37.80971, -122.33155], [37.809, -122.3216], [37.81235, -122.31782], [37.81306, -122.31886], [37.81365, -122.3166], [37.81777, -122.31231], [37.8175, -122.30769], [37.81956, -122.30731], [37.8202, -122.31447], [37.81727, -122.31764], [37.8194, -122.3199], [37.81875, -122.32913], [37.82024, -122.3289], [37.82354, -122.31658], [37.8264, -122.31586], [37.8273, -122.31378], [37.82679, -122.31262], [37.82636, -122.31418], [37.8259, -122.31259], [37.82585, -122.31427], [37.82395, -122.31493], [37.8253, -122.30899], [37.82514, -122.30079], [37.82681, -122.2971], [37.82899, -122.29709], [37.82782, -122.29412], [37.83563, -122.29605], [37.83618, -122.31401], [37.84089, -122.31311], [37.84069, -122.3121], [37.83732, -122.31306], [37.83611, -122.31158], [37.83627, -122.3072], [37.83826, -122.30575], [37.83918, -122.29709], [37.84403, -122.29816], [37.84412, -122.30171], [37.84488, -122.29963], [37.85021, -122.2994], [37.88419, -122.30774], [37.8948, -122.30655], [37.8967, -122.30378]]]}}, {"type": "Feature", "geometry": {"type": "Point", "coordinates": [-122.03861, 37.85715]}, "properties": {"id": "rancho-san-ramon-carpentier", "register_no": "73 ND, 322 ND", "name": "San Ramon (Carpentier) — Bartolome Pacheco and Mariano Castro", "date": {"iso": "1833", "display": "1833", "confidence": "year"}, "coord_precision": "exact", "type": "rancho", "layer": "figueroa", "summary": "Granted 1833 by José Figueroa to Bartolome Pacheco and Mariano Castro. Present-day Contra Costa County. Surveyed boundary from the U.S. General Land Office rancho surveys (ECAI/UCSD digitization).", "sources": [{"citation": "Boundary: ECAI/UCSD Spanish & Mexican Land Grants shapefile (GLO survey), reprojected from CA Albers (EPSG:3310)", "url": null}, {"citation": "Grant metadata: Wikipedia, List of ranchos of California", "url": null}], "notes": null, "tags": ["Contra Costa"], "polygon": [[[37.88412, -122.08979], [37.88571, -122.08773], [37.8844, -122.08661], [37.88417, -122.08011], [37.88566, -122.07951], [37.88635, -122.0771], [37.88858, -122.07729], [37.88794, -122.06825], [37.89016, -122.06844], [37.8907, -122.06647], [37.88947, -122.06424], [37.89201, -122.05875], [37.89373, -122.0576], [37.8965, -122.05847], [37.8962, -122.05722], [37.89399, -122.05602], [37.88715, -122.05565], [37.88359, -122.0531], [37.88113, -122.04739], [37.87676, -122.04756], [37.87529, -122.03902], [37.87121, -122.03898], [37.87119, -122.03584], [37.86361, -122.03596], [37.86323, -122.01957], [37.85906, -122.00847], [37.84138, -122.00825], [37.81649, -121.97102], [37.80005, -121.97114], [37.80017, -121.96614], [37.79471, -121.96622], [37.79466, -121.95975], [37.78135, -121.95984], [37.77175, -121.98513], [37.76902, -121.98842], [37.77018, -121.99041], [37.78073, -121.98145], [37.83825, -122.03649], [37.84429, -122.03812], [37.84689, -122.04026], [37.84801, -122.03812], [37.86833, -122.05079], [37.87107, -122.0621], [37.8659, -122.07492], [37.87954, -122.08277], [37.88412, -122.08979]]]}}, {"type": "Feature", "geometry": {"type": "Point", "coordinates": [-120.69193, 37.83159]}, "properties": {"id": "rancho-rancheria-rio-estanislao", "register_no": "413 ND", "name": "Rancheria Del Rio Estanislao — Francisco Rico", "date": {"iso": "1843", "display": "1843", "confidence": "year"}, "coord_precision": "exact", "type": "rancho", "layer": "micheltorena", "summary": "Granted 1843 by Manuel Micheltorena to Francisco Rico. Present-day Stanislaus County. Surveyed boundary from the U.S. General Land Office rancho surveys (ECAI/UCSD digitization).", "sources": [{"citation": "Boundary: ECAI/UCSD Spanish & Mexican Land Grants shapefile (GLO survey), reprojected from CA Albers (EPSG:3310)", "url": null}, {"citation": "Grant metadata: Wikipedia, List of ranchos of California", "url": null}], "notes": null, "tags": ["Stanislaus"], "polygon": [[[37.90605, -120.70573], [37.9057, -120.59593], [37.8851, -120.59642], [37.88216, -120.5952], [37.87477, -120.60423], [37.87231, -120.60359], [37.86702, -120.62008], [37.85978, -120.63277], [37.85111, -120.63694], [37.84747, -120.63669], [37.84376, -120.64218], [37.83957, -120.64224], [37.83626, -120.64828], [37.8319, -120.65173], [37.82175, -120.65456], [37.81829, -120.65777], [37.81591, -120.67321], [37.81271, -120.67336], [37.81038, -120.67056], [37.80825, -120.67249], [37.8066, -120.69073], [37.80922, -120.69716], [37.81211, -120.70043], [37.81336, -120.71045], [37.80629, -120.71531], [37.80295, -120.72284], [37.79715, -120.72437], [37.79025, -120.72853], [37.78685, -120.73208], [37.78317, -120.75575], [37.78938, -120.77407], [37.78619, -120.79253], [37.78931, -120.81201], [37.78325, -120.83021], [37.77824, -120.83921], [37.88489, -120.84271], [37.88483, -120.70517], [37.90605, -120.70573]]]}}, {"type": "Feature", "geometry": {"type": "Point", "coordinates": [-120.90599, 37.81002]}, "properties": {"id": "rancho-eight-square-leagues-on-stanislaus-river", "register_no": null, "name": "Eight Square Leagues On The Stanislaus River", "date": {"iso": null, "display": "date to confirm", "confidence": "unknown"}, "coord_precision": "exact", "type": "rancho", "layer": "unattributed", "summary": "Surveyed boundary from the U.S. General Land Office rancho surveys (ECAI/UCSD digitization).", "sources": [{"citation": "Boundary: ECAI/UCSD Spanish & Mexican Land Grants shapefile (GLO survey), reprojected from CA Albers (EPSG:3310)", "url": null}], "notes": null, "tags": [], "polygon": [[[37.88552, -120.92514], [37.88489, -120.84271], [37.73156, -120.83854], [37.73136, -120.92098], [37.73646, -120.92201], [37.73929, -120.93448], [37.88556, -120.93895], [37.88552, -120.92514]]]}}, {"type": "Feature", "geometry": {"type": "Point", "coordinates": [-122.21517, 37.79845]}, "properties": {"id": "rancho-san-antonio-m-peralta", "register_no": "98 ND, 99 ND, 100 ND", "name": "San Antonio (A. M. Peralta) — Luís María Peralta", "date": {"iso": "1820", "display": "1820", "confidence": "year"}, "coord_precision": "exact", "type": "rancho", "layer": "spanish", "summary": "Granted 1820 by Pablo Vicente de Solá to Luís María Peralta. Present-day Alameda County. Surveyed boundary from the U.S. General Land Office rancho surveys (ECAI/UCSD digitization).", "sources": [{"citation": "Boundary: ECAI/UCSD Spanish & Mexican Land Grants shapefile (GLO survey), reprojected from CA Albers (EPSG:3310)", "url": null}, {"citation": "Grant metadata: Wikipedia, List of ranchos of California", "url": null}], "notes": null, "tags": ["Alameda"], "polygon": [[[37.83614, -122.1876], [37.83579, -122.18399], [37.83265, -122.18278], [37.82815, -122.18567], [37.82372, -122.18454], [37.82043, -122.18569], [37.8131, -122.17404], [37.80878, -122.17289], [37.80355, -122.17788], [37.79726, -122.16663], [37.79842, -122.16463], [37.79465, -122.16056], [37.78852, -122.14801], [37.78676, -122.14687], [37.74624, -122.21006], [37.74792, -122.21129], [37.75092, -122.21034], [37.75495, -122.21568], [37.75607, -122.21504], [37.75882, -122.2166], [37.75724, -122.22124], [37.76308, -122.22292], [37.76537, -122.22491], [37.77152, -122.237], [37.77557, -122.24153], [37.77811, -122.24283], [37.78196, -122.24237], [37.78609, -122.25107], [37.78475, -122.25877], [37.78532, -122.26007], [37.78749, -122.25761], [37.78599, -122.26177], [37.78864, -122.26341], [37.79429, -122.25877], [37.79778, -122.25755], [37.79942, -122.25297], [37.80188, -122.25316], [37.80313, -122.24981], [37.80825, -122.24795], [37.80946, -122.24198], [37.80552, -122.23545], [37.8052, -122.23005], [37.81038, -122.22055], [37.81384, -122.21821], [37.82118, -122.22062], [37.82392, -122.21962], [37.8325, -122.21154], [37.83991, -122.20763], [37.84181, -122.2014], [37.8412, -122.1939], [37.83984, -122.19383], [37.83614, -122.1876]]]}}, {"type": "Feature", "geometry": {"type": "Point", "coordinates": [-122.15594, 37.73863]}, "properties": {"id": "rancho-san-antonio-peralta", "register_no": "98 ND, 99 ND, 100 ND", "name": "San Antonio (Y. Peralta) — Luís María Peralta", "date": {"iso": "1820", "display": "1820", "confidence": "year"}, "coord_precision": "exact", "type": "rancho", "layer": "spanish", "summary": "Granted 1820 by Pablo Vicente de Solá to Luís María Peralta. Present-day Alameda County. Surveyed boundary from the U.S. General Land Office rancho surveys (ECAI/UCSD digitization).", "sources": [{"citation": "Boundary: ECAI/UCSD Spanish & Mexican Land Grants shapefile (GLO survey), reprojected from CA Albers (EPSG:3310)", "url": null}, {"citation": "Grant metadata: Wikipedia, List of ranchos of California", "url": null}], "notes": null, "tags": ["Alameda"], "polygon": [[[37.77782, -122.13479], [37.77373, -122.13078], [37.74858, -122.11493], [37.73401, -122.11415], [37.73061, -122.12011], [37.72766, -122.12123], [37.72848, -122.12928], [37.72962, -122.13045], [37.73173, -122.12963], [37.73267, -122.13324], [37.72934, -122.13746], [37.72975, -122.14677], [37.7267, -122.1489], [37.7268, -122.1552], [37.72391, -122.15787], [37.72472, -122.16655], [37.7263, -122.17023], [37.7237, -122.17437], [37.72369, -122.18125], [37.72677, -122.18716], [37.72328, -122.19655], [37.72719, -122.20075], [37.72975, -122.2072], [37.73264, -122.19997], [37.73451, -122.19949], [37.74624, -122.21006], [37.78676, -122.14687], [37.78544, -122.14223], [37.77782, -122.13479]]]}}, {"type": "Feature", "geometry": {"type": "Point", "coordinates": [-121.91638, 37.75346]}, "properties": {"id": "rancho-san-ramon-amador", "register_no": "73 ND, 322 ND", "name": "San Ramon {Amador} — Bartolome Pacheco and Mariano Castro", "date": {"iso": "1833", "display": "1833", "confidence": "year"}, "coord_precision": "exact", "type": "rancho", "layer": "figueroa", "summary": "Granted 1833 by José Figueroa to Bartolome Pacheco and Mariano Castro. Present-day Contra Costa County. Surveyed boundary from the U.S. General Land Office rancho surveys (ECAI/UCSD digitization).", "sources": [{"citation": "Boundary: ECAI/UCSD Spanish & Mexican Land Grants shapefile (GLO survey), reprojected from CA Albers (EPSG:3310)", "url": null}, {"citation": "Grant metadata: Wikipedia, List of ranchos of California", "url": null}], "notes": null, "tags": ["Contra Costa"], "polygon": [[[37.78506, -121.95072], [37.78555, -121.94115], [37.78027, -121.9412], [37.77963, -121.85787], [37.76849, -121.85786], [37.76849, -121.86245], [37.75403, -121.86252], [37.75399, -121.86708], [37.69989, -121.86776], [37.70044, -121.95909], [37.7288, -121.95907], [37.72801, -121.96801], [37.73361, -121.97167], [37.75055, -121.9285], [37.78506, -121.95072]]]}}, {"type": "Feature", "geometry": {"type": "Point", "coordinates": [-121.95901, 37.76438]}, "properties": {"id": "rancho-san-ramon-norris", "register_no": "73 ND, 322 ND", "name": "San Ramon {Norris} — Bartolome Pacheco and Mariano Castro", "date": {"iso": "1833", "display": "1833", "confidence": "year"}, "coord_precision": "exact", "type": "rancho", "layer": "figueroa", "summary": "Granted 1833 by José Figueroa to Bartolome Pacheco and Mariano Castro. Present-day Contra Costa County. Surveyed boundary from the U.S. General Land Office rancho surveys (ECAI/UCSD digitization).", "sources": [{"citation": "Boundary: ECAI/UCSD Spanish & Mexican Land Grants shapefile (GLO survey), reprojected from CA Albers (EPSG:3310)", "url": null}, {"citation": "Grant metadata: Wikipedia, List of ranchos of California", "url": null}], "notes": null, "tags": ["Contra Costa"], "polygon": [[[37.78506, -121.95072], [37.75055, -121.9285], [37.73361, -121.97167], [37.7676, -121.99345], [37.78506, -121.95072]]]}}, {"type": "Feature", "geometry": {"type": "Point", "coordinates": [-122.0744, 37.7022]}, "properties": {"id": "rancho-san-lorenzo-castro", "register_no": "29 ND", "name": "San Lorenzo (Castro) — Guillermo Castro", "date": {"iso": "1841", "display": "1841", "confidence": "year"}, "coord_precision": "exact", "type": "rancho", "layer": "alvarado", "summary": "Granted 1841 by Juan Alvarado to Guillermo Castro. Present-day Alameda County. Surveyed boundary from the U.S. General Land Office rancho surveys (ECAI/UCSD digitization).", "sources": [{"citation": "Boundary: ECAI/UCSD Spanish & Mexican Land Grants shapefile (GLO survey), reprojected from CA Albers (EPSG:3310)", "url": null}, {"citation": "Grant metadata: Wikipedia, List of ranchos of California", "url": null}], "notes": null, "tags": ["Alameda"], "polygon": [[[37.76345, -122.06077], [37.76397, -122.05696], [37.75348, -122.01555], [37.74126, -122.01584], [37.74124, -122.01132], [37.69793, -122.01164], [37.69783, -122.00243], [37.6447, -122.00288], [37.64472, -122.01283], [37.64827, -122.01289], [37.64831, -122.04295], [37.6538, -122.05233], [37.65099, -122.05618], [37.65021, -122.06113], [37.66401, -122.07591], [37.66153, -122.08076], [37.67735, -122.09128], [37.67935, -122.09119], [37.67918, -122.09293], [37.68416, -122.0974], [37.6843, -122.10507], [37.6825, -122.10882], [37.68492, -122.11234], [37.68422, -122.12028], [37.69805, -122.11983], [37.70474, -122.1183], [37.72809, -122.12622], [37.72766, -122.12123], [37.73061, -122.12011], [37.73278, -122.11504], [37.73868, -122.11372], [37.74858, -122.11493], [37.76183, -122.12388], [37.76099, -122.07831], [37.76345, -122.06077]]]}}, {"type": "Feature", "geometry": {"type": "Point", "coordinates": [-122.40546, 37.70763]}, "properties": {"id": "rancho-canada-guadalupe", "register_no": null, "name": "Canada De Guadalupe", "date": {"iso": null, "display": "date to confirm", "confidence": "unknown"}, "coord_precision": "exact", "type": "rancho", "layer": "unattributed", "summary": "Surveyed boundary from the U.S. General Land Office rancho surveys (ECAI/UCSD digitization).", "sources": [{"citation": "Boundary: ECAI/UCSD Spanish & Mexican Land Grants shapefile (GLO survey), reprojected from CA Albers (EPSG:3310)", "url": null}], "notes": null, "tags": [], "polygon": [[[37.70948, -122.38616], [37.70587, -122.39441], [37.70605, -122.39987], [37.70281, -122.40376], [37.69903, -122.40581], [37.6935, -122.40317], [37.6924, -122.40395], [37.69662, -122.41319], [37.69898, -122.42377], [37.70396, -122.42805], [37.71515, -122.42477], [37.71766, -122.42071], [37.71647, -122.41257], [37.71834, -122.40595], [37.71731, -122.40308], [37.71432, -122.40205], [37.71468, -122.39589], [37.71282, -122.39046], [37.70948, -122.38616]]]}}, {"type": "Feature", "geometry": {"type": "Point", "coordinates": [-122.42152, 37.68906]}, "properties": {"id": "rancho-canada-guadalupe-visitacion", "register_no": "105 ND, 151 ND, 237 ND, 285 ND", "name": "Canada De Guadalupe La Visitacion — Jacob P. Leese", "date": {"iso": "1841", "display": "1841", "confidence": "year"}, "coord_precision": "exact", "type": "rancho", "layer": "alvarado", "summary": "Granted 1841 by Juan Alvarado to Jacob P. Leese. Present-day San Mateo County. Surveyed boundary from the U.S. General Land Office rancho surveys (ECAI/UCSD digitization).", "sources": [{"citation": "Boundary: ECAI/UCSD Spanish & Mexican Land Grants shapefile (GLO survey), reprojected from CA Albers (EPSG:3310)", "url": null}, {"citation": "Grant metadata: Wikipedia, List of ranchos of California", "url": null}], "notes": null, "tags": ["San Mateo"], "polygon": [[[37.70414, -122.46066], [37.70833, -122.4559], [37.70163, -122.44771], [37.70184, -122.44513], [37.70271, -122.44303], [37.71738, -122.43214], [37.71515, -122.42477], [37.70396, -122.42805], [37.69898, -122.42377], [37.69662, -122.41319], [37.6924, -122.40395], [37.6935, -122.40317], [37.6925, -122.39924], [37.68988, -122.39881], [37.68748, -122.40197], [37.68513, -122.40116], [37.68244, -122.39519], [37.68047, -122.39344], [37.67744, -122.39346], [37.6735, -122.38783], [37.66783, -122.39163], [37.66496, -122.39194], [37.6639, -122.3909], [37.66261, -122.39675], [37.66788, -122.41815], [37.66533, -122.4274], [37.67991, -122.45498], [37.68562, -122.4592], [37.69224, -122.46111], [37.70102, -122.46185], [37.70414, -122.46066]]]}}, {"type": "Feature", "geometry": {"type": "Point", "coordinates": [-122.11685, 37.67231]}, "properties": {"id": "rancho-san-lorenzo-soto", "register_no": "29 ND", "name": "San Lorenzo (Soto) — Guillermo Castro", "date": {"iso": "1841", "display": "1841", "confidence": "year"}, "coord_precision": "exact", "type": "rancho", "layer": "alvarado", "summary": "Granted 1841 by Juan Alvarado to Guillermo Castro. Present-day Alameda County. Surveyed boundary from the U.S. General Land Office rancho surveys (ECAI/UCSD digitization).", "sources": [{"citation": "Boundary: ECAI/UCSD Spanish & Mexican Land Grants shapefile (GLO survey), reprojected from CA Albers (EPSG:3310)", "url": null}, {"citation": "Grant metadata: Wikipedia, List of ranchos of California", "url": null}], "notes": null, "tags": ["Alameda"], "polygon": [[[37.676, -122.1536], [37.67587, -122.14861], [37.68316, -122.13768], [37.68284, -122.12793], [37.68435, -122.12429], [37.6839, -122.1151], [37.68492, -122.11234], [37.6825, -122.10882], [37.6843, -122.10507], [37.68416, -122.0974], [37.67918, -122.09293], [37.67935, -122.09119], [37.67735, -122.09128], [37.66153, -122.08076], [37.66401, -122.07591], [37.65021, -122.06113], [37.63798, -122.13691], [37.64454, -122.14291], [37.6588, -122.14281], [37.66746, -122.15354], [37.676, -122.1536]]]}}, {"type": "Feature", "geometry": {"type": "Point", "coordinates": [-122.3914, 37.53369]}, "properties": {"id": "rancho-felix", "register_no": null, "name": "Felix", "date": {"iso": null, "display": "date to confirm", "confidence": "unknown"}, "coord_precision": "exact", "type": "rancho", "layer": "unattributed", "summary": "Surveyed boundary from the U.S. General Land Office rancho surveys (ECAI/UCSD digitization).", "sources": [{"citation": "Boundary: ECAI/UCSD Spanish & Mexican Land Grants shapefile (GLO survey), reprojected from CA Albers (EPSG:3310)", "url": null}], "notes": null, "tags": [], "polygon": [[[37.5612, -122.40405], [37.56114, -122.39605], [37.56012, -122.39449], [37.55709, -122.39318], [37.55672, -122.39139], [37.53476, -122.37414], [37.52825, -122.36657], [37.51382, -122.35724], [37.49433, -122.33434], [37.48967, -122.34105], [37.49591, -122.34125], [37.49621, -122.37244], [37.5069, -122.37265], [37.50691, -122.37726], [37.51424, -122.37726], [37.51429, -122.3818], [37.52145, -122.38179], [37.52156, -122.38622], [37.52512, -122.38628], [37.52519, -122.39071], [37.52882, -122.39074], [37.52884, -122.39528], [37.53235, -122.39528], [37.53239, -122.39984], [37.53605, -122.39978], [37.5361, -122.40431], [37.5397, -122.4043], [37.53985, -122.40882], [37.54354, -122.40878], [37.5436, -122.41331], [37.5472, -122.41328], [37.54724, -122.41787], [37.55084, -122.41779], [37.55087, -122.42236], [37.55765, -122.4222], [37.55764, -122.41761], [37.56127, -122.41757], [37.5612, -122.40405]]]}}, {"type": "Feature", "geometry": {"type": "Point", "coordinates": [-122.49365, 37.51902]}, "properties": {"id": "rancho-corral-tierra-palomares", "register_no": "49 ND", "name": "Corral De Tierra (Palomares) — Francisco Guerrero y Palomares", "date": {"iso": "1839", "display": "1839", "confidence": "year"}, "coord_precision": "exact", "type": "rancho", "layer": "interim", "summary": "Granted 1839 by Manuel Jimeno to Francisco Guerrero y Palomares. Present-day San Mateo County. Surveyed boundary from the U.S. General Land Office rancho surveys (ECAI/UCSD digitization).", "sources": [{"citation": "Boundary: ECAI/UCSD Spanish & Mexican Land Grants shapefile (GLO survey), reprojected from CA Albers (EPSG:3310)", "url": null}, {"citation": "Grant metadata: Wikipedia, List of ranchos of California", "url": null}], "notes": null, "tags": ["San Mateo"], "polygon": [[[37.54959, -122.49435], [37.54945, -122.454], [37.51246, -122.45061], [37.51102, -122.44768], [37.50746, -122.44708], [37.4972, -122.45139], [37.49319, -122.45576], [37.49153, -122.45976], [37.49895, -122.47055], [37.50168, -122.48001], [37.50034, -122.49176], [37.49785, -122.49476], [37.49414, -122.49411], [37.4938, -122.49842], [37.49641, -122.49968], [37.49943, -122.49744], [37.51165, -122.51088], [37.51784, -122.51304], [37.52072, -122.51634], [37.52548, -122.51604], [37.52635, -122.51705], [37.52768, -122.51602], [37.53208, -122.51879], [37.53546, -122.51868], [37.53619, -122.51728], [37.53837, -122.51744], [37.53917, -122.51615], [37.54151, -122.51634], [37.54348, -122.51451], [37.54957, -122.51298], [37.54959, -122.49435]]]}}, {"type": "Feature", "geometry": {"type": "Point", "coordinates": [-122.43442, 37.48809]}, "properties": {"id": "rancho-corral-tierra-vasquez", "register_no": "49 ND", "name": "Corral De Tierra (Vasquez) — Francisco Guerrero y Palomares", "date": {"iso": "1839", "display": "1839", "confidence": "year"}, "coord_precision": "exact", "type": "rancho", "layer": "interim", "summary": "Granted 1839 by Manuel Jimeno to Francisco Guerrero y Palomares. Present-day San Mateo County. Surveyed boundary from the U.S. General Land Office rancho surveys (ECAI/UCSD digitization).", "sources": [{"citation": "Boundary: ECAI/UCSD Spanish & Mexican Land Grants shapefile (GLO survey), reprojected from CA Albers (EPSG:3310)", "url": null}, {"citation": "Grant metadata: Wikipedia, List of ranchos of California", "url": null}], "notes": null, "tags": ["San Mateo"], "polygon": [[[37.51872, -122.44172], [37.49176, -122.40331], [37.48471, -122.39967], [37.48139, -122.39969], [37.47604, -122.40618], [37.47254, -122.41822], [37.46559, -122.42139], [37.46502, -122.42442], [37.46384, -122.42501], [37.46537, -122.43326], [37.46731, -122.43468], [37.4691, -122.44184], [37.47244, -122.44636], [37.48692, -122.45538], [37.49153, -122.45976], [37.49319, -122.45576], [37.4972, -122.45139], [37.50746, -122.44708], [37.51102, -122.44768], [37.51246, -122.45061], [37.52565, -122.45203], [37.51872, -122.44172]]]}}, {"type": "Feature", "geometry": {"type": "Point", "coordinates": [-121.89264, 37.44918]}, "properties": {"id": "rancho-tularcitos-higuera", "register_no": "228 ND", "name": "Tularcitos (Higuera) — José Loreto Higuera", "date": {"iso": "1821", "display": "1821", "confidence": "year"}, "coord_precision": "exact", "type": "rancho", "layer": "spanish", "summary": "Granted 1821 by Pablo Vicente de Solá to José Loreto Higuera. Present-day Santa Clara County. Surveyed boundary from the U.S. General Land Office rancho surveys (ECAI/UCSD digitization).", "sources": [{"citation": "Boundary: ECAI/UCSD Spanish & Mexican Land Grants shapefile (GLO survey), reprojected from CA Albers (EPSG:3310)", "url": null}, {"citation": "Grant metadata: Wikipedia, List of ranchos of California", "url": null}], "notes": null, "tags": ["Santa Clara"], "polygon": [[[37.46818, -121.87055], [37.46887, -121.85725], [37.44584, -121.83102], [37.42844, -121.90798], [37.43203, -121.90878], [37.43231, -121.91197], [37.43471, -121.91356], [37.4381, -121.91331], [37.43882, -121.91168], [37.44185, -121.91414], [37.44427, -121.91122], [37.44487, -121.8991], [37.45342, -121.89573], [37.46011, -121.89496], [37.46174, -121.89316], [37.46111, -121.88566], [37.46231, -121.87685], [37.46818, -121.87055]]]}}, {"type": "Feature", "geometry": {"type": "Point", "coordinates": [-121.91957, 37.43247]}, "properties": {"id": "rancho-rincon-esteros-white", "register_no": "204 ND, 238 ND, 239 ND", "name": "Rincon De Los Esteros (White) — Ignacio Alviso", "date": {"iso": "1838", "display": "1838", "confidence": "year"}, "coord_precision": "exact", "type": "rancho", "layer": "alvarado", "summary": "Granted 1838 by Juan Alvarado to Ignacio Alviso. Present-day Santa Clara County. Surveyed boundary from the U.S. General Land Office rancho surveys (ECAI/UCSD digitization).", "sources": [{"citation": "Boundary: ECAI/UCSD Spanish & Mexican Land Grants shapefile (GLO survey), reprojected from CA Albers (EPSG:3310)", "url": null}, {"citation": "Grant metadata: Wikipedia, List of ranchos of California", "url": null}], "notes": null, "tags": ["Santa Clara"], "polygon": [[[37.43528, -121.91328], [37.43231, -121.91197], [37.43203, -121.90878], [37.41155, -121.90047], [37.40016, -121.9019], [37.38778, -121.89967], [37.38055, -121.89435], [37.37622, -121.89501], [37.38338, -121.90788], [37.39077, -121.90965], [37.3927, -121.91365], [37.39755, -121.91391], [37.40271, -121.91773], [37.40402, -121.92193], [37.41015, -121.92243], [37.41617, -121.92955], [37.41806, -121.93031], [37.42096, -121.92881], [37.42242, -121.92359], [37.42955, -121.92786], [37.43331, -121.92496], [37.43771, -121.92533], [37.44157, -121.92219], [37.44273, -121.92329], [37.44523, -121.92225], [37.44564, -121.92328], [37.44839, -121.92275], [37.44983, -121.92397], [37.44892, -121.92663], [37.45146, -121.92714], [37.45241, -121.92367], [37.4551, -121.92731], [37.4538, -121.93198], [37.45799, -121.93132], [37.4591, -121.93408], [37.46061, -121.93435], [37.46154, -121.93166], [37.46314, -121.93172], [37.46041, -121.92826], [37.46002, -121.924], [37.45782, -121.92362], [37.45365, -121.91885], [37.45149, -121.91915], [37.4472, -121.91545], [37.44429, -121.91644], [37.44348, -121.91468], [37.44212, -121.91553], [37.43917, -121.91399], [37.43601, -121.91475], [37.43528, -121.91328]]]}}, {"type": "Feature", "geometry": {"type": "Point", "coordinates": [-122.13477, 37.45094]}, "properties": {"id": "rancho-rinconada-arroyo-san-francisquito", "register_no": "129 ND", "name": "Rinconada Del Arroyo De San Francisquito — Maria Mesa", "date": {"iso": "1841", "display": "1841", "confidence": "year"}, "coord_precision": "exact", "type": "rancho", "layer": "alvarado", "summary": "Granted 1841 by Juan Alvarado to Maria Mesa. Present-day Santa Clara County. Surveyed boundary from the U.S. General Land Office rancho surveys (ECAI/UCSD digitization).", "sources": [{"citation": "Boundary: ECAI/UCSD Spanish & Mexican Land Grants shapefile (GLO survey), reprojected from CA Albers (EPSG:3310)", "url": null}, {"citation": "Grant metadata: Wikipedia, List of ranchos of California", "url": null}], "notes": null, "tags": ["Santa Clara"], "polygon": [[[37.45529, -122.12201], [37.45305, -122.12081], [37.45191, -122.11301], [37.45044, -122.11466], [37.45086, -122.11904], [37.44973, -122.12134], [37.44407, -122.12133], [37.43961, -122.11852], [37.42732, -122.15973], [37.44645, -122.16837], [37.45176, -122.16437], [37.45361, -122.15889], [37.45257, -122.15679], [37.45663, -122.15178], [37.45557, -122.14629], [37.45707, -122.14435], [37.45681, -122.14156], [37.45383, -122.13836], [37.45321, -122.13264], [37.45084, -122.1278], [37.45244, -122.12629], [37.45166, -122.1233], [37.45256, -122.12126], [37.45529, -122.12201]]]}}, {"type": "Feature", "geometry": {"type": "Point", "coordinates": [-121.94741, 37.4288]}, "properties": {"id": "rancho-rincon-esteros-berryessa", "register_no": "204 ND, 238 ND, 239 ND", "name": "Rincon De Los Esteros (Berryessa) — Ignacio Alviso", "date": {"iso": "1838", "display": "1838", "confidence": "year"}, "coord_precision": "exact", "type": "rancho", "layer": "alvarado", "summary": "Granted 1838 by Juan Alvarado to Ignacio Alviso. Present-day Santa Clara County. Surveyed boundary from the U.S. General Land Office rancho surveys (ECAI/UCSD digitization).", "sources": [{"citation": "Boundary: ECAI/UCSD Spanish & Mexican Land Grants shapefile (GLO survey), reprojected from CA Albers (EPSG:3310)", "url": null}, {"citation": "Grant metadata: Wikipedia, List of ranchos of California", "url": null}], "notes": null, "tags": ["Santa Clara"], "polygon": [[[37.42108, -121.9734], [37.42415, -121.97325], [37.42366, -121.97135], [37.42926, -121.96297], [37.42554, -121.95973], [37.43098, -121.95213], [37.43357, -121.94489], [37.43882, -121.93958], [37.43989, -121.9349], [37.44565, -121.93193], [37.44523, -121.92225], [37.44273, -121.92329], [37.44157, -121.92219], [37.43771, -121.92533], [37.43331, -121.92496], [37.42955, -121.92786], [37.42242, -121.92359], [37.42136, -121.92459], [37.41781, -121.94283], [37.41744, -121.96373], [37.41893, -121.96394], [37.41947, -121.96549], [37.41802, -121.96749], [37.42087, -121.97024], [37.42108, -121.9734]]]}}, {"type": "Feature", "geometry": {"type": "Point", "coordinates": [-121.86406, 37.33992]}, "properties": {"id": "rancho-pueblo-lands-san-jose", "register_no": "407 ND", "name": "Pueblo Lands Of San Jose — Andrés Pico", "date": {"iso": "1846", "display": "1846", "confidence": "year"}, "coord_precision": "exact", "type": "rancho", "layer": "pico", "summary": "Granted 1846 by Pio Pico to Andrés Pico. Present-day Alameda County. Surveyed boundary from the U.S. General Land Office rancho surveys (ECAI/UCSD digitization).", "sources": [{"citation": "Boundary: ECAI/UCSD Spanish & Mexican Land Grants shapefile (GLO survey), reprojected from CA Albers (EPSG:3310)", "url": null}, {"citation": "Grant metadata: Wikipedia, List of ranchos of California", "url": null}], "notes": null, "tags": ["Alameda"], "polygon": [[[37.44586, -121.83095], [37.40048, -121.75967], [37.38976, -121.78447], [37.33899, -121.73841], [37.33233, -121.77105], [37.3554, -121.80536], [37.39366, -121.82564], [37.38614, -121.84976], [37.38515, -121.85021], [37.32477, -121.80857], [37.32943, -121.81315], [37.31607, -121.85076], [37.31477, -121.85055], [37.31556, -121.84608], [37.3079, -121.84237], [37.30595, -121.83766], [37.30256, -121.83785], [37.30018, -121.83626], [37.29554, -121.82133], [37.28665, -121.81567], [37.28765, -121.81243], [37.28649, -121.81077], [37.28151, -121.81301], [37.27695, -121.84089], [37.25892, -121.84544], [37.273, -121.85886], [37.27593, -121.85874], [37.27865, -121.8603], [37.28131, -121.8637], [37.27896, -121.8685], [37.27988, -121.87254], [37.28352, -121.87328], [37.28663, -121.88112], [37.2998, -121.87962], [37.31191, -121.88674], [37.31266, -121.88853], [37.31529, -121.88725], [37.32523, -121.88963], [37.33057, -121.89642], [37.3362, -121.90062], [37.34169, -121.90119], [37.34819, -121.9085], [37.35308, -121.91043], [37.35542, -121.91696], [37.35768, -121.91779], [37.3594, -121.917], [37.36289, -121.91895], [37.3726, -121.93158], [37.3726, -121.94932], [37.37843, -121.94921], [37.37605, -121.93535], [37.39459, -121.91415], [37.3927, -121.91365], [37.39077, -121.90965], [37.38338, -121.90788], [37.37622, -121.89501], [37.38055, -121.89435], [37.38778, -121.89967], [37.39231, -121.90035], [37.42364, -121.83635], [37.44127, -121.84912], [37.44586, -121.83095]]]}}, {"type": "Feature", "geometry": {"type": "Point", "coordinates": [-121.88631, 37.41797]}, "properties": {"id": "rancho-milpitas-alviso", "register_no": "37 ND, 388 ND", "name": "Milpitas (Alviso) — José María Alviso", "date": {"iso": "1835", "display": "1835", "confidence": "year"}, "coord_precision": "exact", "type": "rancho", "layer": "interim", "summary": "Granted 1835 by José Castro to José María Alviso. Present-day Santa Clara County. Surveyed boundary from the U.S. General Land Office rancho surveys (ECAI/UCSD digitization).", "sources": [{"citation": "Boundary: ECAI/UCSD Spanish & Mexican Land Grants shapefile (GLO survey), reprojected from CA Albers (EPSG:3310)", "url": null}, {"citation": "Grant metadata: Wikipedia, List of ranchos of California", "url": null}], "notes": null, "tags": ["Santa Clara"], "polygon": [[[37.42844, -121.90798], [37.44127, -121.84912], [37.42364, -121.83635], [37.39231, -121.90035], [37.40016, -121.9019], [37.41155, -121.90047], [37.42844, -121.90798]]]}}, {"type": "Feature", "geometry": {"type": "Point", "coordinates": [-120.9857, 37.35774]}, "properties": {"id": "rancho-orestimba", "register_no": "57 ND", "name": "Orestimba — Sebastian Nunez", "date": {"iso": "1844", "display": "1844", "confidence": "year"}, "coord_precision": "exact", "type": "rancho", "layer": "micheltorena", "summary": "Granted 1844 by Manuel Micheltorena to Sebastian Nunez. Present-day Stanislaus County. Surveyed boundary from the U.S. General Land Office rancho surveys (ECAI/UCSD digitization).", "sources": [{"citation": "Boundary: ECAI/UCSD Spanish & Mexican Land Grants shapefile (GLO survey), reprojected from CA Albers (EPSG:3310)", "url": null}, {"citation": "Grant metadata: Wikipedia, List of ranchos of California", "url": null}], "notes": null, "tags": ["Stanislaus"], "polygon": [[[37.43654, -121.03286], [37.43389, -121.03074], [37.43266, -121.02719], [37.43327, -121.02549], [37.43806, -121.02417], [37.438, -121.02136], [37.43278, -121.0211], [37.43071, -121.01262], [37.42561, -121.01311], [37.42406, -121.01007], [37.42806, -121.0025], [37.42667, -120.99871], [37.42394, -120.99853], [37.42069, -121.00212], [37.41653, -120.99768], [37.41335, -121.00244], [37.41125, -121.00258], [37.40673, -120.99267], [37.4022, -120.99593], [37.40087, -120.99491], [37.40071, -120.98512], [37.39563, -120.98607], [37.39484, -120.99219], [37.39297, -120.99483], [37.39056, -120.99187], [37.3869, -120.99167], [37.38377, -120.99303], [37.38145, -120.98919], [37.38454, -120.98737], [37.38447, -120.98493], [37.38041, -120.98198], [37.37846, -120.9843], [37.37689, -120.98396], [37.37477, -120.98004], [37.37457, -120.97213], [37.36978, -120.9765], [37.36877, -120.98076], [37.36723, -120.98139], [37.36656, -120.98044], [37.36801, -120.97579], [37.36552, -120.97559], [37.35985, -120.98277], [37.35823, -120.98102], [37.35949, -120.97879], [37.35831, -120.97681], [37.35628, -120.9778], [37.34537, -120.97544], [37.34612, -120.972], [37.34336, -120.96886], [37.34381, -120.96377], [37.34277, -120.96543], [37.33883, -120.96628], [37.33817, -120.96822], [37.3364, -120.96899], [37.33649, -120.96573], [37.33959, -120.96509], [37.33952, -120.96302], [37.33245, -120.96084], [37.33548, -120.95592], [37.33289, -120.95539], [37.33151, -120.95255], [37.32896, -120.95209], [37.33001, -120.94681], [37.32876, -120.94371], [37.32667, -120.94592], [37.3234, -120.94318], [37.3208, -120.94497], [37.3201, -120.9435], [37.32173, -120.93873], [37.31955, -120.93578], [37.3156, -120.93558], [37.31412, -120.93904], [37.30916, -120.93847], [37.30978, -120.93138], [37.30408, -120.92371], [37.30198, -120.9274], [37.30045, -120.92784], [37.29933, -120.92696], [37.30093, -120.92198], [37.29403, -120.91964], [37.26577, -120.92068], [37.26599, -120.97988], [37.28035, -120.98001], [37.28033, -120.98467], [37.29495, -120.98451], [37.29485, -120.99371], [37.30231, -120.99368], [37.30241, -121.00749], [37.30971, -121.00738], [37.30948, -121.01197], [37.31657, -121.01196], [37.31693, -121.02098], [37.32398, -121.02103], [37.32415, -121.02538], [37.33166, -121.02511], [37.33179, -121.03471], [37.3385, -121.03459], [37.33849, -121.03906], [37.34593, -121.0391], [37.34598, -121.04383], [37.37516, -121.04353], [37.3753, -121.05247], [37.3971, -121.05212], [37.39733, -121.05829], [37.41186, -121.05787], [37.43654, -121.03286]]]}}, {"type": "Feature", "geometry": {"type": "Point", "coordinates": [-121.94465, 37.40736]}, "properties": {"id": "rancho-rincon-esteros-alviso", "register_no": "204 ND, 238 ND, 239 ND", "name": "Rincon De Los Esteros (Alviso) — Ignacio Alviso", "date": {"iso": "1838", "display": "1838", "confidence": "year"}, "coord_precision": "exact", "type": "rancho", "layer": "alvarado", "summary": "Granted 1838 by Juan Alvarado to Ignacio Alviso. Present-day Santa Clara County. Surveyed boundary from the U.S. General Land Office rancho surveys (ECAI/UCSD digitization).", "sources": [{"citation": "Boundary: ECAI/UCSD Spanish & Mexican Land Grants shapefile (GLO survey), reprojected from CA Albers (EPSG:3310)", "url": null}, {"citation": "Grant metadata: Wikipedia, List of ranchos of California", "url": null}], "notes": null, "tags": ["Santa Clara"], "polygon": [[[37.41953, -121.97319], [37.42108, -121.9734], [37.42112, -121.97124], [37.41802, -121.96749], [37.41947, -121.96549], [37.41893, -121.96394], [37.41744, -121.96373], [37.41781, -121.94283], [37.42096, -121.92881], [37.41806, -121.93031], [37.41617, -121.92955], [37.41015, -121.92243], [37.40546, -121.92271], [37.40402, -121.92193], [37.40198, -121.91698], [37.39755, -121.91391], [37.39464, -121.91409], [37.37605, -121.93535], [37.37944, -121.93655], [37.38466, -121.93483], [37.38959, -121.93848], [37.39879, -121.94046], [37.40096, -121.94763], [37.40958, -121.96026], [37.41042, -121.97217], [37.41953, -121.97319]]]}}, {"type": "Feature", "geometry": {"type": "Point", "coordinates": [-122.23245, 37.39531]}, "properties": {"id": "rancho-canada-corte-madera", "register_no": "395 ND", "name": "Canada Del Corte De Madera — José Domingo Peralta", "date": {"iso": "1833", "display": "1833", "confidence": "year"}, "coord_precision": "exact", "type": "rancho", "layer": "figueroa", "summary": "Granted 1833 by José Figueroa to José Domingo Peralta. Present-day San Mateo County. Surveyed boundary from the U.S. General Land Office rancho surveys (ECAI/UCSD digitization).", "sources": [{"citation": "Boundary: ECAI/UCSD Spanish & Mexican Land Grants shapefile (GLO survey), reprojected from CA Albers (EPSG:3310)", "url": null}, {"citation": "Grant metadata: Wikipedia, List of ranchos of California", "url": null}], "notes": null, "tags": ["San Mateo"], "polygon": [[[37.40867, -122.23762], [37.41001, -122.23431], [37.40834, -122.23193], [37.40971, -122.22942], [37.36685, -122.18657], [37.35821, -122.20687], [37.36365, -122.21804], [37.39529, -122.24911], [37.40277, -122.25378], [37.40389, -122.24997], [37.39937, -122.24465], [37.39902, -122.2382], [37.39984, -122.23616], [37.40867, -122.23762]]]}}, {"type": "Feature", "geometry": {"type": "Point", "coordinates": [-122.34173, 37.33742]}, "properties": {"id": "rancho-san-gregorio-rogriguez", "register_no": "88 ND, 89 ND", "name": "San Gregorio (Rogriguez) — Antonio Buelna", "date": {"iso": "1839", "display": "1839", "confidence": "year"}, "coord_precision": "exact", "type": "rancho", "layer": "alvarado", "summary": "Granted 1839 by Juan Alvarado to Antonio Buelna. Present-day San Mateo County. Surveyed boundary from the U.S. General Land Office rancho surveys (ECAI/UCSD digitization).", "sources": [{"citation": "Boundary: ECAI/UCSD Spanish & Mexican Land Grants shapefile (GLO survey), reprojected from CA Albers (EPSG:3310)", "url": null}, {"citation": "Grant metadata: Wikipedia, List of ranchos of California", "url": null}], "notes": null, "tags": ["San Mateo"], "polygon": [[[37.38766, -122.33913], [37.38779, -122.30731], [37.36216, -122.30707], [37.36223, -122.30253], [37.34449, -122.30268], [37.34446, -122.27306], [37.34217, -122.27295], [37.33532, -122.26853], [37.33334, -122.26858], [37.33188, -122.2708], [37.32559, -122.2689], [37.3242, -122.27198], [37.32307, -122.27111], [37.3227, -122.29374], [37.31492, -122.30068], [37.31149, -122.30684], [37.30984, -122.31313], [37.311, -122.31386], [37.30997, -122.32119], [37.31099, -122.32269], [37.30981, -122.32314], [37.31201, -122.3252], [37.31107, -122.32829], [37.31436, -122.32967], [37.31451, -122.33133], [37.31655, -122.33135], [37.31373, -122.35484], [37.30176, -122.38842], [37.30367, -122.39179], [37.30325, -122.39837], [37.29679, -122.40515], [37.31998, -122.40196], [37.32341, -122.40296], [37.33495, -122.40023], [37.34374, -122.4], [37.34662, -122.40117], [37.34768, -122.39988], [37.35461, -122.39942], [37.35697, -122.39145], [37.36025, -122.38915], [37.36162, -122.39023], [37.36571, -122.38696], [37.3668, -122.38737], [37.36969, -122.38178], [37.37232, -122.38104], [37.37482, -122.37475], [37.37699, -122.37408], [37.3768, -122.33901], [37.38766, -122.33913]]]}}, {"type": "Feature", "geometry": {"type": "Point", "coordinates": [-122.08824, 37.33497]}, "properties": {"id": "rancho-san-antonio-mesa", "register_no": "98 ND, 99 ND, 100 ND", "name": "San Antonio (Mesa) — Luís María Peralta", "date": {"iso": "1820", "display": "1820", "confidence": "year"}, "coord_precision": "exact", "type": "rancho", "layer": "spanish", "summary": "Granted 1820 by Pablo Vicente de Solá to Luís María Peralta. Present-day Alameda County. Surveyed boundary from the U.S. General Land Office rancho surveys (ECAI/UCSD digitization).", "sources": [{"citation": "Boundary: ECAI/UCSD Spanish & Mexican Land Grants shapefile (GLO survey), reprojected from CA Albers (EPSG:3310)", "url": null}, {"citation": "Grant metadata: Wikipedia, List of ranchos of California", "url": null}], "notes": null, "tags": ["Alameda"], "polygon": [[[37.36816, -122.11306], [37.36461, -122.10353], [37.33375, -122.06337], [37.32836, -122.05918], [37.32587, -122.05885], [37.32309, -122.0604], [37.31966, -122.05969], [37.31613, -122.06122], [37.31317, -122.06001], [37.31346, -122.06269], [37.31029, -122.06305], [37.30936, -122.06184], [37.30686, -122.0628], [37.30766, -122.06409], [37.30637, -122.06548], [37.33615, -122.10124], [37.34186, -122.12814], [37.34488, -122.13556], [37.35112, -122.13847], [37.35786, -122.12712], [37.35832, -122.12151], [37.36467, -122.11657], [37.36957, -122.11686], [37.36816, -122.11306]]]}}, {"type": "Feature", "geometry": {"type": "Point", "coordinates": [-121.58718, 37.26313]}, "properties": {"id": "rancho-huecos", "register_no": "221 ND", "name": "Los Huecos — Luis Arenas", "date": {"iso": "1846", "display": "1846", "confidence": "year"}, "coord_precision": "exact", "type": "rancho", "layer": "pico", "summary": "Granted 1846 by Pio Pico to Luis Arenas. Present-day Santa Clara County. Surveyed boundary from the U.S. General Land Office rancho surveys (ECAI/UCSD digitization).", "sources": [{"citation": "Boundary: ECAI/UCSD Spanish & Mexican Land Grants shapefile (GLO survey), reprojected from CA Albers (EPSG:3310)", "url": null}, {"citation": "Grant metadata: Wikipedia, List of ranchos of California", "url": null}], "notes": null, "tags": ["Santa Clara"], "polygon": [[[37.34642, -121.58573], [37.34638, -121.55851], [37.33905, -121.55848], [37.33885, -121.53132], [37.33171, -121.53109], [37.33164, -121.52186], [37.32449, -121.52195], [37.32443, -121.51324], [37.31719, -121.51339], [37.31713, -121.50428], [37.29537, -121.50465], [37.29483, -121.56805], [37.28729, -121.56788], [37.28713, -121.58584], [37.25894, -121.58538], [37.25891, -121.57705], [37.23156, -121.57676], [37.23139, -121.5664], [37.22142, -121.56652], [37.22145, -121.55648], [37.21607, -121.55651], [37.21611, -121.55314], [37.21022, -121.55305], [37.21047, -121.5485], [37.18617, -121.54972], [37.18646, -121.58494], [37.19356, -121.58506], [37.19358, -121.60321], [37.20068, -121.60328], [37.20087, -121.63004], [37.21503, -121.63008], [37.21524, -121.63942], [37.22246, -121.63952], [37.22254, -121.65762], [37.23319, -121.6575], [37.233, -121.71603], [37.23487, -121.71773], [37.26736, -121.68261], [37.30257, -121.70958], [37.30227, -121.67745], [37.3367, -121.58584], [37.34642, -121.58573]]]}}, {"type": "Feature", "geometry": {"type": "Point", "coordinates": [-121.90916, 37.31585]}, "properties": {"id": "rancho-coches", "register_no": "289 ND", "name": "Los Coches — Roberto Sunol", "date": {"iso": "1844", "display": "1844", "confidence": "year"}, "coord_precision": "exact", "type": "rancho", "layer": "micheltorena", "summary": "Granted 1844 by Manuel Micheltorena to Roberto Sunol. Present-day Santa Clara County. Surveyed boundary from the U.S. General Land Office rancho surveys (ECAI/UCSD digitization).", "sources": [{"citation": "Boundary: ECAI/UCSD Spanish & Mexican Land Grants shapefile (GLO survey), reprojected from CA Albers (EPSG:3310)", "url": null}, {"citation": "Grant metadata: Wikipedia, List of ranchos of California", "url": null}], "notes": null, "tags": ["Santa Clara"], "polygon": [[[37.33619, -121.91849], [37.33013, -121.91094], [37.33139, -121.89702], [37.32523, -121.88963], [37.31423, -121.90241], [37.31095, -121.90308], [37.31012, -121.9062], [37.30858, -121.90622], [37.306, -121.90993], [37.30169, -121.91059], [37.29827, -121.90816], [37.29353, -121.90782], [37.31943, -121.93923], [37.33619, -121.91849]]]}}, {"type": "Feature", "geometry": {"type": "Point", "coordinates": [-122.36348, 37.17243]}, "properties": {"id": "rancho-punto-ano-nuevo", "register_no": null, "name": "Punto Del Ano Nuevo", "date": {"iso": null, "display": "date to confirm", "confidence": "unknown"}, "coord_precision": "exact", "type": "rancho", "layer": "unattributed", "summary": "Surveyed boundary from the U.S. General Land Office rancho surveys (ECAI/UCSD digitization).", "sources": [{"citation": "Boundary: ECAI/UCSD Spanish & Mexican Land Grants shapefile (GLO survey), reprojected from CA Albers (EPSG:3310)", "url": null}], "notes": null, "tags": [], "polygon": [[[37.21582, -122.34231], [37.1902, -122.31723], [37.146, -122.31054], [37.11196, -122.28816], [37.10563, -122.29175], [37.10932, -122.29564], [37.11477, -122.3049], [37.11628, -122.31059], [37.11628, -122.31288], [37.11459, -122.31422], [37.11548, -122.31562], [37.11399, -122.32151], [37.1106, -122.32803], [37.11525, -122.33083], [37.1161, -122.33635], [37.11916, -122.33844], [37.12675, -122.33607], [37.13426, -122.33664], [37.13852, -122.34165], [37.14205, -122.34248], [37.14331, -122.34411], [37.14372, -122.35072], [37.14532, -122.35057], [37.14619, -122.35481], [37.14644, -122.35389], [37.14745, -122.35444], [37.1477, -122.35927], [37.15122, -122.35839], [37.16164, -122.36065], [37.17132, -122.36607], [37.1718, -122.3685], [37.17897, -122.37676], [37.17919, -122.38008], [37.18149, -122.38431], [37.18154, -122.39035], [37.17982, -122.39373], [37.18117, -122.39333], [37.18355, -122.39607], [37.19056, -122.39693], [37.19422, -122.40399], [37.2005, -122.40459], [37.2037, -122.40365], [37.20563, -122.40413], [37.20645, -122.40585], [37.21229, -122.40679], [37.21272, -122.40825], [37.21353, -122.40679], [37.2179, -122.4061], [37.22289, -122.40936], [37.22338, -122.40566], [37.22135, -122.40112], [37.2234, -122.4005], [37.22411, -122.39562], [37.22673, -122.39294], [37.22776, -122.3891], [37.22672, -122.38651], [37.22528, -122.38606], [37.22487, -122.38278], [37.22225, -122.38349], [37.21791, -122.38053], [37.2158, -122.38061], [37.21582, -122.34231]]]}}, {"type": "Feature", "geometry": {"type": "Point", "coordinates": [-121.81109, 37.18629]}, "properties": {"id": "rancho-san-vicente-berreyesa", "register_no": "363 ND", "name": "San Vicente (Berreyesa) — José de los Reyes Berreyesa", "date": {"iso": "1842", "display": "1842", "confidence": "year"}, "coord_precision": "exact", "type": "rancho", "layer": "alvarado", "summary": "Granted 1842 by Juan Alvarado to José de los Reyes Berreyesa. Present-day Santa Clara County. Surveyed boundary from the U.S. General Land Office rancho surveys (ECAI/UCSD digitization).", "sources": [{"citation": "Boundary: ECAI/UCSD Spanish & Mexican Land Grants shapefile (GLO survey), reprojected from CA Albers (EPSG:3310)", "url": null}, {"citation": "Grant metadata: Wikipedia, List of ranchos of California", "url": null}], "notes": null, "tags": ["Santa Clara"], "polygon": [[[37.21247, -121.83425], [37.21205, -121.82944], [37.20198, -121.81113], [37.20139, -121.80171], [37.20261, -121.79754], [37.18815, -121.78682], [37.18806, -121.7839], [37.17011, -121.78379], [37.17006, -121.8019], [37.16289, -121.80193], [37.16296, -121.82747], [37.16117, -121.82984], [37.16165, -121.83136], [37.21247, -121.83425]]]}}, {"type": "Feature", "geometry": {"type": "Point", "coordinates": [-122.17659, 37.06253]}, "properties": {"id": "rancho-san-vincente-escarrilla", "register_no": null, "name": "San Vincente (Escarrilla)", "date": {"iso": null, "display": "date to confirm", "confidence": "unknown"}, "coord_precision": "exact", "type": "rancho", "layer": "unattributed", "summary": "Surveyed boundary from the U.S. General Land Office rancho surveys (ECAI/UCSD digitization).", "sources": [{"citation": "Boundary: ECAI/UCSD Spanish & Mexican Land Grants shapefile (GLO survey), reprojected from CA Albers (EPSG:3310)", "url": null}], "notes": null, "tags": [], "polygon": [[[37.13165, -122.16971], [37.12758, -122.16365], [37.11171, -122.1516], [37.10803, -122.14428], [37.10169, -122.1412], [37.09834, -122.14459], [37.09241, -122.1473], [37.08856, -122.15177], [37.08496, -122.15214], [37.08364, -122.15107], [37.07999, -122.15359], [37.07266, -122.15423], [37.0658, -122.16247], [37.06123, -122.16269], [37.05849, -122.17151], [37.06045, -122.17744], [37.05815, -122.17755], [37.05719, -122.17904], [37.05579, -122.17852], [37.05399, -122.18074], [37.05137, -122.18125], [37.04635, -122.17925], [37.04438, -122.17404], [37.03908, -122.17275], [37.02835, -122.18252], [37.01625, -122.18625], [37.01102, -122.18996], [37.0099, -122.18924], [37.00771, -122.1929], [37.00792, -122.19547], [37.01087, -122.19844], [37.01243, -122.20509], [37.01705, -122.20758], [37.02042, -122.21383], [37.02259, -122.21486], [37.03122, -122.2113], [37.03334, -122.20814], [37.09709, -122.19441], [37.13738, -122.18355], [37.13487, -122.17458], [37.13165, -122.16971]]]}}, {"type": "Feature", "geometry": {"type": "Point", "coordinates": [-121.93301, 37.03967]}, "properties": {"id": "rancho-shoquel-augmentation", "register_no": null, "name": "Shoquel Augmentation", "date": {"iso": null, "display": "date to confirm", "confidence": "unknown"}, "coord_precision": "exact", "type": "rancho", "layer": "unattributed", "summary": "Surveyed boundary from the U.S. General Land Office rancho surveys (ECAI/UCSD digitization).", "sources": [{"citation": "Boundary: ECAI/UCSD Spanish & Mexican Land Grants shapefile (GLO survey), reprojected from CA Albers (EPSG:3310)", "url": null}], "notes": null, "tags": [], "polygon": [[[37.1354, -121.98396], [37.11802, -121.89074], [37.11074, -121.84385], [37.10906, -121.84109], [37.02212, -121.8453], [36.98603, -121.83553], [37.00789, -121.92083], [36.99522, -121.92046], [36.99526, -121.95384], [37.00125, -121.95316], [37.00325, -121.95007], [37.00961, -121.95171], [37.0131, -121.94557], [37.01558, -121.94827], [37.0168, -121.94813], [37.01713, -121.94534], [37.02019, -121.94656], [37.02077, -121.94502], [37.02336, -121.94621], [37.0249, -121.94442], [37.02809, -121.94661], [37.02929, -121.94599], [37.02998, -121.9402], [37.03143, -121.94301], [37.03274, -121.94287], [37.0327, -121.9409], [37.03521, -121.94297], [37.03668, -121.94267], [37.03758, -121.93991], [37.04035, -121.94081], [37.04276, -121.93934], [37.04141, -121.93853], [37.0425, -121.9366], [37.04086, -121.93393], [37.04432, -121.93338], [37.04501, -121.92804], [37.04803, -121.92775], [37.12701, -121.97981], [37.1354, -121.98396]]]}}, {"type": "Feature", "geometry": {"type": "Point", "coordinates": [-121.20612, 37.06747]}, "properties": {"id": "rancho-san-luis-conzaga", "register_no": null, "name": "San Luis Conzaga", "date": {"iso": null, "display": "date to confirm", "confidence": "unknown"}, "coord_precision": "exact", "type": "rancho", "layer": "unattributed", "summary": "Surveyed boundary from the U.S. General Land Office rancho surveys (ECAI/UCSD digitization).", "sources": [{"citation": "Boundary: ECAI/UCSD Spanish & Mexican Land Grants shapefile (GLO survey), reprojected from CA Albers (EPSG:3310)", "url": null}], "notes": null, "tags": [], "polygon": [[[37.10137, -121.31177], [37.09988, -121.22557], [37.10136, -121.14288], [37.09938, -121.05127], [37.03374, -121.05159], [37.03402, -121.14324], [37.01396, -121.27978], [37.02217, -121.33717], [37.10137, -121.31177]]]}}, {"type": "Feature", "geometry": {"type": "Point", "coordinates": [-122.06182, 37.06774]}, "properties": {"id": "rancho-zayanta", "register_no": null, "name": "Zayanta", "date": {"iso": null, "display": "date to confirm", "confidence": "unknown"}, "coord_precision": "exact", "type": "rancho", "layer": "unattributed", "summary": "Surveyed boundary from the U.S. General Land Office rancho surveys (ECAI/UCSD digitization).", "sources": [{"citation": "Boundary: ECAI/UCSD Spanish & Mexican Land Grants shapefile (GLO survey), reprojected from CA Albers (EPSG:3310)", "url": null}], "notes": null, "tags": [], "polygon": [[[37.08016, -122.05675], [37.08011, -122.04961], [37.04442, -122.04978], [37.04112, -122.07907], [37.08044, -122.07894], [37.08016, -122.05675]]]}}, {"type": "Feature", "geometry": {"type": "Point", "coordinates": [-122.01299, 37.05186]}, "properties": {"id": "rancho-san-augustin", "register_no": null, "name": "San Augustin", "date": {"iso": null, "display": "date to confirm", "confidence": "unknown"}, "coord_precision": "exact", "type": "rancho", "layer": "unattributed", "summary": "Surveyed boundary from the U.S. General Land Office rancho surveys (ECAI/UCSD digitization).", "sources": [{"citation": "Boundary: ECAI/UCSD Spanish & Mexican Land Grants shapefile (GLO survey), reprojected from CA Albers (EPSG:3310)", "url": null}], "notes": null, "tags": [], "polygon": [[[37.07907, -122.00129], [37.07314, -121.97947], [37.04793, -122.00227], [37.03233, -122.00667], [37.01852, -122.00854], [37.01923, -122.0217], [37.02904, -122.03739], [37.04467, -122.04747], [37.05774, -122.03436], [37.06246, -122.0114], [37.07907, -122.00401], [37.07907, -122.00129]]]}}, {"type": "Feature", "geometry": {"type": "Point", "coordinates": [-122.05676, 37.01486]}, "properties": {"id": "rancho-canada-rincon-en-rio-san-lorenco-santa-cruz", "register_no": null, "name": "Canada Del Rincon En El Rio San Lorenco De Santa Cruz", "date": {"iso": null, "display": "date to confirm", "confidence": "unknown"}, "coord_precision": "exact", "type": "rancho", "layer": "unattributed", "summary": "Surveyed boundary from the U.S. General Land Office rancho surveys (ECAI/UCSD digitization).", "sources": [{"citation": "Boundary: ECAI/UCSD Spanish & Mexican Land Grants shapefile (GLO survey), reprojected from CA Albers (EPSG:3310)", "url": null}], "notes": null, "tags": [], "polygon": [[[37.04467, -122.04747], [37.02904, -122.03739], [37.02283, -122.05686], [37.02125, -122.05649], [37.02129, -122.05924], [37.017, -122.05951], [37.01364, -122.05742], [37.01428, -122.05499], [37.01305, -122.05015], [37.01783, -122.05224], [37.0193, -122.05133], [37.01836, -122.04826], [37.01222, -122.04444], [37.01158, -122.04155], [37.0072, -122.04321], [37.00672, -122.03968], [37.0042, -122.03957], [37.00136, -122.03567], [36.99556, -122.03512], [36.99419, -122.03282], [36.99049, -122.03145], [36.98553, -122.05894], [37.00195, -122.06077], [37.00455, -122.06334], [37.01313, -122.06774], [37.01574, -122.07231], [37.01638, -122.07829], [37.02529, -122.08857], [37.02476, -122.09682], [37.02934, -122.10238], [37.03826, -122.10499], [37.04467, -122.04747]]]}}, {"type": "Feature", "geometry": {"type": "Point", "coordinates": [-122.1688, 37.00044]}, "properties": {"id": "rancho-arroya-laguna", "register_no": null, "name": "Arroya De La Laguna", "date": {"iso": null, "display": "date to confirm", "confidence": "unknown"}, "coord_precision": "exact", "type": "rancho", "layer": "unattributed", "summary": "Surveyed boundary from the U.S. General Land Office rancho surveys (ECAI/UCSD digitization).", "sources": [{"citation": "Boundary: ECAI/UCSD Spanish & Mexican Land Grants shapefile (GLO survey), reprojected from CA Albers (EPSG:3310)", "url": null}], "notes": null, "tags": [], "polygon": [[[37.03256, -122.1687], [37.0154, -122.12893], [37.01337, -122.13175], [36.99659, -122.14256], [36.99289, -122.14817], [36.98853, -122.14664], [36.98583, -122.15079], [36.98553, -122.1539], [36.98272, -122.15388], [36.9822, -122.15521], [36.98241, -122.15764], [36.98646, -122.16122], [36.98693, -122.16791], [36.98894, -122.16755], [36.99179, -122.16961], [36.99131, -122.17074], [36.99314, -122.1716], [36.99226, -122.17221], [36.99391, -122.17539], [36.99546, -122.17568], [36.9964, -122.18169], [36.99733, -122.18235], [36.99801, -122.18038], [36.999, -122.18059], [36.99979, -122.18488], [37.0021, -122.18425], [37.003, -122.18856], [37.00771, -122.1929], [37.0099, -122.18924], [37.01102, -122.18996], [37.01625, -122.18625], [37.02835, -122.18252], [37.03528, -122.17694], [37.03256, -122.1687]]]}}, {"type": "Feature", "geometry": {"type": "Point", "coordinates": [-122.03649, 37.01018]}, "properties": {"id": "rancho-carbonera", "register_no": "255 ND", "name": "La Carbonera — Jose Guillermo Bocle", "date": {"iso": "1838", "display": "1838", "confidence": "year"}, "coord_precision": "exact", "type": "rancho", "layer": "alvarado", "summary": "Granted 1838 by Juan Alvarado to Jose Guillermo Bocle. Present-day Santa Cruz County. Surveyed boundary from the U.S. General Land Office rancho surveys (ECAI/UCSD digitization).", "sources": [{"citation": "Boundary: ECAI/UCSD Spanish & Mexican Land Grants shapefile (GLO survey), reprojected from CA Albers (EPSG:3310)", "url": null}, {"citation": "Grant metadata: Wikipedia, List of ranchos of California", "url": null}], "notes": null, "tags": ["Santa Cruz"], "polygon": [[[37.01923, -122.0217], [37.01628, -122.02112], [37.01469, -122.02251], [37.0128, -122.02144], [37.00958, -122.01542], [37.00801, -122.01768], [37.00052, -122.01561], [36.99799, -122.0156], [36.99606, -122.01724], [36.9896, -122.01409], [36.9897, -122.0309], [36.99419, -122.03282], [36.99556, -122.03512], [37.00136, -122.03567], [37.0042, -122.03957], [37.00672, -122.03968], [37.0072, -122.04321], [37.01158, -122.04155], [37.01222, -122.04444], [37.01836, -122.04826], [37.0193, -122.05133], [37.01783, -122.05224], [37.01305, -122.05015], [37.01428, -122.05499], [37.01364, -122.05742], [37.01811, -122.05972], [37.02129, -122.05924], [37.02125, -122.05649], [37.02283, -122.05686], [37.02904, -122.03739], [37.01923, -122.0217]]]}}, {"type": "Feature", "geometry": {"type": "Point", "coordinates": [-121.48028, 36.95232]}, "properties": {"id": "rancho-llano-tequisquita", "register_no": null, "name": "Llano Del Tequisquita", "date": {"iso": null, "display": "date to confirm", "confidence": "unknown"}, "coord_precision": "exact", "type": "rancho", "layer": "unattributed", "summary": "Surveyed boundary from the U.S. General Land Office rancho surveys (ECAI/UCSD digitization).", "sources": [{"citation": "Boundary: ECAI/UCSD Spanish & Mexican Land Grants shapefile (GLO survey), reprojected from CA Albers (EPSG:3310)", "url": null}], "notes": null, "tags": [], "polygon": [[[37.01612, -121.45285], [37.01767, -121.45135], [37.00392, -121.4327], [36.94806, -121.44457], [36.94231, -121.44393], [36.93187, -121.43696], [36.9313, -121.43162], [36.92791, -121.42773], [36.92805, -121.42148], [36.90618, -121.47877], [36.89471, -121.4863], [36.92606, -121.53753], [36.93573, -121.52264], [36.93873, -121.52112], [36.94382, -121.51294], [36.9478, -121.51076], [36.95113, -121.51105], [36.95245, -121.50917], [36.95481, -121.5091], [36.95762, -121.51125], [36.95862, -121.50836], [36.96196, -121.5074], [36.96276, -121.50428], [37.01612, -121.45285]]]}}, {"type": "Feature", "geometry": {"type": "Point", "coordinates": [-121.94098, 36.98287]}, "properties": {"id": "rancho-shoquel", "register_no": null, "name": "Shoquel", "date": {"iso": null, "display": "date to confirm", "confidence": "unknown"}, "coord_precision": "exact", "type": "rancho", "layer": "unattributed", "summary": "Surveyed boundary from the U.S. General Land Office rancho surveys (ECAI/UCSD digitization).", "sources": [{"citation": "Boundary: ECAI/UCSD Spanish & Mexican Land Grants shapefile (GLO survey), reprojected from CA Albers (EPSG:3310)", "url": null}], "notes": null, "tags": [], "polygon": [[[36.99522, -121.92046], [36.98683, -121.92026], [36.98493, -121.92212], [36.97732, -121.92181], [36.97576, -121.92715], [36.9769, -121.93719], [36.97056, -121.94729], [36.97001, -121.95026], [36.97321, -121.95413], [36.98048, -121.95806], [36.9817, -121.9585], [36.98423, -121.954], [36.9857, -121.95512], [36.99266, -121.95508], [36.99526, -121.95384], [36.99522, -121.92046]]]}}, {"type": "Feature", "geometry": {"type": "Point", "coordinates": [-121.96721, 36.97233]}, "properties": {"id": "rancho-arroyo-rodeo", "register_no": "307 SD", "name": "Arroyo Del Rodeo — Francisco Rodriguez", "date": {"iso": "1834", "display": "1834", "confidence": "year"}, "coord_precision": "exact", "type": "rancho", "layer": "figueroa", "summary": "Granted 1834 by José Figueroa to Francisco Rodriguez. Present-day Santa Cruz County. Surveyed boundary from the U.S. General Land Office rancho surveys (ECAI/UCSD digitization).", "sources": [{"citation": "Boundary: ECAI/UCSD Spanish & Mexican Land Grants shapefile (GLO survey), reprojected from CA Albers (EPSG:3310)", "url": null}, {"citation": "Grant metadata: Wikipedia, List of ranchos of California", "url": null}], "notes": null, "tags": ["Santa Cruz"], "polygon": [[[36.99207, -121.95488], [36.9857, -121.95512], [36.98423, -121.954], [36.9817, -121.9585], [36.97038, -121.95154], [36.96488, -121.95648], [36.96388, -121.95899], [36.95946, -121.96195], [36.95291, -121.97134], [36.95252, -121.97533], [36.95462, -121.97716], [36.9565, -121.98167], [36.95849, -121.98274], [36.96219, -121.97685], [36.96667, -121.97402], [36.96837, -121.97476], [36.97365, -121.97377], [36.97861, -121.97229], [36.98131, -121.96999], [36.98493, -121.97023], [36.98616, -121.96918], [36.99223, -121.97005], [36.99207, -121.95488]]]}}, {"type": "Feature", "geometry": {"type": "Point", "coordinates": [-122.03646, 36.98349]}, "properties": {"id": "rancho-potrero-rincon-san-pedro-reglado", "register_no": "213 SD", "name": "Potrero Y Rincon De San Pedro De Reglado — Jose Arana", "date": {"iso": "1842", "display": "1842", "confidence": "year"}, "coord_precision": "exact", "type": "rancho", "layer": "alvarado", "summary": "Granted 1842 by Juan Alvarado to Jose Arana. Present-day Santa Cruz County. Surveyed boundary from the U.S. General Land Office rancho surveys (ECAI/UCSD digitization).", "sources": [{"citation": "Boundary: ECAI/UCSD Spanish & Mexican Land Grants shapefile (GLO survey), reprojected from CA Albers (EPSG:3310)", "url": null}, {"citation": "Grant metadata: Wikipedia, List of ranchos of California", "url": null}], "notes": null, "tags": ["Santa Cruz"], "polygon": [[[36.98103, -122.03638], [36.9822, -122.03858], [36.98548, -122.03923], [36.98861, -122.03799], [36.98679, -122.03353], [36.97932, -122.03316], [36.98103, -122.03638]]]}}, {"type": "Feature", "geometry": {"type": "Point", "coordinates": [-121.83862, 36.97423]}, "properties": {"id": "rancho-laguna-calabasas", "register_no": null, "name": "Laguna De Las Calabasas", "date": {"iso": null, "display": "date to confirm", "confidence": "unknown"}, "coord_precision": "exact", "type": "rancho", "layer": "unattributed", "summary": "Surveyed boundary from the U.S. General Land Office rancho surveys (ECAI/UCSD digitization).", "sources": [{"citation": "Boundary: ECAI/UCSD Spanish & Mexican Land Grants shapefile (GLO survey), reprojected from CA Albers (EPSG:3310)", "url": null}], "notes": null, "tags": [], "polygon": [[[36.98603, -121.83553], [36.95464, -121.81363], [36.95361, -121.85416], [36.99082, -121.85423], [36.98603, -121.83553]]]}}, {"type": "Feature", "geometry": {"type": "Point", "coordinates": [-122.03967, 36.97705]}, "properties": {"id": "rancho-tres-ojos-agua", "register_no": "285 SD", "name": "Tres Ojos De Agua — Nicolas Dodero", "date": {"iso": "1844", "display": "1844", "confidence": "year"}, "coord_precision": "exact", "type": "rancho", "layer": "micheltorena", "summary": "Granted 1844 by Manuel Micheltorena to Nicolas Dodero. Present-day Santa Cruz County. Surveyed boundary from the U.S. General Land Office rancho surveys (ECAI/UCSD digitization).", "sources": [{"citation": "Boundary: ECAI/UCSD Spanish & Mexican Land Grants shapefile (GLO survey), reprojected from CA Albers (EPSG:3310)", "url": null}, {"citation": "Grant metadata: Wikipedia, List of ranchos of California", "url": null}], "notes": null, "tags": ["Santa Cruz"], "polygon": [[[36.98088, -122.04041], [36.98086, -122.03748], [36.97294, -122.03471], [36.97161, -122.0369], [36.97401, -122.04238], [36.9776, -122.04582], [36.97759, -122.03923], [36.98088, -122.04041]]]}}, {"type": "Feature", "geometry": {"type": "Point", "coordinates": [-122.0438, 36.97957]}, "properties": {"id": "rancho-mesa-ojo-agua", "register_no": null, "name": "Mesa De Ojo De Agua", "date": {"iso": null, "display": "date to confirm", "confidence": "unknown"}, "coord_precision": "exact", "type": "rancho", "layer": "unattributed", "summary": "Surveyed boundary from the U.S. General Land Office rancho surveys (ECAI/UCSD digitization).", "sources": [{"citation": "Boundary: ECAI/UCSD Spanish & Mexican Land Grants shapefile (GLO survey), reprojected from CA Albers (EPSG:3310)", "url": null}], "notes": null, "tags": [], "polygon": [[[36.98089, -122.04678], [36.98088, -122.04041], [36.97759, -122.03923], [36.9776, -122.04582], [36.98089, -122.04678]]]}}, {"type": "Feature", "geometry": {"type": "Point", "coordinates": [-120.98308, 36.90259]}, "properties": {"id": "rancho-panoche-san-juan-carrisalitos", "register_no": "181 SD", "name": "Panoche De San Juan Los Carrisalitos — Julian Ursua", "date": {"iso": "1844", "display": "1844", "confidence": "year"}, "coord_precision": "exact", "type": "rancho", "layer": "micheltorena", "summary": "Granted 1844 by Manuel Micheltorena to Julian Ursua. Present-day Merced County. Surveyed boundary from the U.S. General Land Office rancho surveys (ECAI/UCSD digitization).", "sources": [{"citation": "Boundary: ECAI/UCSD Spanish & Mexican Land Grants shapefile (GLO survey), reprojected from CA Albers (EPSG:3310)", "url": null}, {"citation": "Grant metadata: Wikipedia, List of ranchos of California", "url": null}], "notes": null, "tags": ["Merced"], "polygon": [[[36.95356, -121.01607], [36.96028, -120.99846], [36.93884, -120.99842], [36.93866, -120.98966], [36.90808, -120.98946], [36.90817, -120.90863], [36.83667, -120.91021], [36.80812, -120.93216], [36.83726, -120.97204], [36.86569, -120.97199], [36.86581, -120.99271], [36.90891, -121.03375], [36.95271, -121.03352], [36.95356, -121.01607]]]}}, {"type": "Feature", "geometry": {"type": "Point", "coordinates": [-121.57015, 36.8472]}, "properties": {"id": "rancho-tract-land-near-san-juan-bautista", "register_no": "7 ND", "name": "Tract Of Land Near San Juan Bautista — Jose Narvaez", "date": {"iso": "1844", "display": "1844", "confidence": "year"}, "coord_precision": "exact", "type": "rancho", "layer": "micheltorena", "summary": "Granted 1844 by Manuel Micheltorena to Jose Narvaez. Present-day Santa Clara County. Surveyed boundary from the U.S. General Land Office rancho surveys (ECAI/UCSD digitization).", "sources": [{"citation": "Boundary: ECAI/UCSD Spanish & Mexican Land Grants shapefile (GLO survey), reprojected from CA Albers (EPSG:3310)", "url": null}, {"citation": "Grant metadata: Wikipedia, List of ranchos of California", "url": null}], "notes": null, "tags": ["Santa Clara"], "polygon": [[[36.87339, -121.56226], [36.85929, -121.54955], [36.83962, -121.54172], [36.81663, -121.56185], [36.82541, -121.58019], [36.83098, -121.58241], [36.83563, -121.59656], [36.84247, -121.59425], [36.8752, -121.57046], [36.87339, -121.56226]]]}}, {"type": "Feature", "geometry": {"type": "Point", "coordinates": [-121.64879, 36.85939]}, "properties": {"id": "rancho-canada-carpenteria", "register_no": "198 SD", "name": "Canada De La Carpenteria — Joaquín Soto", "date": {"iso": "1835", "display": "1835", "confidence": "year"}, "coord_precision": "exact", "type": "rancho", "layer": "interim", "summary": "Granted 1835 by José Castro to Joaquín Soto. Present-day Monterey County. Surveyed boundary from the U.S. General Land Office rancho surveys (ECAI/UCSD digitization).", "sources": [{"citation": "Boundary: ECAI/UCSD Spanish & Mexican Land Grants shapefile (GLO survey), reprojected from CA Albers (EPSG:3310)", "url": null}, {"citation": "Grant metadata: Wikipedia, List of ranchos of California", "url": null}], "notes": null, "tags": ["Monterey"], "polygon": [[[36.86879, -121.6566], [36.87147, -121.65579], [36.87197, -121.64137], [36.84587, -121.62192], [36.83279, -121.64915], [36.85602, -121.66009], [36.86879, -121.6566]]]}}, {"type": "Feature", "geometry": {"type": "Point", "coordinates": [-121.70692, 36.85403]}, "properties": {"id": "rancho-carneros-littlejohn", "register_no": "322 SD", "name": "Los Carneros (Littlejohn) — David Littlejohn", "date": {"iso": "1834", "display": "1834", "confidence": "year"}, "coord_precision": "exact", "type": "rancho", "layer": "figueroa", "summary": "Granted 1834 by José Figueroa to David Littlejohn. Present-day Monterey County. Surveyed boundary from the U.S. General Land Office rancho surveys (ECAI/UCSD digitization).", "sources": [{"citation": "Boundary: ECAI/UCSD Spanish & Mexican Land Grants shapefile (GLO survey), reprojected from CA Albers (EPSG:3310)", "url": null}, {"citation": "Grant metadata: Wikipedia, List of ranchos of California", "url": null}], "notes": null, "tags": ["Monterey"], "polygon": [[[36.86879, -121.6566], [36.85602, -121.66009], [36.83279, -121.64915], [36.83295, -121.66882], [36.85261, -121.68183], [36.83741, -121.73238], [36.84147, -121.74051], [36.8404, -121.74282], [36.8428, -121.7525], [36.84944, -121.75614], [36.85369, -121.75424], [36.85119, -121.75134], [36.85177, -121.74686], [36.85683, -121.7415], [36.85962, -121.7246], [36.85737, -121.71833], [36.85832, -121.7149], [36.8547, -121.7131], [36.85511, -121.71108], [36.85746, -121.70975], [36.85767, -121.70639], [36.85451, -121.69574], [36.8571, -121.69285], [36.85974, -121.68623], [36.86428, -121.68718], [36.86918, -121.67863], [36.87094, -121.66364], [36.86879, -121.6566]]]}}, {"type": "Feature", "geometry": {"type": "Point", "coordinates": [-121.6064, 36.82968]}, "properties": {"id": "rancho-carneros-mcdougal", "register_no": "322 SD", "name": "Los Carneros (Mcdougal) — David Littlejohn", "date": {"iso": "1834", "display": "1834", "confidence": "year"}, "coord_precision": "exact", "type": "rancho", "layer": "figueroa", "summary": "Granted 1834 by José Figueroa to David Littlejohn. Present-day Monterey County. Surveyed boundary from the U.S. General Land Office rancho surveys (ECAI/UCSD digitization).", "sources": [{"citation": "Boundary: ECAI/UCSD Spanish & Mexican Land Grants shapefile (GLO survey), reprojected from CA Albers (EPSG:3310)", "url": null}, {"citation": "Grant metadata: Wikipedia, List of ranchos of California", "url": null}], "notes": null, "tags": ["Monterey"], "polygon": [[[36.84247, -121.59425], [36.81037, -121.60527], [36.80857, -121.61731], [36.84452, -121.6209], [36.84247, -121.59425]]]}}, {"type": "Feature", "geometry": {"type": "Point", "coordinates": [-121.761, 36.7396]}, "properties": {"id": "rancho-bolsa-potrero-moro-cojo-sagrada-familia", "register_no": "7 SD", "name": "Bolsa Del Potrero Y Moro Cojo Or La Sagrada Familia — Joaquín de la Torre", "date": {"iso": "1844", "display": "1844", "confidence": "year"}, "coord_precision": "exact", "type": "rancho", "layer": "micheltorena", "summary": "Granted 1844 by Manuel Micheltorena to Joaquín de la Torre. Present-day Monterey County. Surveyed boundary from the U.S. General Land Office rancho surveys (ECAI/UCSD digitization).", "sources": [{"citation": "Boundary: ECAI/UCSD Spanish & Mexican Land Grants shapefile (GLO survey), reprojected from CA Albers (EPSG:3310)", "url": null}, {"citation": "Grant metadata: Wikipedia, List of ranchos of California", "url": null}], "notes": null, "tags": ["Monterey"], "polygon": [[[36.7707, -121.78675], [36.77028, -121.78355], [36.76905, -121.78293], [36.77094, -121.78106], [36.77102, -121.77767], [36.7671, -121.77363], [36.76646, -121.76376], [36.76251, -121.75658], [36.75201, -121.74925], [36.75019, -121.74296], [36.74578, -121.73991], [36.74246, -121.74035], [36.7387, -121.73791], [36.73523, -121.73303], [36.73567, -121.72693], [36.72941, -121.72078], [36.72638, -121.71341], [36.72615, -121.70868], [36.72298, -121.71075], [36.71856, -121.70489], [36.70603, -121.72999], [36.69871, -121.73396], [36.69831, -121.74587], [36.70131, -121.74348], [36.7029, -121.74421], [36.70956, -121.75224], [36.7103, -121.75922], [36.7217, -121.76148], [36.72247, -121.76919], [36.72439, -121.7721], [36.72847, -121.76796], [36.73093, -121.77409], [36.72961, -121.77369], [36.72626, -121.77796], [36.72754, -121.78003], [36.74257, -121.77413], [36.74781, -121.78027], [36.73729, -121.78952], [36.74358, -121.80078], [36.75059, -121.79992], [36.75958, -121.7963], [36.75974, -121.78788], [36.76162, -121.78827], [36.7662, -121.79428], [36.77165, -121.78753], [36.7707, -121.78675]]]}}, {"type": "Feature", "geometry": {"type": "Point", "coordinates": [-121.69689, 36.74975]}, "properties": {"id": "rancho-bolsa-escorpinas", "register_no": "67 SD", "name": "Bolsa De Las Escorpinas — Salvador Espinoza", "date": {"iso": "1837", "display": "1837", "confidence": "year"}, "coord_precision": "exact", "type": "rancho", "layer": "alvarado", "summary": "Granted 1837 by Juan Alvarado to Salvador Espinoza. Present-day Monterey County. Surveyed boundary from the U.S. General Land Office rancho surveys (ECAI/UCSD digitization).", "sources": [{"citation": "Boundary: ECAI/UCSD Spanish & Mexican Land Grants shapefile (GLO survey), reprojected from CA Albers (EPSG:3310)", "url": null}, {"citation": "Grant metadata: Wikipedia, List of ranchos of California", "url": null}], "notes": null, "tags": ["Monterey"], "polygon": [[[36.77191, -121.60256], [36.72866, -121.64002], [36.74428, -121.69568], [36.73847, -121.70977], [36.73914, -121.71702], [36.73567, -121.72693], [36.73523, -121.73303], [36.7387, -121.73791], [36.74246, -121.74035], [36.74578, -121.73991], [36.75019, -121.74296], [36.75054, -121.73583], [36.75789, -121.70982], [36.75653, -121.70975], [36.75249, -121.70352], [36.75474, -121.69162], [36.75625, -121.69263], [36.75987, -121.67504], [36.7582, -121.6645], [36.75592, -121.66321], [36.77191, -121.60256]]]}}, {"type": "Feature", "geometry": {"type": "Point", "coordinates": [-121.6995, 36.72834]}, "properties": {"id": "rancho-gatos-santa-rita", "register_no": "276 SD", "name": "Los Gatos Or Santa Rita — José Trinidad Espinoza", "date": {"iso": "1837", "display": "1837", "confidence": "year"}, "coord_precision": "exact", "type": "rancho", "layer": "alvarado", "summary": "Granted 1837 by Juan Alvarado to José Trinidad Espinoza. Present-day Monterey County. Surveyed boundary from the U.S. General Land Office rancho surveys (ECAI/UCSD digitization).", "sources": [{"citation": "Boundary: ECAI/UCSD Spanish & Mexican Land Grants shapefile (GLO survey), reprojected from CA Albers (EPSG:3310)", "url": null}, {"citation": "Grant metadata: Wikipedia, List of ranchos of California", "url": null}], "notes": null, "tags": ["Monterey"], "polygon": [[[36.73567, -121.72693], [36.73914, -121.71702], [36.73847, -121.70977], [36.74428, -121.69568], [36.72866, -121.64002], [36.72072, -121.64689], [36.70238, -121.67174], [36.71856, -121.70489], [36.72298, -121.71075], [36.72615, -121.70868], [36.72638, -121.71341], [36.72941, -121.72078], [36.73567, -121.72693]]]}}, {"type": "Feature", "geometry": {"type": "Point", "coordinates": [-121.80799, 36.63037]}, "properties": {"id": "rancho-city-lands-monterey", "register_no": null, "name": "City Lands Of Monterey", "date": {"iso": null, "display": "date to confirm", "confidence": "unknown"}, "coord_precision": "exact", "type": "rancho", "layer": "unattributed", "summary": "Surveyed boundary from the U.S. General Land Office rancho surveys (ECAI/UCSD digitization).", "sources": [{"citation": "Boundary: ECAI/UCSD Spanish & Mexican Land Grants shapefile (GLO survey), reprojected from CA Albers (EPSG:3310)", "url": null}], "notes": null, "tags": [], "polygon": [[[36.71182, -121.7696], [36.69594, -121.80088], [36.67643, -121.77663], [36.66334, -121.75155], [36.66151, -121.72286], [36.65687, -121.72778], [36.65321, -121.72508], [36.65155, -121.72139], [36.65326, -121.71551], [36.6558, -121.71317], [36.64808, -121.70448], [36.64501, -121.70596], [36.63515, -121.69542], [36.63154, -121.70074], [36.63002, -121.70967], [36.61861, -121.71791], [36.60702, -121.73313], [36.60068, -121.73337], [36.59411, -121.74224], [36.58642, -121.74752], [36.57404, -121.80633], [36.58977, -121.83136], [36.65107, -121.80117], [36.65123, -121.82347], [36.60216, -121.86178], [36.58814, -121.84424], [36.57812, -121.85175], [36.58275, -121.85475], [36.58836, -121.86472], [36.59324, -121.88647], [36.57546, -121.90579], [36.6032, -121.92895], [36.61679, -121.90013], [36.61246, -121.89587], [36.61056, -121.89658], [36.60804, -121.89272], [36.6069, -121.89374], [36.60319, -121.89235], [36.60381, -121.89099], [36.6017, -121.89119], [36.59991, -121.8881], [36.60114, -121.87438], [36.61054, -121.85618], [36.61191, -121.85632], [36.62176, -121.84659], [36.6383, -121.83415], [36.65706, -121.82313], [36.67489, -121.8156], [36.69278, -121.81012], [36.71455, -121.80602], [36.72714, -121.8059], [36.71182, -121.7696]]]}}, {"type": "Feature", "geometry": {"type": "Point", "coordinates": [-121.56603, 36.68435]}, "properties": {"id": "rancho-alisal-bernal", "register_no": "254 SD", "name": "El Alisal (Bernal) — Feliciano Soberanes", "date": {"iso": "1834", "display": "1834", "confidence": "year"}, "coord_precision": "exact", "type": "rancho", "layer": "figueroa", "summary": "Granted 1834 by José Figueroa to Feliciano Soberanes. Present-day Monterey County. Surveyed boundary from the U.S. General Land Office rancho surveys (ECAI/UCSD digitization).", "sources": [{"citation": "Boundary: ECAI/UCSD Spanish & Mexican Land Grants shapefile (GLO survey), reprojected from CA Albers (EPSG:3310)", "url": null}, {"citation": "Grant metadata: Wikipedia, List of ranchos of California", "url": null}], "notes": null, "tags": ["Monterey"], "polygon": [[[36.69862, -121.54879], [36.69411, -121.55506], [36.69276, -121.56392], [36.67917, -121.54617], [36.64169, -121.57751], [36.66424, -121.63014], [36.70561, -121.55786], [36.69862, -121.54879]]]}}, {"type": "Feature", "geometry": {"type": "Point", "coordinates": [-121.55282, 36.67834]}, "properties": {"id": "rancho-alisal-hartnell", "register_no": "254 SD", "name": "El Alisal (Hartnell) — Feliciano Soberanes", "date": {"iso": "1834", "display": "1834", "confidence": "year"}, "coord_precision": "exact", "type": "rancho", "layer": "figueroa", "summary": "Granted 1834 by José Figueroa to Feliciano Soberanes. Present-day Monterey County. Surveyed boundary from the U.S. General Land Office rancho surveys (ECAI/UCSD digitization).", "sources": [{"citation": "Boundary: ECAI/UCSD Spanish & Mexican Land Grants shapefile (GLO survey), reprojected from CA Albers (EPSG:3310)", "url": null}, {"citation": "Grant metadata: Wikipedia, List of ranchos of California", "url": null}], "notes": null, "tags": ["Monterey"], "polygon": [[[36.69862, -121.54879], [36.69247, -121.54065], [36.62928, -121.54167], [36.64169, -121.57751], [36.67917, -121.54617], [36.69276, -121.56392], [36.69411, -121.55506], [36.69862, -121.54879]]]}}, {"type": "Feature", "geometry": {"type": "Point", "coordinates": [-121.74213, 36.68551]}, "properties": {"id": "rancho-tucho", "register_no": null, "name": "El Tucho", "date": {"iso": null, "display": "date to confirm", "confidence": "unknown"}, "coord_precision": "exact", "type": "rancho", "layer": "unattributed", "summary": "Surveyed boundary from the U.S. General Land Office rancho surveys (ECAI/UCSD digitization).", "sources": [{"citation": "Boundary: ECAI/UCSD Spanish & Mexican Land Grants shapefile (GLO survey), reprojected from CA Albers (EPSG:3310)", "url": null}], "notes": null, "tags": [], "polygon": [[[36.69167, -121.74705], [36.69311, -121.74695], [36.69308, -121.74296], [36.69153, -121.74297], [36.69156, -121.741], [36.68693, -121.74101], [36.68652, -121.72641], [36.67709, -121.72644], [36.67712, -121.73915], [36.67864, -121.73918], [36.67867, -121.74438], [36.67603, -121.7477], [36.6829, -121.75195], [36.68613, -121.74782], [36.69167, -121.74705]]]}}, {"type": "Feature", "geometry": {"type": "Point", "coordinates": [-121.83438, 36.61175]}, "properties": {"id": "rancho-noche-buena", "register_no": "237 SD", "name": "Noche Buena — Juan Antonio Muñoz", "date": {"iso": "1835", "display": "1835", "confidence": "year"}, "coord_precision": "exact", "type": "rancho", "layer": "interim", "summary": "Granted 1835 by José Castro to Juan Antonio Muñoz. Present-day Monterey County. Surveyed boundary from the U.S. General Land Office rancho surveys (ECAI/UCSD digitization).", "sources": [{"citation": "Boundary: ECAI/UCSD Spanish & Mexican Land Grants shapefile (GLO survey), reprojected from CA Albers (EPSG:3310)", "url": null}, {"citation": "Grant metadata: Wikipedia, List of ranchos of California", "url": null}], "notes": null, "tags": ["Monterey"], "polygon": [[[36.58814, -121.84424], [36.60216, -121.86178], [36.65123, -121.82347], [36.65107, -121.80117], [36.58977, -121.83136], [36.58814, -121.84424]]]}}, {"type": "Feature", "geometry": {"type": "Point", "coordinates": [-121.72195, 36.61024]}, "properties": {"id": "rancho-chamisal", "register_no": "222 SD", "name": "El Chamisal — Felipe Vasquez", "date": {"iso": "1835", "display": "1835", "confidence": "year"}, "coord_precision": "exact", "type": "rancho", "layer": "interim", "summary": "Granted 1835 by José Castro to Felipe Vasquez. Present-day Monterey County. Surveyed boundary from the U.S. General Land Office rancho surveys (ECAI/UCSD digitization).", "sources": [{"citation": "Boundary: ECAI/UCSD Spanish & Mexican Land Grants shapefile (GLO survey), reprojected from CA Albers (EPSG:3310)", "url": null}, {"citation": "Grant metadata: Wikipedia, List of ranchos of California", "url": null}], "notes": null, "tags": ["Monterey"], "polygon": [[[36.63515, -121.69542], [36.62987, -121.68756], [36.56911, -121.74838], [36.58516, -121.75201], [36.58642, -121.74752], [36.59411, -121.74224], [36.60068, -121.73337], [36.60702, -121.73313], [36.61861, -121.71791], [36.63002, -121.70967], [36.63154, -121.70074], [36.63515, -121.69542]]]}}, {"type": "Feature", "geometry": {"type": "Point", "coordinates": [-121.87519, 36.57357]}, "properties": {"id": "rancho-aguajit", "register_no": null, "name": "Aguajit", "date": {"iso": null, "display": "date to confirm", "confidence": "unknown"}, "coord_precision": "exact", "type": "rancho", "layer": "unattributed", "summary": "Surveyed boundary from the U.S. General Land Office rancho surveys (ECAI/UCSD digitization).", "sources": [{"citation": "Boundary: ECAI/UCSD Spanish & Mexican Land Grants shapefile (GLO survey), reprojected from CA Albers (EPSG:3310)", "url": null}], "notes": null, "tags": [], "polygon": [[[36.57546, -121.90579], [36.59324, -121.88647], [36.58836, -121.86472], [36.58275, -121.85475], [36.57812, -121.85175], [36.56389, -121.86265], [36.5628, -121.84088], [36.55065, -121.84099], [36.56705, -121.91123], [36.57153, -121.90208], [36.57546, -121.90579]]]}}, {"type": "Feature", "geometry": {"type": "Point", "coordinates": [-121.82395, 36.5291]}, "properties": {"id": "rancho-james-meadows", "register_no": "159 SD", "name": "James Meadows — José Antonio Romero", "date": {"iso": "1840", "display": "1840", "confidence": "year"}, "coord_precision": "exact", "type": "rancho", "layer": "alvarado", "summary": "Granted 1840 by Juan Alvarado to José Antonio Romero. Present-day Monterey County. Surveyed boundary from the U.S. General Land Office rancho surveys (ECAI/UCSD digitization).", "sources": [{"citation": "Boundary: ECAI/UCSD Spanish & Mexican Land Grants shapefile (GLO survey), reprojected from CA Albers (EPSG:3310)", "url": null}, {"citation": "Grant metadata: Wikipedia, List of ranchos of California", "url": null}], "notes": null, "tags": ["Monterey"], "polygon": [[[36.55065, -121.84099], [36.54962, -121.77461], [36.51631, -121.79212], [36.52214, -121.79611], [36.51687, -121.81106], [36.52156, -121.81445], [36.52396, -121.82119], [36.52101, -121.82656], [36.52375, -121.83096], [36.52524, -121.84158], [36.52705, -121.84489], [36.52526, -121.85016], [36.5333, -121.84969], [36.55065, -121.84099]]]}}, {"type": "Feature", "geometry": {"type": "Point", "coordinates": [-121.92825, 36.48305]}, "properties": {"id": "rancho-san-jose-sur-chiquito", "register_no": "373 SD", "name": "San Jose Y Sur Chiquito — Marcelino Escobar", "date": {"iso": "1839", "display": "1839", "confidence": "year"}, "coord_precision": "exact", "type": "rancho", "layer": "alvarado", "summary": "Granted 1839 by Juan Alvarado to Marcelino Escobar. Present-day Monterey County. Surveyed boundary from the U.S. General Land Office rancho surveys (ECAI/UCSD digitization).", "sources": [{"citation": "Boundary: ECAI/UCSD Spanish & Mexican Land Grants shapefile (GLO survey), reprojected from CA Albers (EPSG:3310)", "url": null}, {"citation": "Grant metadata: Wikipedia, List of ranchos of California", "url": null}], "notes": null, "tags": ["Monterey"], "polygon": [[[36.53741, -121.91525], [36.5334, -121.90843], [36.53455, -121.89985], [36.51408, -121.89465], [36.51103, -121.89534], [36.51449, -121.90502], [36.51861, -121.90967], [36.52042, -121.91873], [36.51389, -121.92988], [36.50803, -121.9299], [36.4736, -121.88834], [36.44492, -121.89018], [36.44508, -121.89921], [36.40495, -121.90199], [36.40492, -121.89309], [36.40129, -121.89316], [36.40154, -121.9136], [36.40484, -121.91142], [36.40958, -121.91612], [36.41095, -121.91377], [36.41258, -121.91623], [36.414, -121.91552], [36.4153, -121.9166], [36.41844, -121.91433], [36.42432, -121.91368], [36.42897, -121.91796], [36.42975, -121.91713], [36.43532, -121.91948], [36.43873, -121.92203], [36.43857, -121.92311], [36.44035, -121.92254], [36.44452, -121.92586], [36.44672, -121.92617], [36.44567, -121.92844], [36.44949, -121.92793], [36.45166, -121.92909], [36.45258, -121.92427], [36.45446, -121.92557], [36.4548, -121.92435], [36.45826, -121.92475], [36.46078, -121.92744], [36.46488, -121.92892], [36.47042, -121.93603], [36.47449, -121.93742], [36.47749, -121.9368], [36.47834, -121.93796], [36.4798, -121.93731], [36.48127, -121.93957], [36.48752, -121.9406], [36.4883, -121.94244], [36.48612, -121.94332], [36.48901, -121.94357], [36.48885, -121.94519], [36.49176, -121.9436], [36.49182, -121.94136], [36.49372, -121.94014], [36.49356, -121.93887], [36.49581, -121.93813], [36.49647, -121.93594], [36.4984, -121.93883], [36.49984, -121.93907], [36.50337, -121.93677], [36.5052, -121.93804], [36.50509, -121.94085], [36.50665, -121.9399], [36.50733, -121.94118], [36.50999, -121.94135], [36.51189, -121.94619], [36.51535, -121.94891], [36.51425, -121.95026], [36.51722, -121.95356], [36.51809, -121.95019], [36.52061, -121.9541], [36.52095, -121.95248], [36.52272, -121.95382], [36.5194, -121.94863], [36.52208, -121.94718], [36.52013, -121.94346], [36.51905, -121.94349], [36.51885, -121.94125], [36.5199, -121.94048], [36.51716, -121.93805], [36.51802, -121.93566], [36.52146, -121.9364], [36.5205, -121.93354], [36.52167, -121.93254], [36.5215, -121.92684], [36.52434, -121.92426], [36.53458, -121.92741], [36.53592, -121.92297], [36.53914, -121.91901], [36.53741, -121.91525]]]}}, {"type": "Feature", "geometry": {"type": "Point", "coordinates": [-121.74073, 36.52037]}, "properties": {"id": "rancho-corral-tierra-mccobb", "register_no": "359 SD", "name": "Corral De La Tierra (Mccobb) — Guadalupe Figueroa", "date": {"iso": "1836", "display": "1836", "confidence": "year"}, "coord_precision": "exact", "type": "rancho", "layer": "interim", "summary": "Granted 1836 by Nicolas Gutierrez to Guadalupe Figueroa. Present-day Monterey County. Surveyed boundary from the U.S. General Land Office rancho surveys (ECAI/UCSD digitization).", "sources": [{"citation": "Boundary: ECAI/UCSD Spanish & Mexican Land Grants shapefile (GLO survey), reprojected from CA Albers (EPSG:3310)", "url": null}, {"citation": "Grant metadata: Wikipedia, List of ranchos of California", "url": null}], "notes": null, "tags": ["Monterey"], "polygon": [[[36.53914, -121.74344], [36.53882, -121.71002], [36.53155, -121.71012], [36.53149, -121.70712], [36.52843, -121.70713], [36.52842, -121.70182], [36.49927, -121.70045], [36.46431, -121.72431], [36.46958, -121.76993], [36.48821, -121.76817], [36.52712, -121.76837], [36.52971, -121.77876], [36.53575, -121.77878], [36.53571, -121.76996], [36.5393, -121.76991], [36.53914, -121.74344]]]}}, {"type": "Feature", "geometry": {"type": "Point", "coordinates": [-121.77845, 36.5246]}, "properties": {"id": "rancho-laurelles-ransom", "register_no": null, "name": "Los Laurelles (Ransom)", "date": {"iso": null, "display": "date to confirm", "confidence": "unknown"}, "coord_precision": "exact", "type": "rancho", "layer": "unattributed", "summary": "Surveyed boundary from the U.S. General Land Office rancho surveys (ECAI/UCSD digitization).", "sources": [{"citation": "Boundary: ECAI/UCSD Spanish & Mexican Land Grants shapefile (GLO survey), reprojected from CA Albers (EPSG:3310)", "url": null}], "notes": null, "tags": [], "polygon": [[[36.52971, -121.77876], [36.52712, -121.76837], [36.51363, -121.76834], [36.51631, -121.79212], [36.53112, -121.78437], [36.52971, -121.77876]]]}}, {"type": "Feature", "geometry": {"type": "Point", "coordinates": [-121.6471, 36.46572]}, "properties": {"id": "rancho-tularcitos-gomez", "register_no": "3 SD", "name": "Los Tularcitos (Gomez) — Rafael Gomez", "date": {"iso": "1834", "display": "1834", "confidence": "year"}, "coord_precision": "exact", "type": "rancho", "layer": "figueroa", "summary": "Granted 1834 by José Figueroa to Rafael Gomez. Present-day Monterey County. Surveyed boundary from the U.S. General Land Office rancho surveys (ECAI/UCSD digitization).", "sources": [{"citation": "Boundary: ECAI/UCSD Spanish & Mexican Land Grants shapefile (GLO survey), reprojected from CA Albers (EPSG:3310)", "url": null}, {"citation": "Grant metadata: Wikipedia, List of ranchos of California", "url": null}], "notes": null, "tags": ["Monterey"], "polygon": [[[36.5009, -121.65143], [36.50163, -121.6218], [36.42434, -121.55433], [36.38718, -121.55835], [36.44723, -121.71468], [36.46431, -121.72431], [36.49927, -121.70045], [36.5009, -121.65143]]]}}, {"type": "Feature", "geometry": {"type": "Point", "coordinates": [-121.33846, 36.44053]}, "properties": {"id": "rancho-san-vicente-munrass", "register_no": "95 SD", "name": "San Vicente (Munrass) — Esteban Munras", "date": {"iso": "1835", "display": "1835", "confidence": "year"}, "coord_precision": "exact", "type": "rancho", "layer": "interim", "summary": "Granted 1835 by José Castro to Esteban Munras. Present-day Monterey County. Surveyed boundary from the U.S. General Land Office rancho surveys (ECAI/UCSD digitization).", "sources": [{"citation": "Boundary: ECAI/UCSD Spanish & Mexican Land Grants shapefile (GLO survey), reprojected from CA Albers (EPSG:3310)", "url": null}, {"citation": "Grant metadata: Wikipedia, List of ranchos of California", "url": null}], "notes": null, "tags": ["Monterey"], "polygon": [[[36.48743, -121.3807], [36.48731, -121.34923], [36.47267, -121.3489], [36.47281, -121.33118], [36.45816, -121.33102], [36.45796, -121.31308], [36.44357, -121.31296], [36.44344, -121.29502], [36.42908, -121.29495], [36.42883, -121.27708], [36.41444, -121.27702], [36.40911, -121.26809], [36.40904, -121.25554], [36.39976, -121.25546], [36.40143, -121.26747], [36.3988, -121.28571], [36.40097, -121.29222], [36.40887, -121.29942], [36.41056, -121.33268], [36.41751, -121.346], [36.41625, -121.35223], [36.41169, -121.35993], [36.42124, -121.36882], [36.43205, -121.3884], [36.43715, -121.4104], [36.45555, -121.43505], [36.4697, -121.44526], [36.48458, -121.46204], [36.50152, -121.38775], [36.48746, -121.38787], [36.48743, -121.3807]]]}}, {"type": "Feature", "geometry": {"type": "Point", "coordinates": [-121.08535, 36.40505]}, "properties": {"id": "rancho-san-lorenzo-sanchez", "register_no": "27 SD", "name": "San Lorenzo (Sanchez) — Feliciano Soberanes", "date": {"iso": "1841", "display": "1841", "confidence": "year"}, "coord_precision": "exact", "type": "rancho", "layer": "alvarado", "summary": "Granted 1841 by Juan Alvarado to Feliciano Soberanes. Present-day Monterey County. Surveyed boundary from the U.S. General Land Office rancho surveys (ECAI/UCSD digitization).", "sources": [{"citation": "Boundary: ECAI/UCSD Spanish & Mexican Land Grants shapefile (GLO survey), reprojected from CA Albers (EPSG:3310)", "url": null}, {"citation": "Grant metadata: Wikipedia, List of ranchos of California", "url": null}], "notes": null, "tags": ["Monterey"], "polygon": [[[36.47317, -121.01005], [36.46897, -121.00867], [36.46856, -121.00654], [36.47101, -121.00394], [36.46532, -121.00103], [36.46268, -120.99643], [36.46357, -120.98898], [36.46277, -120.98809], [36.45908, -120.98924], [36.45706, -120.99226], [36.4533, -120.99043], [36.45524, -120.9797], [36.45289, -120.97966], [36.44944, -120.98213], [36.44553, -120.98002], [36.44493, -120.97412], [36.44154, -120.97546], [36.43998, -120.97469], [36.39166, -121.0], [36.31274, -121.04528], [36.26602, -121.0741], [36.26468, -121.07731], [36.26093, -121.0788], [36.36283, -121.19883], [36.37055, -121.19141], [36.37277, -121.18521], [36.37419, -121.18535], [36.37612, -121.1896], [36.37783, -121.18912], [36.38291, -121.17767], [36.38158, -121.17578], [36.3798, -121.17776], [36.37782, -121.17122], [36.37633, -121.1719], [36.37453, -121.17598], [36.37393, -121.17403], [36.37619, -121.16638], [36.37782, -121.16545], [36.37899, -121.16836], [36.38315, -121.16507], [36.38478, -121.16694], [36.38771, -121.16266], [36.38521, -121.16045], [36.3863, -121.15436], [36.38508, -121.14635], [36.38622, -121.14505], [36.38293, -121.13172], [36.38187, -121.11971], [36.3879, -121.10732], [36.39097, -121.10393], [36.39121, -121.10127], [36.39333, -121.10003], [36.39529, -121.09491], [36.39819, -121.09361], [36.40127, -121.08296], [36.40563, -121.07793], [36.41156, -121.07466], [36.41826, -121.06433], [36.42517, -121.06158], [36.42969, -121.06191], [36.43557, -121.06847], [36.4379, -121.0662], [36.4374, -121.0581], [36.44618, -121.04856], [36.44585, -121.04376], [36.47317, -121.01005]]]}}, {"type": "Feature", "geometry": {"type": "Point", "coordinates": [-121.24535, 36.34185]}, "properties": {"id": "rancho-arroyo-seco-torre", "register_no": "40 SD", "name": "Arroyo Seco (Torre) — Joaquín de la Torre", "date": {"iso": "1840", "display": "1840", "confidence": "year"}, "coord_precision": "exact", "type": "rancho", "layer": "alvarado", "summary": "Granted 1840 by Juan Alvarado to Joaquín de la Torre. Present-day Monterey County. Surveyed boundary from the U.S. General Land Office rancho surveys (ECAI/UCSD digitization).", "sources": [{"citation": "Boundary: ECAI/UCSD Spanish & Mexican Land Grants shapefile (GLO survey), reprojected from CA Albers (EPSG:3310)", "url": null}, {"citation": "Grant metadata: Wikipedia, List of ranchos of California", "url": null}], "notes": null, "tags": ["Monterey"], "polygon": [[[36.37614, -121.25197], [36.3656, -121.24412], [36.3559, -121.24115], [36.34905, -121.2281], [36.3478, -121.23108], [36.34615, -121.23067], [36.34127, -121.22603], [36.33963, -121.22232], [36.34367, -121.21626], [36.34404, -121.21201], [36.34244, -121.20858], [36.33672, -121.20322], [36.28282, -121.2998], [36.28306, -121.32029], [36.3392, -121.33807], [36.37614, -121.25197]]]}}, {"type": "Feature", "geometry": {"type": "Point", "coordinates": [-121.13726, 36.2572]}, "properties": {"id": "rancho-san-lorenzo-soberanes", "register_no": "27 SD", "name": "San Lorenzo (Soberanes) — Feliciano Soberanes", "date": {"iso": "1841", "display": "1841", "confidence": "year"}, "coord_precision": "exact", "type": "rancho", "layer": "alvarado", "summary": "Granted 1841 by Juan Alvarado to Feliciano Soberanes. Present-day Monterey County. Surveyed boundary from the U.S. General Land Office rancho surveys (ECAI/UCSD digitization).", "sources": [{"citation": "Boundary: ECAI/UCSD Spanish & Mexican Land Grants shapefile (GLO survey), reprojected from CA Albers (EPSG:3310)", "url": null}, {"citation": "Grant metadata: Wikipedia, List of ranchos of California", "url": null}], "notes": null, "tags": ["Monterey"], "polygon": [[[36.36189, -121.19872], [36.26093, -121.0788], [36.25759, -121.07812], [36.25016, -121.08169], [36.24763, -121.07802], [36.24434, -121.08001], [36.24388, -121.08213], [36.23907, -121.08352], [36.23853, -121.08706], [36.23452, -121.08393], [36.23354, -121.08746], [36.22958, -121.09222], [36.2279, -121.09858], [36.2235, -121.09958], [36.22111, -121.09851], [36.21691, -121.1038], [36.21815, -121.10507], [36.21817, -121.10803], [36.2133, -121.11011], [36.21227, -121.11387], [36.20715, -121.11709], [36.20678, -121.11921], [36.20229, -121.1195], [36.20268, -121.12148], [36.19566, -121.12536], [36.19534, -121.12697], [36.19103, -121.12777], [36.1932, -121.13799], [36.20189, -121.14694], [36.21376, -121.15396], [36.22396, -121.16236], [36.22822, -121.16767], [36.24419, -121.16627], [36.26398, -121.17605], [36.28132, -121.17433], [36.29176, -121.18105], [36.31341, -121.17698], [36.31668, -121.17885], [36.32878, -121.19884], [36.33553, -121.20006], [36.34341, -121.20782], [36.34626, -121.20678], [36.34785, -121.20811], [36.35098, -121.20159], [36.35275, -121.20207], [36.35462, -121.19816], [36.36189, -121.19872]]]}}, {"type": "Feature", "geometry": {"type": "Point", "coordinates": [-120.82687, 36.2057]}, "properties": {"id": "rancho-san-lorenzo-randall", "register_no": null, "name": "San Lorenzo (Randall)", "date": {"iso": null, "display": "date to confirm", "confidence": "unknown"}, "coord_precision": "exact", "type": "rancho", "layer": "unattributed", "summary": "Surveyed boundary from the U.S. General Land Office rancho surveys (ECAI/UCSD digitization).", "sources": [{"citation": "Boundary: ECAI/UCSD Spanish & Mexican Land Grants shapefile (GLO survey), reprojected from CA Albers (EPSG:3310)", "url": null}], "notes": null, "tags": [], "polygon": [[[36.23963, -120.84977], [36.16058, -120.70828], [36.13467, -120.7671], [36.21286, -120.92367], [36.24683, -120.86262], [36.23963, -120.84977]]]}}, {"type": "Feature", "geometry": {"type": "Point", "coordinates": [-120.94153, 36.04378]}, "properties": {"id": "rancho-san-bernardo-soberanes", "register_no": null, "name": "San Bernardo (Soberanes)", "date": {"iso": null, "display": "date to confirm", "confidence": "unknown"}, "coord_precision": "exact", "type": "rancho", "layer": "unattributed", "summary": "Surveyed boundary from the U.S. General Land Office rancho surveys (ECAI/UCSD digitization).", "sources": [{"citation": "Boundary: ECAI/UCSD Spanish & Mexican Land Grants shapefile (GLO survey), reprojected from CA Albers (EPSG:3310)", "url": null}], "notes": null, "tags": [], "polygon": [[[36.11506, -120.99544], [36.10154, -120.97991], [36.08784, -120.9535], [36.0506, -120.92044], [35.96415, -120.86322], [35.94823, -120.8606], [35.95766, -120.88273], [36.01999, -120.92654], [36.01999, -120.94686], [36.05087, -120.9563], [36.09437, -121.01736], [36.11506, -120.99544]]]}}, {"type": "Feature", "geometry": {"type": "Point", "coordinates": [-120.99403, 35.84782]}, "properties": {"id": "rancho-pleyto", "register_no": null, "name": "Pleyto", "date": {"iso": null, "display": "date to confirm", "confidence": "unknown"}, "coord_precision": "exact", "type": "rancho", "layer": "unattributed", "summary": "Surveyed boundary from the U.S. General Land Office rancho surveys (ECAI/UCSD digitization).", "sources": [{"citation": "Boundary: ECAI/UCSD Spanish & Mexican Land Grants shapefile (GLO survey), reprojected from CA Albers (EPSG:3310)", "url": null}], "notes": null, "tags": [], "polygon": [[[35.89614, -121.02817], [35.89122, -121.01677], [35.84592, -120.95471], [35.80245, -120.89016], [35.79661, -120.89694], [35.80419, -120.92449], [35.82852, -120.96583], [35.80229, -120.98925], [35.81223, -121.00654], [35.81872, -121.00831], [35.8201, -121.01096], [35.86781, -121.02447], [35.88424, -121.05723], [35.89498, -121.05678], [35.90357, -121.04564], [35.89614, -121.02817]]]}}, {"type": "Feature", "geometry": {"type": "Point", "coordinates": [-121.23406, 35.68442]}, "properties": {"id": "rancho-piedra-blanca", "register_no": null, "name": "Piedra Blanca", "date": {"iso": null, "display": "date to confirm", "confidence": "unknown"}, "coord_precision": "exact", "type": "rancho", "layer": "unattributed", "summary": "Surveyed boundary from the U.S. General Land Office rancho surveys (ECAI/UCSD digitization).", "sources": [{"citation": "Boundary: ECAI/UCSD Spanish & Mexican Land Grants shapefile (GLO survey), reprojected from CA Albers (EPSG:3310)", "url": null}], "notes": null, "tags": [], "polygon": [[[35.77842, -121.23592], [35.79029, -121.23814], [35.76263, -121.19537], [35.75156, -121.17326], [35.70036, -121.12501], [35.68017, -121.10358], [35.65172, -121.07776], [35.64921, -121.08726], [35.6442, -121.09154], [35.64297, -121.09726], [35.64067, -121.09968], [35.6361, -121.10102], [35.63511, -121.10008], [35.63162, -121.10266], [35.63155, -121.11698], [35.63052, -121.12044], [35.62584, -121.12613], [35.62464, -121.1257], [35.62414, -121.13062], [35.62284, -121.13001], [35.6219, -121.13184], [35.62255, -121.13551], [35.6202, -121.13778], [35.62162, -121.14171], [35.61435, -121.14767], [35.61379, -121.15091], [35.6159, -121.15046], [35.61622, -121.15344], [35.61748, -121.15293], [35.63167, -121.16353], [35.63648, -121.1704], [35.64158, -121.18787], [35.63918, -121.19426], [35.63343, -121.19188], [35.6327, -121.19353], [35.63554, -121.19819], [35.63982, -121.20083], [35.63998, -121.20733], [35.64568, -121.21115], [35.65014, -121.21999], [35.65018, -121.24114], [35.65297, -121.2449], [35.65379, -121.24902], [35.66188, -121.259], [35.66138, -121.26459], [35.66273, -121.26554], [35.66186, -121.26678], [35.6652, -121.27048], [35.66388, -121.27457], [35.6653, -121.27713], [35.66525, -121.28069], [35.66211, -121.28324], [35.66301, -121.28557], [35.66523, -121.28394], [35.67125, -121.28371], [35.6732, -121.28436], [35.67427, -121.28655], [35.68153, -121.2866], [35.68476, -121.28879], [35.68787, -121.28876], [35.69527, -121.29544], [35.70024, -121.30355], [35.70562, -121.30681], [35.70763, -121.3097], [35.70816, -121.307], [35.70818, -121.31065], [35.71162, -121.31321], [35.71167, -121.31554], [35.71572, -121.31191], [35.72169, -121.31298], [35.72268, -121.31545], [35.7265, -121.31744], [35.72945, -121.31433], [35.7328, -121.31461], [35.73344, -121.31604], [35.73733, -121.3148], [35.74138, -121.31767], [35.74276, -121.31685], [35.74365, -121.31784], [35.74475, -121.31523], [35.74644, -121.31671], [35.74791, -121.31455], [35.75096, -121.31475], [35.75495, -121.31734], [35.75534, -121.32323], [35.75811, -121.32652], [35.75868, -121.32439], [35.76338, -121.32375], [35.76166, -121.31561], [35.75865, -121.31136], [35.75792, -121.30482], [35.75446, -121.3043], [35.716, -121.24075], [35.74378, -121.22944], [35.77842, -121.23592]]]}}, {"type": "Feature", "geometry": {"type": "Point", "coordinates": [-121.07636, 35.549]}, "properties": {"id": "rancho-santa-rosa-estrada", "register_no": "73 SD", "name": "Santa Rosa (Estrada) — Julian Estrada", "date": {"iso": "1841", "display": "1841", "confidence": "year"}, "coord_precision": "exact", "type": "rancho", "layer": "alvarado", "summary": "Granted 1841 by Juan Alvarado to Julian Estrada. Present-day San Luis Obispo County. Surveyed boundary from the U.S. General Land Office rancho surveys (ECAI/UCSD digitization).", "sources": [{"citation": "Boundary: ECAI/UCSD Spanish & Mexican Land Grants shapefile (GLO survey), reprojected from CA Albers (EPSG:3310)", "url": null}, {"citation": "Grant metadata: Wikipedia, List of ranchos of California", "url": null}], "notes": null, "tags": ["San Luis Obispo"], "polygon": [[[35.5791, -121.10318], [35.57906, -121.08166], [35.56393, -121.07753], [35.56349, -121.07451], [35.56685, -121.07174], [35.56483, -121.06743], [35.56869, -121.0608], [35.56741, -121.04453], [35.56863, -121.04189], [35.57061, -121.04083], [35.57333, -121.03447], [35.52191, -120.98687], [35.50311, -121.01781], [35.49742, -121.04365], [35.50322, -121.04755], [35.50812, -121.05889], [35.51247, -121.06189], [35.52236, -121.0734], [35.5243, -121.0741], [35.53177, -121.08267], [35.53231, -121.08519], [35.53543, -121.08637], [35.53744, -121.09043], [35.54328, -121.09592], [35.54628, -121.09713], [35.54726, -121.10057], [35.55035, -121.1029], [35.55344, -121.10405], [35.55449, -121.10245], [35.55617, -121.10271], [35.55896, -121.10629], [35.57459, -121.1142], [35.57619, -121.11715], [35.57917, -121.11849], [35.5791, -121.10318]]]}}, {"type": "Feature", "geometry": {"type": "Point", "coordinates": [-120.86208, 35.3989]}, "properties": {"id": "rancho-moro-cayucos", "register_no": "155 SD", "name": "Moro Y Cayucos — Martin Olivera and Vicente Feliz", "date": {"iso": "1842", "display": "1842", "confidence": "year"}, "coord_precision": "exact", "type": "rancho", "layer": "alvarado", "summary": "Granted 1842 by Juan Alvarado to Martin Olivera and Vicente Feliz. Present-day San Luis Obispo County. Surveyed boundary from the U.S. General Land Office rancho surveys (ECAI/UCSD digitization).", "sources": [{"citation": "Boundary: ECAI/UCSD Spanish & Mexican Land Grants shapefile (GLO survey), reprojected from CA Albers (EPSG:3310)", "url": null}, {"citation": "Grant metadata: Wikipedia, List of ranchos of California", "url": null}], "notes": null, "tags": ["San Luis Obispo"], "polygon": [[[35.4521, -120.90696], [35.44192, -120.82345], [35.40231, -120.81448], [35.39984, -120.81815], [35.39912, -120.82379], [35.39579, -120.82502], [35.39209, -120.83315], [35.3859, -120.83925], [35.3822, -120.84893], [35.37931, -120.84911], [35.3743, -120.8534], [35.36976, -120.85463], [35.36646, -120.84585], [35.3666, -120.85359], [35.3705, -120.85942], [35.3688, -120.86306], [35.36603, -120.86454], [35.36537, -120.86842], [35.36935, -120.86879], [35.36985, -120.86418], [35.37292, -120.86325], [35.39149, -120.86509], [35.40172, -120.8682], [35.4052, -120.87119], [35.41072, -120.87279], [35.42864, -120.88375], [35.4395, -120.89434], [35.44612, -120.90304], [35.44748, -120.9073], [35.4525, -120.91037], [35.4521, -120.90696]]]}}, {"type": "Feature", "geometry": {"type": "Point", "coordinates": [-120.80972, 35.36803]}, "properties": {"id": "rancho-san-bernardo-cane", "register_no": "41 SD", "name": "San Bernardo (Cane) — Vicente Canet", "date": {"iso": "1840", "display": "1840", "confidence": "year"}, "coord_precision": "exact", "type": "rancho", "layer": "alvarado", "summary": "Granted 1840 by Juan Alvarado to Vicente Canet. Present-day San Luis Obispo County. Surveyed boundary from the U.S. General Land Office rancho surveys (ECAI/UCSD digitization).", "sources": [{"citation": "Boundary: ECAI/UCSD Spanish & Mexican Land Grants shapefile (GLO survey), reprojected from CA Albers (EPSG:3310)", "url": null}, {"citation": "Grant metadata: Wikipedia, List of ranchos of California", "url": null}], "notes": null, "tags": ["San Luis Obispo"], "polygon": [[[35.3897, -120.82546], [35.39228, -120.80349], [35.37678, -120.7842], [35.37203, -120.79513], [35.36693, -120.79996], [35.36457, -120.79992], [35.36201, -120.80223], [35.35795, -120.79774], [35.3578, -120.77807], [35.35333, -120.77977], [35.35374, -120.78327], [35.35059, -120.78615], [35.34869, -120.79476], [35.3491, -120.79952], [35.35463, -120.80768], [35.35516, -120.81978], [35.36976, -120.85463], [35.3743, -120.8534], [35.38347, -120.84724], [35.3859, -120.83925], [35.38834, -120.83672], [35.3897, -120.82546]]]}}, {"type": "Feature", "geometry": {"type": "Point", "coordinates": [-120.83986, 35.24646]}, "properties": {"id": "rancho-canada-osos-pecho-islay", "register_no": "28 SD, 218 SD <ref name=hoffman />{{rp|Appx,31}}", "name": "Canada De Los Osos Y Pecho Y Islay — James Scott and John Wilson", "date": {"iso": "1845", "display": "1845", "confidence": "year"}, "coord_precision": "exact", "type": "rancho", "layer": "pico", "summary": "Granted 1845 by Pio Pico to James Scott and John Wilson. Present-day San Luis Obispo County. Surveyed boundary from the U.S. General Land Office rancho surveys (ECAI/UCSD digitization).", "sources": [{"citation": "Boundary: ECAI/UCSD Spanish & Mexican Land Grants shapefile (GLO survey), reprojected from CA Albers (EPSG:3310)", "url": null}, {"citation": "Grant metadata: Wikipedia, List of ranchos of California", "url": null}], "notes": null, "tags": ["San Luis Obispo"], "polygon": [[[35.34123, -120.79011], [35.34279, -120.77777], [35.33155, -120.76437], [35.31651, -120.73834], [35.3126, -120.72596], [35.30129, -120.70143], [35.29028, -120.70147], [35.25599, -120.72196], [35.2634, -120.75301], [35.26363, -120.8065], [35.26354, -120.84207], [35.25644, -120.84204], [35.25625, -120.85965], [35.24895, -120.85975], [35.23347, -120.84602], [35.2125, -120.80954], [35.19728, -120.77834], [35.19557, -120.78265], [35.18867, -120.78888], [35.17692, -120.79282], [35.17955, -120.79441], [35.18342, -120.80425], [35.18301, -120.80567], [35.18429, -120.80509], [35.18622, -120.81164], [35.18773, -120.81158], [35.18791, -120.81699], [35.18947, -120.81696], [35.19075, -120.82104], [35.19251, -120.8212], [35.19313, -120.82516], [35.19487, -120.827], [35.19649, -120.8378], [35.19837, -120.83763], [35.19842, -120.83919], [35.2002, -120.84009], [35.20066, -120.84525], [35.20203, -120.84399], [35.20279, -120.8446], [35.20299, -120.84734], [35.20455, -120.84876], [35.20441, -120.8542], [35.20512, -120.85504], [35.20487, -120.8523], [35.20615, -120.85381], [35.20613, -120.85568], [35.20446, -120.85596], [35.20716, -120.85769], [35.20773, -120.85534], [35.20961, -120.85571], [35.21196, -120.86093], [35.21423, -120.85847], [35.22064, -120.87276], [35.22276, -120.87167], [35.22618, -120.87368], [35.23375, -120.88524], [35.24037, -120.89012], [35.24072, -120.89196], [35.24202, -120.89168], [35.24578, -120.89664], [35.24681, -120.89452], [35.24841, -120.89449], [35.24967, -120.89592], [35.25244, -120.89586], [35.25354, -120.89865], [35.25493, -120.89642], [35.25727, -120.8962], [35.25789, -120.89374], [35.25983, -120.89427], [35.26185, -120.89268], [35.26617, -120.8927], [35.26853, -120.89499], [35.27144, -120.89424], [35.27268, -120.8927], [35.27146, -120.88955], [35.27226, -120.8877], [35.27693, -120.88873], [35.27885, -120.88709], [35.27865, -120.85977], [35.28585, -120.85988], [35.28568, -120.84229], [35.32062, -120.8421], [35.32083, -120.84032], [35.32399, -120.83915], [35.32705, -120.84356], [35.33046, -120.84195], [35.32978, -120.83234], [35.33374, -120.82801], [35.33594, -120.82792], [35.33785, -120.8243], [35.33918, -120.79784], [35.34123, -120.79011]]]}}, {"type": "Feature", "geometry": {"type": "Point", "coordinates": [-120.68877, 35.25303]}, "properties": {"id": "rancho-laguna", "register_no": "609, 425, N. D., and 388 S. D.", "name": "Laguna — Francisco García Diego y Moreno", "date": {"iso": "1844", "display": "1844", "confidence": "year"}, "coord_precision": "exact", "type": "rancho", "layer": "micheltorena", "summary": "Granted 1844 by Manuel Micheltorena to Francisco García Diego y Moreno. Present-day San Luis Obispo County. Surveyed boundary from the U.S. General Land Office rancho surveys (ECAI/UCSD digitization).", "sources": [{"citation": "Boundary: ECAI/UCSD Spanish & Mexican Land Grants shapefile (GLO survey), reprojected from CA Albers (EPSG:3310)", "url": null}, {"citation": "Grant metadata: Wikipedia, List of ranchos of California", "url": null}], "notes": null, "tags": ["San Luis Obispo"], "polygon": [[[35.27804, -120.68756], [35.26252, -120.66926], [35.23953, -120.68313], [35.23771, -120.67765], [35.22864, -120.68113], [35.23152, -120.68793], [35.22805, -120.69005], [35.25599, -120.72196], [35.29028, -120.70147], [35.27804, -120.68756]]]}}, {"type": "Feature", "geometry": {"type": "Point", "coordinates": [-120.35538, 35.12326]}, "properties": {"id": "rancho-huasuna", "register_no": null, "name": "Huasuna", "date": {"iso": null, "display": "date to confirm", "confidence": "unknown"}, "coord_precision": "exact", "type": "rancho", "layer": "unattributed", "summary": "Surveyed boundary from the U.S. General Land Office rancho surveys (ECAI/UCSD digitization).", "sources": [{"citation": "Boundary: ECAI/UCSD Spanish & Mexican Land Grants shapefile (GLO survey), reprojected from CA Albers (EPSG:3310)", "url": null}], "notes": null, "tags": [], "polygon": [[[35.17987, -120.36513], [35.18626, -120.34984], [35.17748, -120.33928], [35.1694, -120.33804], [35.15808, -120.33116], [35.14951, -120.33193], [35.14528, -120.32784], [35.13909, -120.32589], [35.13216, -120.33887], [35.12112, -120.33497], [35.10699, -120.34672], [35.09116, -120.34256], [35.05878, -120.30336], [35.05882, -120.29407], [35.0422, -120.29411], [35.02858, -120.30283], [35.02457, -120.32091], [35.02848, -120.3256], [35.04592, -120.33362], [35.0527, -120.34823], [35.07278, -120.37557], [35.09063, -120.38724], [35.09274, -120.39342], [35.09818, -120.39519], [35.12659, -120.41705], [35.1581, -120.41737], [35.15536, -120.40794], [35.16405, -120.4007], [35.16954, -120.39428], [35.17046, -120.37973], [35.1561, -120.37684], [35.1552, -120.37339], [35.16144, -120.37147], [35.16389, -120.36789], [35.17055, -120.36287], [35.17869, -120.36802], [35.17987, -120.36513]]]}}, {"type": "Feature", "geometry": {"type": "Point", "coordinates": [-119.99129, 35.06528]}, "properties": {"id": "rancho-cuyama-maria-antonia-guerra-lataillade", "register_no": "365 SD", "name": "Cuyama (Maria Antonia De La Guerra Y Lataillade) — José María Rojo", "date": {"iso": "1843", "display": "1843", "confidence": "year"}, "coord_precision": "exact", "type": "rancho", "layer": "micheltorena", "summary": "Granted 1843 by Manuel Micheltorena to José María Rojo. Present-day Santa Barbara County. Surveyed boundary from the U.S. General Land Office rancho surveys (ECAI/UCSD digitization).", "sources": [{"citation": "Boundary: ECAI/UCSD Spanish & Mexican Land Grants shapefile (GLO survey), reprojected from CA Albers (EPSG:3310)", "url": null}, {"citation": "Grant metadata: Wikipedia, List of ranchos of California", "url": null}], "notes": null, "tags": ["Santa Barbara"], "polygon": [[[35.10589, -120.08207], [35.10791, -120.08042], [35.06056, -119.88107], [35.04006, -119.88182], [34.9875, -119.89277], [35.00997, -119.94677], [35.10444, -120.08334], [35.10589, -120.08207]]]}}, {"type": "Feature", "geometry": {"type": "Point", "coordinates": [-119.69981, 34.96576]}, "properties": {"id": "rancho-cuyama-heirs-cesario-lataillade", "register_no": null, "name": "Cuyama (Heirs Of Cesario Lataillade)", "date": {"iso": null, "display": "date to confirm", "confidence": "unknown"}, "coord_precision": "exact", "type": "rancho", "layer": "unattributed", "summary": "Surveyed boundary from the U.S. General Land Office rancho surveys (ECAI/UCSD digitization).", "sources": [{"citation": "Boundary: ECAI/UCSD Spanish & Mexican Land Grants shapefile (GLO survey), reprojected from CA Albers (EPSG:3310)", "url": null}], "notes": null, "tags": [], "polygon": [[[35.04006, -119.88182], [35.04252, -119.86767], [35.03272, -119.84726], [35.00595, -119.82187], [35.00494, -119.79873], [34.99145, -119.78219], [34.98796, -119.75916], [34.97835, -119.74602], [34.97682, -119.74135], [34.97461, -119.70794], [34.97728, -119.69472], [34.98365, -119.67799], [34.9727, -119.63578], [34.96379, -119.61997], [34.96434, -119.6022], [34.95822, -119.58392], [34.95023, -119.54591], [34.94353, -119.48958], [34.94364, -119.4806], [34.93708, -119.48056], [34.9329, -119.53367], [34.92526, -119.53377], [34.92579, -119.59433], [34.89642, -119.59456], [34.89713, -119.70961], [34.92404, -119.70913], [34.92441, -119.76348], [34.93915, -119.76362], [34.93917, -119.77254], [34.9536, -119.77254], [34.95482, -119.80669], [34.9875, -119.89277], [35.04006, -119.88182]]]}}, {"type": "Feature", "geometry": {"type": "Point", "coordinates": [-118.86659, 34.89404]}, "properties": {"id": "rancho-castac", "register_no": "349 SD", "name": "Castac — Jose Maria Covarrubias", "date": {"iso": "1843", "display": "1843", "confidence": "year"}, "coord_precision": "exact", "type": "rancho", "layer": "micheltorena", "summary": "Granted 1843 by Manuel Micheltorena to Jose Maria Covarrubias. Present-day Kern County. Surveyed boundary from the U.S. General Land Office rancho surveys (ECAI/UCSD digitization).", "sources": [{"citation": "Boundary: ECAI/UCSD Spanish & Mexican Land Grants shapefile (GLO survey), reprojected from CA Albers (EPSG:3310)", "url": null}, {"citation": "Grant metadata: Wikipedia, List of ranchos of California", "url": null}], "notes": null, "tags": ["Kern"], "polygon": [[[34.954, -118.8549], [34.92223, -118.85288], [34.90355, -118.82595], [34.88349, -118.81511], [34.86529, -118.82099], [34.84844, -118.81732], [34.82344, -118.84227], [34.83574, -118.86273], [34.868, -118.89357], [34.88132, -118.90319], [34.92898, -118.96031], [34.95403, -118.96151], [34.954, -118.8549]]]}}, {"type": "Feature", "geometry": {"type": "Point", "coordinates": [-120.46311, 34.82943]}, "properties": {"id": "rancho-todos-santos-san-antonio", "register_no": "357 SD", "name": "Todos Santos Y San Antonio — W.E.P. Hartnell", "date": {"iso": "1841", "display": "1841", "confidence": "year"}, "coord_precision": "exact", "type": "rancho", "layer": "alvarado", "summary": "Granted 1841 by Juan Alvarado to W.E.P. Hartnell. Present-day Santa Barbara County. Surveyed boundary from the U.S. General Land Office rancho surveys (ECAI/UCSD digitization).", "sources": [{"citation": "Boundary: ECAI/UCSD Spanish & Mexican Land Grants shapefile (GLO survey), reprojected from CA Albers (EPSG:3310)", "url": null}, {"citation": "Grant metadata: Wikipedia, List of ranchos of California", "url": null}], "notes": null, "tags": ["Santa Barbara"], "polygon": [[[34.86368, -120.46403], [34.8636, -120.44425], [34.84879, -120.44456], [34.84875, -120.43555], [34.84147, -120.43571], [34.84141, -120.42668], [34.8342, -120.42681], [34.83403, -120.41791], [34.8269, -120.41797], [34.81192, -120.44469], [34.73075, -120.43238], [34.76511, -120.49465], [34.80533, -120.51793], [34.82252, -120.55334], [34.83937, -120.52584], [34.8473, -120.52583], [34.84096, -120.46381], [34.86368, -120.46403]]]}}, {"type": "Feature", "geometry": {"type": "Point", "coordinates": [-120.13081, 34.70002]}, "properties": {"id": "rancho-corral-quati", "register_no": null, "name": "Corral De Quati", "date": {"iso": null, "display": "date to confirm", "confidence": "unknown"}, "coord_precision": "exact", "type": "rancho", "layer": "unattributed", "summary": "Surveyed boundary from the U.S. General Land Office rancho surveys (ECAI/UCSD digitization).", "sources": [{"citation": "Boundary: ECAI/UCSD Spanish & Mexican Land Grants shapefile (GLO survey), reprojected from CA Albers (EPSG:3310)", "url": null}], "notes": null, "tags": [], "polygon": [[[34.73257, -120.09989], [34.73261, -120.0902], [34.67782, -120.09038], [34.67798, -120.10096], [34.67402, -120.13421], [34.67758, -120.15634], [34.67937, -120.15868], [34.68336, -120.18873], [34.73229, -120.18882], [34.73257, -120.09989]]]}}, {"type": "Feature", "geometry": {"type": "Point", "coordinates": [-120.3972, 34.63632]}, "properties": {"id": "rancho-santa-rita-malo", "register_no": "219 SD", "name": "Santa Rita (Malo) — José Ramón Malo", "date": {"iso": "1845", "display": "1845", "confidence": "year"}, "coord_precision": "exact", "type": "rancho", "layer": "pico", "summary": "Granted 1845 by Pio Pico to José Ramón Malo. Present-day Santa Barbara County. Surveyed boundary from the U.S. General Land Office rancho surveys (ECAI/UCSD digitization).", "sources": [{"citation": "Boundary: ECAI/UCSD Spanish & Mexican Land Grants shapefile (GLO survey), reprojected from CA Albers (EPSG:3310)", "url": null}, {"citation": "Grant metadata: Wikipedia, List of ranchos of California", "url": null}], "notes": null, "tags": ["Santa Barbara"], "polygon": [[[34.70208, -120.39594], [34.68842, -120.34271], [34.65911, -120.34314], [34.61144, -120.35456], [34.61368, -120.35863], [34.6124, -120.3682], [34.62064, -120.38304], [34.61815, -120.39061], [34.61829, -120.39374], [34.6252, -120.39623], [34.62725, -120.39534], [34.63022, -120.3912], [34.63181, -120.39523], [34.63148, -120.40391], [34.62174, -120.40439], [34.61863, -120.40845], [34.61856, -120.41075], [34.62002, -120.41239], [34.62343, -120.41309], [34.62725, -120.4106], [34.63202, -120.41152], [34.63678, -120.40813], [34.64006, -120.40891], [34.64084, -120.41197], [34.63988, -120.41476], [34.63533, -120.41897], [34.63556, -120.4245], [34.6399, -120.42901], [34.66726, -120.42027], [34.70208, -120.39594]]]}}, {"type": "Feature", "geometry": {"type": "Point", "coordinates": [-120.28409, 34.62553]}, "properties": {"id": "rancho-santa-rosa-cota", "register_no": "294 SD", "name": "Santa Rosa (Cota) — Francisco Cota", "date": {"iso": "1839", "display": "1839", "confidence": "year"}, "coord_precision": "exact", "type": "rancho", "layer": "interim", "summary": "Granted 1839 by Manuel Jimeno to Francisco Cota. Present-day Santa Barbara County. Surveyed boundary from the U.S. General Land Office rancho surveys (ECAI/UCSD digitization).", "sources": [{"citation": "Boundary: ECAI/UCSD Spanish & Mexican Land Grants shapefile (GLO survey), reprojected from CA Albers (EPSG:3310)", "url": null}, {"citation": "Grant metadata: Wikipedia, List of ranchos of California", "url": null}], "notes": null, "tags": ["Santa Barbara"], "polygon": [[[34.67724, -120.29055], [34.6899, -120.28875], [34.69094, -120.28538], [34.64829, -120.27712], [34.64417, -120.25206], [34.61157, -120.24401], [34.59495, -120.23855], [34.58243, -120.22972], [34.56934, -120.25016], [34.5674, -120.25791], [34.56933, -120.26957], [34.58099, -120.28992], [34.59575, -120.30807], [34.5992, -120.35692], [34.6222, -120.35249], [34.61788, -120.28834], [34.65149, -120.31569], [34.66019, -120.30298], [34.66015, -120.29303], [34.67724, -120.29055]]]}}, {"type": "Feature", "geometry": {"type": "Point", "coordinates": [-120.02822, 34.59969]}, "properties": {"id": "rancho-canada-pinos-college", "register_no": "388 SD", "name": "Canada De Los Pinos Or College Rancho — Seminary of Santa Inez", "date": {"iso": "1843", "display": "1843", "confidence": "year"}, "coord_precision": "exact", "type": "rancho", "layer": "micheltorena", "summary": "Granted 1843 by Manuel Micheltorena to Seminary of Santa Inez. Present-day Santa Barbara County. Surveyed boundary from the U.S. General Land Office rancho surveys (ECAI/UCSD digitization).", "sources": [{"citation": "Boundary: ECAI/UCSD Spanish & Mexican Land Grants shapefile (GLO survey), reprojected from CA Albers (EPSG:3310)", "url": null}, {"citation": "Grant metadata: Wikipedia, List of ranchos of California", "url": null}], "notes": null, "tags": ["Santa Barbara"], "polygon": [[[34.67792, -120.10146], [34.67627, -119.95044], [34.58602, -119.95414], [34.58831, -119.96636], [34.58458, -119.96992], [34.58308, -119.9749], [34.58644, -119.98432], [34.5871, -119.99878], [34.5911, -120.00338], [34.58928, -120.02391], [34.58541, -120.03277], [34.5857, -120.03612], [34.58761, -120.03894], [34.58832, -120.05358], [34.57873, -120.06367], [34.57724, -120.0748], [34.58384, -120.10114], [34.57919, -120.10617], [34.67792, -120.10146]]]}}, {"type": "Feature", "geometry": {"type": "Point", "coordinates": [-120.43991, 34.62501]}, "properties": {"id": "rancho-vieja-purisima", "register_no": "389 SD", "name": "La Mission Vieja De La Purisima — Jonathan Temple", "date": {"iso": "1845", "display": "1845", "confidence": "year"}, "coord_precision": "exact", "type": "rancho", "layer": "pico", "summary": "Granted 1845 by Pio Pico to Jonathan Temple. Present-day Santa Barbara County. Surveyed boundary from the U.S. General Land Office rancho surveys (ECAI/UCSD digitization).", "sources": [{"citation": "Boundary: ECAI/UCSD Spanish & Mexican Land Grants shapefile (GLO survey), reprojected from CA Albers (EPSG:3310)", "url": null}, {"citation": "Grant metadata: Wikipedia, List of ranchos of California", "url": null}], "notes": null, "tags": ["Santa Barbara"], "polygon": [[[34.66841, -120.42348], [34.66726, -120.42027], [34.64015, -120.42905], [34.63205, -120.42771], [34.59844, -120.44532], [34.58811, -120.44599], [34.58264, -120.45791], [34.5796, -120.48596], [34.66841, -120.42348]]]}}, {"type": "Feature", "geometry": {"type": "Point", "coordinates": [-119.65166, 34.5253]}, "properties": {"id": "rancho-prietos-najalayegua", "register_no": null, "name": "Los Prietos Y Najalayegua", "date": {"iso": null, "display": "date to confirm", "confidence": "unknown"}, "coord_precision": "exact", "type": "rancho", "layer": "unattributed", "summary": "Surveyed boundary from the U.S. General Land Office rancho surveys (ECAI/UCSD digitization).", "sources": [{"citation": "Boundary: ECAI/UCSD Spanish & Mexican Land Grants shapefile (GLO survey), reprojected from CA Albers (EPSG:3310)", "url": null}], "notes": null, "tags": [], "polygon": [[[34.59818, -119.70237], [34.59835, -119.67368], [34.54906, -119.62051], [34.53615, -119.62048], [34.53619, -119.56439], [34.52155, -119.56436], [34.52155, -119.52905], [34.5143, -119.52902], [34.51418, -119.51153], [34.50721, -119.51161], [34.50766, -119.44123], [34.47829, -119.44118], [34.47783, -119.56539], [34.4852, -119.56545], [34.48514, -119.6005], [34.49229, -119.60062], [34.49224, -119.61857], [34.49941, -119.61848], [34.49939, -119.63764], [34.50671, -119.63758], [34.50683, -119.69634], [34.51384, -119.69657], [34.51411, -119.73191], [34.52126, -119.73185], [34.52137, -119.74059], [34.52835, -119.74073], [34.52854, -119.7658], [34.53545, -119.76607], [34.53455, -119.82478], [34.54169, -119.82495], [34.54268, -119.82092], [34.55467, -119.79726], [34.5978, -119.76254], [34.59818, -119.70237]]]}}, {"type": "Feature", "geometry": {"type": "Point", "coordinates": [-120.22613, 34.54885]}, "properties": {"id": "rancho-cruces", "register_no": "430 ND", "name": "Las Cruces — Miguel Cordero", "date": {"iso": "1837", "display": "1837", "confidence": "year"}, "coord_precision": "exact", "type": "rancho", "layer": "alvarado", "summary": "Granted 1837 by Juan Alvarado to Miguel Cordero. Present-day Santa Barbara County. Surveyed boundary from the U.S. General Land Office rancho surveys (ECAI/UCSD digitization).", "sources": [{"citation": "Boundary: ECAI/UCSD Spanish & Mexican Land Grants shapefile (GLO survey), reprojected from CA Albers (EPSG:3310)", "url": null}, {"citation": "Grant metadata: Wikipedia, List of ranchos of California", "url": null}], "notes": null, "tags": ["Santa Barbara"], "polygon": [[[34.57706, -120.23772], [34.57694, -120.23403], [34.57341, -120.23396], [34.57331, -120.22544], [34.56628, -120.22531], [34.56605, -120.21631], [34.56243, -120.21614], [34.56237, -120.20985], [34.55045, -120.21148], [34.55032, -120.20769], [34.54025, -120.20661], [34.54026, -120.20265], [34.5332, -120.20231], [34.53311, -120.19816], [34.52566, -120.1977], [34.5256, -120.19394], [34.52189, -120.19366], [34.5219, -120.1902], [34.49404, -120.21932], [34.4944, -120.24415], [34.52593, -120.25162], [34.52599, -120.25081], [34.5484, -120.25035], [34.54841, -120.25187], [34.55928, -120.25187], [34.55937, -120.24744], [34.5629, -120.24731], [34.56295, -120.24285], [34.5666, -120.24305], [34.56648, -120.24729], [34.57092, -120.24743], [34.57706, -120.23772]]]}}, {"type": "Feature", "geometry": {"type": "Point", "coordinates": [-118.71778, 34.4932]}, "properties": {"id": "rancho-temascal", "register_no": null, "name": "Temascal", "date": {"iso": null, "display": "date to confirm", "confidence": "unknown"}, "coord_precision": "exact", "type": "rancho", "layer": "unattributed", "summary": "Surveyed boundary from the U.S. General Land Office rancho surveys (ECAI/UCSD digitization).", "sources": [{"citation": "Boundary: ECAI/UCSD Spanish & Mexican Land Grants shapefile (GLO survey), reprojected from CA Albers (EPSG:3310)", "url": null}], "notes": null, "tags": [], "polygon": [[[34.53916, -118.68665], [34.54435, -118.68219], [34.51738, -118.66152], [34.46859, -118.71977], [34.41648, -118.76403], [34.41509, -118.7885], [34.48104, -118.7654], [34.51754, -118.70534], [34.53916, -118.68665]]]}}, {"type": "Feature", "geometry": {"type": "Point", "coordinates": [-119.70848, 34.44575]}, "properties": {"id": "rancho-lands-santa-barbara", "register_no": null, "name": "Lands Of Mission Santa Barbara", "date": {"iso": null, "display": "date to confirm", "confidence": "unknown"}, "coord_precision": "exact", "type": "rancho", "layer": "unattributed", "summary": "Surveyed boundary from the U.S. General Land Office rancho surveys (ECAI/UCSD digitization).", "sources": [{"citation": "Boundary: ECAI/UCSD Spanish & Mexican Land Grants shapefile (GLO survey), reprojected from CA Albers (EPSG:3310)", "url": null}], "notes": null, "tags": [], "polygon": [[[34.44879, -119.70807], [34.44846, -119.70287], [34.44189, -119.70286], [34.44186, -119.70507], [34.43231, -119.70547], [34.43245, -119.71589], [34.44041, -119.7125], [34.44066, -119.7099], [34.45174, -119.70949], [34.45196, -119.71087], [34.45764, -119.71091], [34.45782, -119.70822], [34.44879, -119.70807]]]}}, {"type": "Feature", "geometry": {"type": "Point", "coordinates": [-119.63558, 34.4178]}, "properties": {"id": "rancho-pueblo-lands-santa-barbara", "register_no": null, "name": "Pueblo Lands Of Santa Barbara", "date": {"iso": null, "display": "date to confirm", "confidence": "unknown"}, "coord_precision": "exact", "type": "rancho", "layer": "unattributed", "summary": "Surveyed boundary from the U.S. General Land Office rancho surveys (ECAI/UCSD digitization).", "sources": [{"citation": "Boundary: ECAI/UCSD Spanish & Mexican Land Grants shapefile (GLO survey), reprojected from CA Albers (EPSG:3310)", "url": null}], "notes": null, "tags": [], "polygon": [[[34.45375, -119.75668], [34.45448, -119.75092], [34.44386, -119.72034], [34.43245, -119.71589], [34.43197, -119.68082], [34.43009, -119.67238], [34.44666, -119.66352], [34.44777, -119.6342], [34.44538, -119.59514], [34.42046, -119.56936], [34.42048, -119.56005], [34.41873, -119.55667], [34.41959, -119.53856], [34.41415, -119.53023], [34.41443, -119.5126], [34.40901, -119.49665], [34.39966, -119.48518], [34.3995, -119.494], [34.39637, -119.49714], [34.39558, -119.50331], [34.39256, -119.50813], [34.38889, -119.51958], [34.39441, -119.53046], [34.3946, -119.53646], [34.40776, -119.55173], [34.41335, -119.56081], [34.41357, -119.5657], [34.41101, -119.5757], [34.41716, -119.59423], [34.41947, -119.61222], [34.41912, -119.61741], [34.41704, -119.61984], [34.41761, -119.62861], [34.41423, -119.63684], [34.41584, -119.64858], [34.4133, -119.67877], [34.40907, -119.68917], [34.40348, -119.69277], [34.40149, -119.69098], [34.39964, -119.6986], [34.39501, -119.70379], [34.39371, -119.70901], [34.39427, -119.72792], [34.40101, -119.74287], [34.42344, -119.72324], [34.42527, -119.73639], [34.43506, -119.75124], [34.43496, -119.76578], [34.43177, -119.77264], [34.42906, -119.7853], [34.45013, -119.78519], [34.45375, -119.75668]]]}}, {"type": "Feature", "geometry": {"type": "Point", "coordinates": [-118.93441, 34.39674]}, "properties": {"id": "rancho-sespe-no-2", "register_no": "32 SD", "name": "Sespe No. 2 — Carlos Antonio Carrillo", "date": {"iso": "1833", "display": "1833", "confidence": "year"}, "coord_precision": "exact", "type": "rancho", "layer": "figueroa", "summary": "Granted 1833 by José Figueroa to Carlos Antonio Carrillo. Present-day Ventura County. Surveyed boundary from the U.S. General Land Office rancho surveys (ECAI/UCSD digitization).", "sources": [{"citation": "Boundary: ECAI/UCSD Spanish & Mexican Land Grants shapefile (GLO survey), reprojected from CA Albers (EPSG:3310)", "url": null}, {"citation": "Grant metadata: Wikipedia, List of ranchos of California", "url": null}], "notes": null, "tags": ["Ventura"], "polygon": [[[34.43565, -118.92954], [34.44232, -118.92672], [34.443, -118.92314], [34.44044, -118.91961], [34.42743, -118.91943], [34.42189, -118.92279], [34.41305, -118.92039], [34.40799, -118.91284], [34.40797, -118.90751], [34.40291, -118.90523], [34.39664, -118.8957], [34.3949, -118.88602], [34.39367, -118.88501], [34.39367, -118.86981], [34.38893, -118.87], [34.38885, -118.87661], [34.38732, -118.88012], [34.38855, -118.88799], [34.38785, -118.89054], [34.3917, -118.90015], [34.39112, -118.90445], [34.39269, -118.91141], [34.39237, -118.91505], [34.39071, -118.91759], [34.39048, -118.92541], [34.38385, -118.94458], [34.38733, -118.94257], [34.38986, -118.93465], [34.39386, -118.93564], [34.40511, -118.92959], [34.4064, -118.93255], [34.40147, -118.94409], [34.38569, -118.95481], [34.38129, -118.95511], [34.37754, -118.97052], [34.37206, -118.98564], [34.36986, -119.00354], [34.36265, -119.01015], [34.36375, -119.01981], [34.36108, -119.02403], [34.37684, -119.02411], [34.37149, -119.01478], [34.37765, -118.98939], [34.39356, -118.97225], [34.40145, -118.95465], [34.41577, -118.9436], [34.41743, -118.93307], [34.43565, -118.92954]]]}}, {"type": "Feature", "geometry": {"type": "Point", "coordinates": [-119.47906, 34.39176]}, "properties": {"id": "rancho-rincon-arellanes", "register_no": "59 SD", "name": "El Rincon (Arellanes) — Teodoro Arellanes", "date": {"iso": "1835", "display": "1835", "confidence": "year"}, "coord_precision": "exact", "type": "rancho", "layer": "figueroa", "summary": "Granted 1835 by José Figueroa to Teodoro Arellanes. Present-day Ventura County. Surveyed boundary from the U.S. General Land Office rancho surveys (ECAI/UCSD digitization).", "sources": [{"citation": "Boundary: ECAI/UCSD Spanish & Mexican Land Grants shapefile (GLO survey), reprojected from CA Albers (EPSG:3310)", "url": null}, {"citation": "Grant metadata: Wikipedia, List of ranchos of California", "url": null}], "notes": null, "tags": ["Ventura"], "polygon": [[[34.40769, -119.47685], [34.39302, -119.439], [34.39149, -119.42407], [34.38515, -119.4158], [34.37307, -119.4621], [34.37431, -119.47093], [34.3713, -119.47665], [34.37861, -119.48372], [34.38174, -119.49076], [34.38458, -119.50934], [34.38889, -119.51958], [34.39256, -119.50813], [34.39558, -119.50331], [34.39637, -119.49714], [34.3995, -119.494], [34.39966, -119.48518], [34.40284, -119.48494], [34.40305, -119.48259], [34.40815, -119.48019], [34.40769, -119.47685]]]}}, {"type": "Feature", "geometry": {"type": "Point", "coordinates": [-119.28455, 34.339]}, "properties": {"id": "rancho-canada-larga-verde", "register_no": "81 SD", "name": "Canada Larga Verde — Joaquina Alvarado", "date": {"iso": "1841", "display": "1841", "confidence": "year"}, "coord_precision": "exact", "type": "rancho", "layer": "alvarado", "summary": "Granted 1841 by Juan Alvarado to Joaquina Alvarado. Present-day Ventura County. Surveyed boundary from the U.S. General Land Office rancho surveys (ECAI/UCSD digitization).", "sources": [{"citation": "Boundary: ECAI/UCSD Spanish & Mexican Land Grants shapefile (GLO survey), reprojected from CA Albers (EPSG:3310)", "url": null}, {"citation": "Grant metadata: Wikipedia, List of ranchos of California", "url": null}], "notes": null, "tags": ["Ventura"], "polygon": [[[34.34825, -119.303], [34.3522, -119.30245], [34.3853, -119.23343], [34.36685, -119.22158], [34.31789, -119.28458], [34.31414, -119.28553], [34.31098, -119.29138], [34.31222, -119.29581], [34.32005, -119.29327], [34.34353, -119.29927], [34.34837, -119.30135], [34.34825, -119.303]]]}}, {"type": "Feature", "geometry": {"type": "Point", "coordinates": [-118.95996, 34.36662]}, "properties": {"id": "rancho-sespe-no-1", "register_no": "32 SD", "name": "Sespe No. 1 — Carlos Antonio Carrillo", "date": {"iso": "1833", "display": "1833", "confidence": "year"}, "coord_precision": "exact", "type": "rancho", "layer": "figueroa", "summary": "Granted 1833 by José Figueroa to Carlos Antonio Carrillo. Present-day Ventura County. Surveyed boundary from the U.S. General Land Office rancho surveys (ECAI/UCSD digitization).", "sources": [{"citation": "Boundary: ECAI/UCSD Spanish & Mexican Land Grants shapefile (GLO survey), reprojected from CA Albers (EPSG:3310)", "url": null}, {"citation": "Grant metadata: Wikipedia, List of ranchos of California", "url": null}], "notes": null, "tags": ["Ventura"], "polygon": [[[34.37866, -118.93705], [34.38114, -118.93361], [34.38063, -118.91927], [34.3791, -118.91766], [34.37749, -118.90178], [34.37372, -118.90179], [34.36908, -118.92594], [34.34808, -118.97868], [34.34573, -118.97899], [34.35303, -119.02029], [34.35504, -119.01322], [34.35706, -119.01076], [34.35724, -119.00101], [34.36233, -118.98866], [34.3649, -118.98642], [34.36423, -118.97594], [34.36198, -118.96987], [34.36293, -118.96285], [34.36542, -118.95844], [34.3742, -118.95371], [34.37505, -118.94624], [34.37866, -118.93705]]]}}, {"type": "Feature", "geometry": {"type": "Point", "coordinates": [-117.36773, 34.19452]}, "properties": {"id": "rancho-muscupiabe", "register_no": "281 SD", "name": "Muscupiabe — Michael White", "date": {"iso": "1844", "display": "1844", "confidence": "year"}, "coord_precision": "exact", "type": "rancho", "layer": "micheltorena", "summary": "Granted 1844 by Manuel Micheltorena to Michael White. Present-day San Bernardino County. Surveyed boundary from the U.S. General Land Office rancho surveys (ECAI/UCSD digitization).", "sources": [{"citation": "Boundary: ECAI/UCSD Spanish & Mexican Land Grants shapefile (GLO survey), reprojected from CA Albers (EPSG:3310)", "url": null}, {"citation": "Grant metadata: Wikipedia, List of ranchos of California", "url": null}], "notes": null, "tags": ["San Bernardino"], "polygon": [[[34.23626, -117.42387], [34.24118, -117.42286], [34.24571, -117.41923], [34.24397, -117.41546], [34.24029, -117.41347], [34.23449, -117.39849], [34.22534, -117.38204], [34.22445, -117.3765], [34.22727, -117.37255], [34.22326, -117.36592], [34.21072, -117.36816], [34.19819, -117.33744], [34.21404, -117.32836], [34.19926, -117.33071], [34.19281, -117.324], [34.19256, -117.3083], [34.18779, -117.30887], [34.16582, -117.25663], [34.15204, -117.23744], [34.14681, -117.22516], [34.12701, -117.22531], [34.12708, -117.24269], [34.13899, -117.24269], [34.13912, -117.3302], [34.11334, -117.33079], [34.1134, -117.33672], [34.17915, -117.44384], [34.18404, -117.44067], [34.19902, -117.44868], [34.19663, -117.44378], [34.19741, -117.4396], [34.1898, -117.4322], [34.19272, -117.42026], [34.19617, -117.42087], [34.20083, -117.41308], [34.20083, -117.4096], [34.20587, -117.40929], [34.21442, -117.41355], [34.22633, -117.42587], [34.23626, -117.42387]]]}}, {"type": "Feature", "geometry": {"type": "Point", "coordinates": [-119.20701, 34.18098]}, "properties": {"id": "rancho-rio-santa-clara", "register_no": "231 SD", "name": "Rio De Santa Clara — Valentine Cota et al.", "date": {"iso": "1837", "display": "1837", "confidence": "year"}, "coord_precision": "exact", "type": "rancho", "layer": "alvarado", "summary": "Granted 1837 by Juan Alvarado to Valentine Cota et al.. Present-day Ventura County. Surveyed boundary from the U.S. General Land Office rancho surveys (ECAI/UCSD digitization).", "sources": [{"citation": "Boundary: ECAI/UCSD Spanish & Mexican Land Grants shapefile (GLO survey), reprojected from CA Albers (EPSG:3310)", "url": null}, {"citation": "Grant metadata: Wikipedia, List of ranchos of California", "url": null}], "notes": null, "tags": ["Ventura"], "polygon": [[[34.24199, -119.19407], [34.24055, -119.18311], [34.23203, -119.17124], [34.22831, -119.16999], [34.22668, -119.16809], [34.22228, -119.15204], [34.22045, -119.09857], [34.2147, -119.03356], [34.21269, -119.03559], [34.16587, -119.05801], [34.10037, -119.13252], [34.11812, -119.16082], [34.13617, -119.18573], [34.14301, -119.20159], [34.14295, -119.2098], [34.14631, -119.20768], [34.14636, -119.20325], [34.14709, -119.20548], [34.14975, -119.20553], [34.14988, -119.20735], [34.1519, -119.20752], [34.15206, -119.20997], [34.147, -119.20936], [34.14482, -119.21134], [34.14395, -119.21517], [34.15244, -119.22134], [34.15494, -119.22484], [34.15425, -119.22688], [34.1586, -119.22135], [34.17365, -119.22254], [34.166, -119.22372], [34.16572, -119.22498], [34.17754, -119.22653], [34.17751, -119.22325], [34.17536, -119.224], [34.17456, -119.22223], [34.17738, -119.2221], [34.17575, -119.22105], [34.17905, -119.22097], [34.17852, -119.22662], [34.18335, -119.2297], [34.18152, -119.23271], [34.18191, -119.23017], [34.18028, -119.23202], [34.18058, -119.22954], [34.17934, -119.23141], [34.18001, -119.22899], [34.17845, -119.22783], [34.17886, -119.2294], [34.17657, -119.22857], [34.17763, -119.22703], [34.16616, -119.22749], [34.15858, -119.22338], [34.15535, -119.22746], [34.1567, -119.2268], [34.15814, -119.22881], [34.1651, -119.23102], [34.21224, -119.25631], [34.23003, -119.26344], [34.23024, -119.26186], [34.23186, -119.26164], [34.23326, -119.25591], [34.2346, -119.26108], [34.23432, -119.22391], [34.23546, -119.20834], [34.23674, -119.20106], [34.24199, -119.19407]]]}}, {"type": "Feature", "geometry": {"type": "Point", "coordinates": [-118.77332, 34.12844]}, "properties": {"id": "rancho-virgenes", "register_no": "265 SD", "name": "Las Virgenes — Miguel Ortega", "date": {"iso": "1802", "display": "1802", "confidence": "year"}, "coord_precision": "exact", "type": "rancho", "layer": "spanish", "summary": "Granted 1802 by José Joaquín de Arrillaga to Miguel Ortega. Present-day Los Angeles County. Surveyed boundary from the U.S. General Land Office rancho surveys (ECAI/UCSD digitization).", "sources": [{"citation": "Boundary: ECAI/UCSD Spanish & Mexican Land Grants shapefile (GLO survey), reprojected from CA Albers (EPSG:3310)", "url": null}, {"citation": "Grant metadata: Wikipedia, List of ranchos of California", "url": null}], "notes": null, "tags": ["Los Angeles"], "polygon": [[[34.16634, -118.78825], [34.16637, -118.72253], [34.13845, -118.72435], [34.12048, -118.74884], [34.1054, -118.75145], [34.10322, -118.76865], [34.10916, -118.76985], [34.1089, -118.77301], [34.11188, -118.78036], [34.11685, -118.78088], [34.11583, -118.78364], [34.12112, -118.7943], [34.12955, -118.79857], [34.13054, -118.80801], [34.1446, -118.79226], [34.16634, -118.78825]]]}}, {"type": "Feature", "geometry": {"type": "Point", "coordinates": [-117.83626, 34.11423]}, "properties": {"id": "rancho-san-jose-addition", "register_no": "128 SD", "name": "San Jose Addition — Ygnacio Palomares", "date": {"iso": "1837", "display": "1837", "confidence": "year"}, "coord_precision": "exact", "type": "rancho", "layer": "alvarado", "summary": "Granted 1837 by Juan Alvarado to Ygnacio Palomares. Present-day Los Angeles County. Surveyed boundary from the U.S. General Land Office rancho surveys (ECAI/UCSD digitization).", "sources": [{"citation": "Boundary: ECAI/UCSD Spanish & Mexican Land Grants shapefile (GLO survey), reprojected from CA Albers (EPSG:3310)", "url": null}, {"citation": "Grant metadata: Wikipedia, List of ranchos of California", "url": null}], "notes": null, "tags": ["Los Angeles"], "polygon": [[[34.12603, -117.81955], [34.1201, -117.78923], [34.09638, -117.84306], [34.09006, -117.86691], [34.11189, -117.88054], [34.12909, -117.835], [34.12603, -117.81955]]]}}, {"type": "Feature", "geometry": {"type": "Point", "coordinates": [-117.76701, 34.06034]}, "properties": {"id": "rancho-san-jose-dalton-et-al", "register_no": "128 SD", "name": "San Jose (Dalton Et Al) — Ygnacio Palomares", "date": {"iso": "1837", "display": "1837", "confidence": "year"}, "coord_precision": "exact", "type": "rancho", "layer": "alvarado", "summary": "Granted 1837 by Juan Alvarado to Ygnacio Palomares. Present-day Los Angeles County. Surveyed boundary from the U.S. General Land Office rancho surveys (ECAI/UCSD digitization).", "sources": [{"citation": "Boundary: ECAI/UCSD Spanish & Mexican Land Grants shapefile (GLO survey), reprojected from CA Albers (EPSG:3310)", "url": null}, {"citation": "Grant metadata: Wikipedia, List of ranchos of California", "url": null}], "notes": null, "tags": ["Los Angeles"], "polygon": [[[34.1201, -117.78923], [34.09203, -117.70421], [34.04748, -117.72251], [34.03249, -117.72711], [34.01998, -117.72925], [34.0172, -117.73494], [34.02271, -117.7713], [34.04501, -117.8064], [34.05026, -117.81989], [34.09638, -117.84306], [34.1201, -117.78923]]]}}, {"type": "Feature", "geometry": {"type": "Point", "coordinates": [-118.49202, 34.05697]}, "properties": {"id": "rancho-san-vicente-santa-monica", "register_no": "143 SD", "name": "San Vicente Y Santa Monica — Francisco Sepúlveda", "date": {"iso": "1839", "display": "1839", "confidence": "year"}, "coord_precision": "exact", "type": "rancho", "layer": "alvarado", "summary": "Granted 1839 by Juan Alvarado to Francisco Sepúlveda. Present-day Los Angeles County. Surveyed boundary from the U.S. General Land Office rancho surveys (ECAI/UCSD digitization).", "sources": [{"citation": "Boundary: ECAI/UCSD Spanish & Mexican Land Grants shapefile (GLO survey), reprojected from CA Albers (EPSG:3310)", "url": null}, {"citation": "Grant metadata: Wikipedia, List of ranchos of California", "url": null}], "notes": null, "tags": ["Los Angeles"], "polygon": [[[34.12862, -118.45161], [34.08928, -118.43601], [34.07387, -118.46746], [34.0358, -118.43448], [34.00995, -118.48394], [34.00437, -118.492], [34.00709, -118.4958], [34.00574, -118.4986], [34.00746, -118.49706], [34.01206, -118.50062], [34.0219, -118.51289], [34.05482, -118.49603], [34.07294, -118.59826], [34.12864, -118.56414], [34.13041, -118.49185], [34.12862, -118.45161]]]}}, {"type": "Feature", "geometry": {"type": "Point", "coordinates": [-117.52446, 33.95679]}, "properties": {"id": "rancho-jurupa-stearns", "register_no": "213 SD, 263 SD", "name": "Jurupa (Stearns) — Juan Bandini", "date": {"iso": "1838", "display": "1838", "confidence": "year"}, "coord_precision": "exact", "type": "rancho", "layer": "alvarado", "summary": "Granted 1838 by Juan Alvarado to Juan Bandini. Present-day Riverside County. Surveyed boundary from the U.S. General Land Office rancho surveys (ECAI/UCSD digitization).", "sources": [{"citation": "Boundary: ECAI/UCSD Spanish & Mexican Land Grants shapefile (GLO survey), reprojected from CA Albers (EPSG:3310)", "url": null}, {"citation": "Grant metadata: Wikipedia, List of ranchos of California", "url": null}], "notes": null, "tags": ["Riverside"], "polygon": [[[33.95989, -117.40568], [33.96244, -117.4533], [33.95767, -117.46145], [33.96154, -117.4759], [33.9586, -117.49005], [33.96101, -117.49698], [33.96036, -117.51933], [33.95254, -117.53244], [33.94967, -117.53435], [33.94452, -117.55275], [33.94416, -117.5601], [33.92158, -117.58927], [33.92467, -117.59443], [33.91538, -117.61013], [33.92288, -117.61024], [33.92293, -117.61459], [33.9407, -117.61462], [33.94076, -117.63228], [33.95589, -117.63199], [33.95918, -117.61011], [33.97076, -117.61232], [33.97784, -117.58635], [34.05672, -117.33572], [34.03666, -117.32672], [33.95838, -117.3793], [33.95989, -117.40568]]]}}, {"type": "Feature", "geometry": {"type": "Point", "coordinates": [-118.55748, 34.04473]}, "properties": {"id": "rancho-boca-santa-monica", "register_no": "141 SD", "name": "Boca De Santa Monica — Ysidro Reyes", "date": {"iso": "1839", "display": "1839", "confidence": "year"}, "coord_precision": "exact", "type": "rancho", "layer": "alvarado", "summary": "Granted 1839 by Juan Alvarado to Ysidro Reyes. Present-day Los Angeles County. Surveyed boundary from the U.S. General Land Office rancho surveys (ECAI/UCSD digitization).", "sources": [{"citation": "Boundary: ECAI/UCSD Spanish & Mexican Land Grants shapefile (GLO survey), reprojected from CA Albers (EPSG:3310)", "url": null}, {"citation": "Grant metadata: Wikipedia, List of ranchos of California", "url": null}], "notes": null, "tags": ["Los Angeles"], "polygon": [[[34.05876, -118.5941], [34.07294, -118.59826], [34.05482, -118.49603], [34.0219, -118.51289], [34.03119, -118.52822], [34.03665, -118.54195], [34.0364, -118.55639], [34.03986, -118.56913], [34.03601, -118.5837], [34.05876, -118.5941]]]}}, {"type": "Feature", "geometry": {"type": "Point", "coordinates": [-118.78087, 34.0332]}, "properties": {"id": "rancho-topanga-malibu-sequit", "register_no": "147 SD", "name": "Topanga Malibu Sequit — José Bartolomé Tapia", "date": {"iso": "1804", "display": "1804", "confidence": "year"}, "coord_precision": "exact", "type": "rancho", "layer": "spanish", "summary": "Granted 1804 by José Joaquín de Arrillaga to José Bartolomé Tapia. Present-day Los Angeles County. Surveyed boundary from the U.S. General Land Office rancho surveys (ECAI/UCSD digitization).", "sources": [{"citation": "Boundary: ECAI/UCSD Spanish & Mexican Land Grants shapefile (GLO survey), reprojected from CA Albers (EPSG:3310)", "url": null}, {"citation": "Grant metadata: Wikipedia, List of ranchos of California", "url": null}], "notes": null, "tags": ["Los Angeles"], "polygon": [[[34.07316, -118.93977], [34.04292, -118.84589], [34.03782, -118.81361], [34.03676, -118.79334], [34.04107, -118.7788], [34.04169, -118.72789], [34.04433, -118.68602], [34.04623, -118.68148], [34.04618, -118.65277], [34.04484, -118.63795], [34.04043, -118.63642], [34.03966, -118.63757], [34.03749, -118.6374], [34.03473, -118.63565], [34.0366, -118.64433], [34.03706, -118.67083], [34.03491, -118.676], [34.03063, -118.67869], [34.02935, -118.68106], [34.03093, -118.69322], [34.02806, -118.7048], [34.03126, -118.73049], [34.03059, -118.74314], [34.02816, -118.75058], [34.02434, -118.75482], [34.02329, -118.76574], [34.01918, -118.78469], [34.00919, -118.79289], [34.0056, -118.79344], [34.00365, -118.80161], [33.99912, -118.80408], [33.99909, -118.80675], [34.00901, -118.81634], [34.01767, -118.82751], [34.0274, -118.84148], [34.03259, -118.85307], [34.03367, -118.85818], [34.03286, -118.8611], [34.03622, -118.87437], [34.0375, -118.8947], [34.03977, -118.9033], [34.03988, -118.91456], [34.04382, -118.92415], [34.04384, -118.93098], [34.04121, -118.93618], [34.0435, -118.9435], [34.07316, -118.93977]]]}}, {"type": "Feature", "geometry": {"type": "Point", "coordinates": [-117.70652, 33.99265]}, "properties": {"id": "rancho-santa-ana-chino-addition-to", "register_no": "182 SD", "name": "Santa Ana Del Chino (Addition To) — Antonio Maria Lugo", "date": {"iso": "1841", "display": "1841", "confidence": "year"}, "coord_precision": "exact", "type": "rancho", "layer": "alvarado", "summary": "Granted 1841 by Juan Alvarado to Antonio Maria Lugo. Present-day San Bernardino County. Surveyed boundary from the U.S. General Land Office rancho surveys (ECAI/UCSD digitization).", "sources": [{"citation": "Boundary: ECAI/UCSD Spanish & Mexican Land Grants shapefile (GLO survey), reprojected from CA Albers (EPSG:3310)", "url": null}, {"citation": "Grant metadata: Wikipedia, List of ranchos of California", "url": null}], "notes": null, "tags": ["San Bernardino"], "polygon": [[[34.04917, -117.64506], [34.05057, -117.62523], [34.0324, -117.62522], [34.03256, -117.60613], [33.97285, -117.60616], [33.97076, -117.61232], [33.95918, -117.61011], [33.95549, -117.63548], [33.94486, -117.67171], [33.94476, -117.67966], [33.95933, -117.67931], [33.95929, -117.76621], [33.95205, -117.76604], [33.95257, -117.79285], [33.96662, -117.79298], [33.96684, -117.80155], [33.97434, -117.80186], [33.99916, -117.78664], [33.99919, -117.76654], [34.00976, -117.76608], [34.00973, -117.74974], [34.01716, -117.74976], [34.0172, -117.73494], [34.01998, -117.72925], [34.04398, -117.72364], [34.04917, -117.64506]]]}}, {"type": "Feature", "geometry": {"type": "Point", "coordinates": [-117.81755, 34.03883]}, "properties": {"id": "rancho-nogales", "register_no": "88 SD", "name": "Los Nogales — Jose Ynes de la Luz Linares", "date": {"iso": "1840", "display": "1840", "confidence": "year"}, "coord_precision": "exact", "type": "rancho", "layer": "alvarado", "summary": "Granted 1840 by Juan Alvarado to Jose Ynes de la Luz Linares. Present-day Los Angeles County. Surveyed boundary from the U.S. General Land Office rancho surveys (ECAI/UCSD digitization).", "sources": [{"citation": "Boundary: ECAI/UCSD Spanish & Mexican Land Grants shapefile (GLO survey), reprojected from CA Albers (EPSG:3310)", "url": null}, {"citation": "Grant metadata: Wikipedia, List of ranchos of California", "url": null}], "notes": null, "tags": ["Los Angeles"], "polygon": [[[34.047, -117.81652], [34.04858, -117.81558], [34.04501, -117.8064], [34.04065, -117.80747], [34.03788, -117.80969], [34.03488, -117.81611], [34.02693, -117.82562], [34.02673, -117.82884], [34.03055, -117.82413], [34.03663, -117.82302], [34.03853, -117.8191], [34.04437, -117.8191], [34.047, -117.81652]]]}}, {"type": "Feature", "geometry": {"type": "Point", "coordinates": [-118.16696, 33.96666]}, "properties": {"id": "rancho-san-antonio-lugo", "register_no": "9 SD", "name": "San Antonio (Lugo) — Antonio María Lugo", "date": {"iso": "1810", "display": "1810", "confidence": "year"}, "coord_precision": "exact", "type": "rancho", "layer": "spanish", "summary": "Grantee: Antonio María Lugo. Present-day Los Angeles County. Surveyed boundary from the U.S. General Land Office rancho surveys (ECAI/UCSD digitization).", "sources": [{"citation": "Boundary: ECAI/UCSD Spanish & Mexican Land Grants shapefile (GLO survey), reprojected from CA Albers (EPSG:3310)", "url": null}, {"citation": "Grant metadata: Wikipedia, List of ranchos of California", "url": null}], "notes": null, "tags": ["Los Angeles"], "polygon": [[[34.04099, -118.13327], [34.04427, -118.12746], [34.01155, -118.09123], [34.00793, -118.09486], [34.00164, -118.09585], [33.99873, -118.09998], [33.99771, -118.10427], [33.98719, -118.11303], [33.9728, -118.11818], [33.9692, -118.13166], [33.96369, -118.13882], [33.96021, -118.1491], [33.95755, -118.15264], [33.94292, -118.16042], [33.93852, -118.16481], [33.93136, -118.16398], [33.92655, -118.16637], [33.92234, -118.17553], [33.91782, -118.17578], [33.9133, -118.17395], [33.91003, -118.176], [33.90912, -118.17976], [33.9069, -118.1819], [33.90387, -118.18145], [33.90301, -118.17917], [33.90735, -118.22389], [33.93006, -118.22988], [33.93717, -118.22766], [33.95853, -118.23107], [33.95852, -118.22929], [33.99918, -118.22934], [33.99923, -118.25553], [34.01727, -118.25549], [34.01733, -118.1908], [34.03056, -118.19104], [34.03105, -118.15091], [34.04099, -118.13327]]]}}, {"type": "Feature", "geometry": {"type": "Point", "coordinates": [-117.39929, 33.98325]}, "properties": {"id": "rancho-jurupa-rubidoux", "register_no": "213 SD, 263 SD", "name": "Jurupa (Rubidoux) — Juan Bandini", "date": {"iso": "1838", "display": "1838", "confidence": "year"}, "coord_precision": "exact", "type": "rancho", "layer": "alvarado", "summary": "Granted 1838 by Juan Alvarado to Juan Bandini. Present-day Riverside County. Surveyed boundary from the U.S. General Land Office rancho surveys (ECAI/UCSD digitization).", "sources": [{"citation": "Boundary: ECAI/UCSD Spanish & Mexican Land Grants shapefile (GLO survey), reprojected from CA Albers (EPSG:3310)", "url": null}, {"citation": "Grant metadata: Wikipedia, List of ranchos of California", "url": null}], "notes": null, "tags": ["Riverside"], "polygon": [[[33.95989, -117.40568], [33.968, -117.43426], [34.01772, -117.41696], [34.01798, -117.35885], [33.9812, -117.37784], [33.97808, -117.39574], [33.95989, -117.40568]]]}}, {"type": "Feature", "geometry": {"type": "Point", "coordinates": [-118.0601, 34.00303]}, "properties": {"id": "rancho-paso-bartolo-pico", "register_no": "87 SD", "name": "Paso De Bartolo (Pico) — Juan Crispin Pere", "date": {"iso": "1835", "display": "1835", "confidence": "year"}, "coord_precision": "exact", "type": "rancho", "layer": "figueroa", "summary": "Granted 1835 by José Figueroa to Juan Crispin Pere. Present-day Los Angeles County. Surveyed boundary from the U.S. General Land Office rancho surveys (ECAI/UCSD digitization).", "sources": [{"citation": "Boundary: ECAI/UCSD Spanish & Mexican Land Grants shapefile (GLO survey), reprojected from CA Albers (EPSG:3310)", "url": null}, {"citation": "Grant metadata: Wikipedia, List of ranchos of California", "url": null}], "notes": null, "tags": ["Los Angeles"], "polygon": [[[34.02277, -118.05315], [34.02663, -118.05136], [34.02888, -118.047], [34.02712, -118.03984], [34.02005, -118.02794], [34.01043, -118.02786], [34.01038, -118.03184], [34.00699, -118.03231], [34.00674, -118.03655], [33.99973, -118.03669], [33.99978, -118.04504], [33.98109, -118.04501], [33.98112, -118.04937], [33.97383, -118.0493], [33.97382, -118.04495], [33.97018, -118.04494], [33.97018, -118.04058], [33.9666, -118.04058], [33.96555, -118.0489], [33.97256, -118.07943], [33.9891, -118.11081], [33.99771, -118.10427], [33.99873, -118.09998], [34.00164, -118.09585], [34.00793, -118.09486], [34.01155, -118.09123], [34.01892, -118.08763], [34.02039, -118.08382], [34.01917, -118.08015], [34.01627, -118.07922], [34.01854, -118.07475], [34.01813, -118.0636], [34.01634, -118.06097], [34.01693, -118.05773], [34.02039, -118.05308], [34.02277, -118.05315]]]}}, {"type": "Feature", "geometry": {"type": "Point", "coordinates": [-117.05615, 33.96258]}, "properties": {"id": "rancho-tract-between-san-jacinto-san-gorgonio", "register_no": "269 SD", "name": "Tract Between San Jacinto And San Gorgonio — James (Santiago) Johnson", "date": {"iso": "1843", "display": "1843", "confidence": "year"}, "coord_precision": "exact", "type": "rancho", "layer": "micheltorena", "summary": "Granted 1843 by Manuel Micheltorena to James (Santiago) Johnson. Present-day Riverside County. Surveyed boundary from the U.S. General Land Office rancho surveys (ECAI/UCSD digitization).", "sources": [{"citation": "Boundary: ECAI/UCSD Spanish & Mexican Land Grants shapefile (GLO survey), reprojected from CA Albers (EPSG:3310)", "url": null}, {"citation": "Grant metadata: Wikipedia, List of ranchos of California", "url": null}], "notes": null, "tags": ["Riverside"], "polygon": [[[33.98097, -117.05113], [33.97412, -117.03356], [33.95984, -117.02424], [33.95981, -117.04225], [33.94544, -117.04199], [33.94553, -117.03327], [33.93085, -117.03344], [33.94534, -117.05945], [33.96687, -117.08542], [33.96849, -117.09419], [33.9741, -117.09436], [33.98116, -117.08558], [33.98097, -117.05113]]]}}, {"type": "Feature", "geometry": {"type": "Point", "coordinates": [-118.09141, 33.97505]}, "properties": {"id": "rancho-pasa-bartolo", "register_no": null, "name": "Pasa De Bartolo", "date": {"iso": null, "display": "date to confirm", "confidence": "unknown"}, "coord_precision": "exact", "type": "rancho", "layer": "unattributed", "summary": "Surveyed boundary from the U.S. General Land Office rancho surveys (ECAI/UCSD digitization).", "sources": [{"citation": "Boundary: ECAI/UCSD Spanish & Mexican Land Grants shapefile (GLO survey), reprojected from CA Albers (EPSG:3310)", "url": null}], "notes": null, "tags": [], "polygon": [[[33.9891, -118.11081], [33.97256, -118.07943], [33.96555, -118.0489], [33.96191, -118.0707], [33.96291, -118.08107], [33.96622, -118.09348], [33.98091, -118.11444], [33.98719, -118.11303], [33.9891, -118.11081]]]}}, {"type": "Feature", "geometry": {"type": "Point", "coordinates": [-118.12569, 33.95044]}, "properties": {"id": "rancho-santa-gertrudes-mc-farland-downey", "register_no": "193 SD, 194 SD, 272 SD", "name": "Santa Gertrudes (Mc Farland & Downey) — Josefa Cota", "date": {"iso": "1834", "display": "1834", "confidence": "year"}, "coord_precision": "exact", "type": "rancho", "layer": "figueroa", "summary": "Granted 1834 by José Figueroa to Josefa Cota. Present-day Los Angeles County. Surveyed boundary from the U.S. General Land Office rancho surveys (ECAI/UCSD digitization).", "sources": [{"citation": "Boundary: ECAI/UCSD Spanish & Mexican Land Grants shapefile (GLO survey), reprojected from CA Albers (EPSG:3310)", "url": null}, {"citation": "Grant metadata: Wikipedia, List of ranchos of California", "url": null}], "notes": null, "tags": ["Los Angeles"], "polygon": [[[33.98091, -118.11444], [33.96622, -118.09348], [33.96202, -118.07529], [33.95906, -118.07512], [33.92263, -118.02241], [33.89935, -118.12262], [33.92356, -118.17287], [33.92655, -118.16637], [33.93136, -118.16398], [33.93852, -118.16481], [33.94292, -118.16042], [33.95755, -118.15264], [33.96021, -118.1491], [33.96369, -118.13882], [33.9692, -118.13166], [33.9728, -118.11818], [33.98091, -118.11444]]]}}, {"type": "Feature", "geometry": {"type": "Point", "coordinates": [-117.49624, 33.9466]}, "properties": {"id": "rancho-sierra-sepulveda", "register_no": "362 SD", "name": "La Sierra (Sepulveda) — Vincenta Sepulveda", "date": {"iso": "1846", "display": "1846", "confidence": "year"}, "coord_precision": "exact", "type": "rancho", "layer": "pico", "summary": "Granted 1846 by Pio Pico to Vincenta Sepulveda. Present-day Riverside County. Surveyed boundary from the U.S. General Land Office rancho surveys (ECAI/UCSD digitization).", "sources": [{"citation": "Boundary: ECAI/UCSD Spanish & Mexican Land Grants shapefile (GLO survey), reprojected from CA Albers (EPSG:3310)", "url": null}, {"citation": "Grant metadata: Wikipedia, List of ranchos of California", "url": null}], "notes": null, "tags": ["Riverside"], "polygon": [[[33.96151, -117.43537], [33.94728, -117.43558], [33.94701, -117.4529], [33.91511, -117.45321], [33.8857, -117.5577], [33.92158, -117.58927], [33.94416, -117.5601], [33.94452, -117.55275], [33.94967, -117.53435], [33.95254, -117.53244], [33.96036, -117.51933], [33.96101, -117.49698], [33.9586, -117.49005], [33.96154, -117.4759], [33.95767, -117.46145], [33.96244, -117.4533], [33.96151, -117.43537]]]}}, {"type": "Feature", "geometry": {"type": "Point", "coordinates": [-118.03608, 33.95295]}, "properties": {"id": "rancho-santa-gertrudes-colima", "register_no": "193 SD, 194 SD, 272 SD", "name": "Santa Gertrudes (Colima) — Josefa Cota", "date": {"iso": "1834", "display": "1834", "confidence": "year"}, "coord_precision": "exact", "type": "rancho", "layer": "figueroa", "summary": "Granted 1834 by José Figueroa to Josefa Cota. Present-day Los Angeles County. Surveyed boundary from the U.S. General Land Office rancho surveys (ECAI/UCSD digitization).", "sources": [{"citation": "Boundary: ECAI/UCSD Spanish & Mexican Land Grants shapefile (GLO survey), reprojected from CA Albers (EPSG:3310)", "url": null}, {"citation": "Grant metadata: Wikipedia, List of ranchos of California", "url": null}], "notes": null, "tags": ["Los Angeles"], "polygon": [[[33.96555, -118.0489], [33.9666, -118.04058], [33.9475, -118.00679], [33.93468, -117.97062], [33.92263, -118.02241], [33.95906, -118.07512], [33.96202, -118.07529], [33.96555, -118.0489]]]}}, {"type": "Feature", "geometry": {"type": "Point", "coordinates": [-117.8883, 33.85516]}, "properties": {"id": "rancho-san-juan-cajon-santa-ana", "register_no": "140 SD", "name": "San Juan Cajon De Santa Ana — Juan Pacífico Ontiveros", "date": {"iso": "1837", "display": "1837", "confidence": "year"}, "coord_precision": "exact", "type": "rancho", "layer": "alvarado", "summary": "Granted 1837 by Juan Alvarado to Juan Pacífico Ontiveros. Present-day Orange County. Surveyed boundary from the U.S. General Land Office rancho surveys (ECAI/UCSD digitization).", "sources": [{"citation": "Boundary: ECAI/UCSD Spanish & Mexican Land Grants shapefile (GLO survey), reprojected from CA Albers (EPSG:3310)", "url": null}, {"citation": "Grant metadata: Wikipedia, List of ranchos of California", "url": null}], "notes": null, "tags": ["Orange"], "polygon": [[[33.94735, -117.92404], [33.93879, -117.87919], [33.93457, -117.87171], [33.93279, -117.84769], [33.84534, -117.83989], [33.84171, -117.85573], [33.8318, -117.86457], [33.81948, -117.87283], [33.81261, -117.87961], [33.79959, -117.88807], [33.79466, -117.88705], [33.79048, -117.89023], [33.78859, -117.89653], [33.7852, -117.90058], [33.81486, -117.94102], [33.91255, -117.93839], [33.94735, -117.92404]]]}}, {"type": "Feature", "geometry": {"type": "Point", "coordinates": [-117.12364, 33.85724]}, "properties": {"id": "rancho-san-jacinto-nuevo-potrero", "register_no": "82 SD", "name": "San Jacinto Nuevo Y Potrero — Miguel Pedrorena", "date": {"iso": "1846", "display": "1846", "confidence": "year"}, "coord_precision": "exact", "type": "rancho", "layer": "pico", "summary": "Granted 1846 by Pio Pico to Miguel Pedrorena. Present-day Riverside County. Surveyed boundary from the U.S. General Land Office rancho surveys (ECAI/UCSD digitization).", "sources": [{"citation": "Boundary: ECAI/UCSD Spanish & Mexican Land Grants shapefile (GLO survey), reprojected from CA Albers (EPSG:3310)", "url": null}, {"citation": "Grant metadata: Wikipedia, List of ranchos of California", "url": null}], "notes": null, "tags": ["Riverside"], "polygon": [[[33.91788, -117.12037], [33.91794, -117.10077], [33.90316, -117.08748], [33.87329, -117.04987], [33.87216, -117.04817], [33.87226, -117.03772], [33.86627, -117.03292], [33.84098, -116.99504], [33.82653, -117.0329], [33.81471, -117.0328], [33.78586, -117.04413], [33.81448, -117.05934], [33.81457, -117.09376], [33.80076, -117.10311], [33.7964, -117.11418], [33.79966, -117.12831], [33.79965, -117.14665], [33.78514, -117.16416], [33.78512, -117.19043], [33.85735, -117.24291], [33.85754, -117.21665], [33.87959, -117.21667], [33.87958, -117.20789], [33.8868, -117.20794], [33.88674, -117.19929], [33.89398, -117.19925], [33.894, -117.18166], [33.90846, -117.18173], [33.90882, -117.13813], [33.91692, -117.13814], [33.91788, -117.12037]]]}}, {"type": "Feature", "geometry": {"type": "Point", "coordinates": [-117.60824, 33.87829]}, "properties": {"id": "rancho-sierra-yorba", "register_no": "362 SD", "name": "La Sierra (Yorba) — Vincenta Sepulveda", "date": {"iso": "1846", "display": "1846", "confidence": "year"}, "coord_precision": "exact", "type": "rancho", "layer": "pico", "summary": "Granted 1846 by Pio Pico to Vincenta Sepulveda. Present-day Riverside County. Surveyed boundary from the U.S. General Land Office rancho surveys (ECAI/UCSD digitization).", "sources": [{"citation": "Boundary: ECAI/UCSD Spanish & Mexican Land Grants shapefile (GLO survey), reprojected from CA Albers (EPSG:3310)", "url": null}, {"citation": "Grant metadata: Wikipedia, List of ranchos of California", "url": null}], "notes": null, "tags": ["Riverside"], "polygon": [[[33.91538, -117.61013], [33.92467, -117.59443], [33.92158, -117.58927], [33.8857, -117.5577], [33.87127, -117.5576], [33.87101, -117.54022], [33.85672, -117.54007], [33.85672, -117.53528], [33.82762, -117.53551], [33.82746, -117.53981], [33.81734, -117.53989], [33.81786, -117.55261], [33.80992, -117.55262], [33.82198, -117.57665], [33.84257, -117.59942], [33.85295, -117.61329], [33.86086, -117.61222], [33.87056, -117.66255], [33.87408, -117.67223], [33.87956, -117.66815], [33.88145, -117.66918], [33.88158, -117.66569], [33.88364, -117.66184], [33.88113, -117.65473], [33.88646, -117.6387], [33.89245, -117.64301], [33.89274, -117.63639], [33.89609, -117.63469], [33.89495, -117.63193], [33.89992, -117.63384], [33.90356, -117.6277], [33.90474, -117.6309], [33.90629, -117.63084], [33.90741, -117.62651], [33.91177, -117.626], [33.91402, -117.62416], [33.91569, -117.61722], [33.91538, -117.61013]]]}}, {"type": "Feature", "geometry": {"type": "Point", "coordinates": [-118.18085, 33.82482]}, "properties": {"id": "rancho-cerritos", "register_no": "17 SD", "name": "Los Cerritos — Manuela Nieto de Cota", "date": {"iso": "1834", "display": "1834", "confidence": "year"}, "coord_precision": "exact", "type": "rancho", "layer": "figueroa", "summary": "Granted 1834 by José Figueroa to Manuela Nieto de Cota. Present-day Orange County. Surveyed boundary from the U.S. General Land Office rancho surveys (ECAI/UCSD digitization).", "sources": [{"citation": "Boundary: ECAI/UCSD Spanish & Mexican Land Grants shapefile (GLO survey), reprojected from CA Albers (EPSG:3310)", "url": null}, {"citation": "Grant metadata: Wikipedia, List of ranchos of California", "url": null}], "notes": null, "tags": ["Orange"], "polygon": [[[33.90301, -118.17917], [33.90387, -118.18145], [33.9069, -118.1819], [33.90912, -118.17976], [33.91081, -118.17529], [33.9133, -118.17395], [33.91782, -118.17578], [33.92234, -118.17553], [33.92356, -118.17287], [33.89935, -118.12262], [33.90052, -118.11747], [33.89826, -118.11947], [33.89439, -118.12017], [33.88838, -118.11542], [33.8838, -118.11734], [33.88148, -118.11466], [33.87647, -118.11562], [33.87126, -118.11881], [33.85494, -118.11846], [33.85277, -118.11133], [33.84759, -118.10805], [33.84797, -118.10408], [33.84453, -118.09751], [33.84077, -118.09599], [33.84025, -118.09363], [33.83465, -118.09191], [33.83171, -118.09263], [33.83187, -118.0956], [33.80571, -118.11872], [33.81189, -118.13968], [33.7902, -118.17416], [33.76148, -118.18299], [33.75816, -118.1901], [33.7583, -118.1915], [33.76004, -118.18988], [33.7613, -118.1955], [33.75949, -118.19567], [33.75976, -118.19177], [33.7582, -118.19281], [33.75836, -118.19521], [33.75978, -118.19855], [33.76166, -118.19808], [33.76168, -118.19978], [33.75987, -118.19898], [33.76287, -118.20355], [33.77517, -118.20372], [33.77515, -118.20555], [33.76589, -118.20568], [33.7655, -118.21931], [33.76558, -118.21604], [33.76688, -118.217], [33.76812, -118.21031], [33.76881, -118.21174], [33.76897, -118.20856], [33.76975, -118.20944], [33.77085, -118.20716], [33.77156, -118.20787], [33.76768, -118.21986], [33.76938, -118.21994], [33.77119, -118.21714], [33.77483, -118.20839], [33.77577, -118.20889], [33.77288, -118.2164], [33.77375, -118.21673], [33.7705, -118.22149], [33.77551, -118.22294], [33.78102, -118.21997], [33.78588, -118.22353], [33.78841, -118.22333], [33.79062, -118.2251], [33.7953, -118.2244], [33.79745, -118.22239], [33.80376, -118.22074], [33.80498, -118.22191], [33.8077, -118.22076], [33.81111, -118.22189], [33.82246, -118.21204], [33.82923, -118.20182], [33.83688, -118.19733], [33.83856, -118.19676], [33.84083, -118.19938], [33.84504, -118.20094], [33.84838, -118.19877], [33.85131, -118.20359], [33.85442, -118.20065], [33.85871, -118.19193], [33.86412, -118.187], [33.86887, -118.18582], [33.86967, -118.18406], [33.87102, -118.18356], [33.87212, -118.18554], [33.87761, -118.18742], [33.87999, -118.18485], [33.88443, -118.18983], [33.88714, -118.18219], [33.89758, -118.17403], [33.9004, -118.17478], [33.90301, -118.17917]]]}}, {"type": "Feature", "geometry": {"type": "Point", "coordinates": [-117.70383, 33.78176]}, "properties": {"id": "rancho-lomas-santiago", "register_no": "186 SD", "name": "Lomas De Santiago — Teodosio Yorba", "date": {"iso": "1846", "display": "1846", "confidence": "year"}, "coord_precision": "exact", "type": "rancho", "layer": "pico", "summary": "Granted 1846 by Pio Pico to Teodosio Yorba. Present-day Orange County. Surveyed boundary from the U.S. General Land Office rancho surveys (ECAI/UCSD digitization).", "sources": [{"citation": "Boundary: ECAI/UCSD Spanish & Mexican Land Grants shapefile (GLO survey), reprojected from CA Albers (EPSG:3310)", "url": null}, {"citation": "Grant metadata: Wikipedia, List of ranchos of California", "url": null}], "notes": null, "tags": ["Orange"], "polygon": [[[33.86743, -117.6732], [33.77138, -117.66588], [33.71515, -117.64332], [33.68455, -117.67617], [33.67745, -117.68213], [33.67656, -117.7622], [33.68541, -117.76218], [33.68537, -117.79286], [33.74711, -117.79149], [33.86122, -117.69675], [33.87037, -117.68783], [33.87517, -117.68637], [33.87347, -117.68244], [33.86827, -117.68139], [33.86743, -117.6732]]]}}, {"type": "Feature", "geometry": {"type": "Point", "coordinates": [-116.9751, 33.75411]}, "properties": {"id": "rancho-san-jacinto-viejo", "register_no": "233 SD", "name": "San Jacinto Viejo — José Antonio Estudillo", "date": {"iso": "1842", "display": "1842", "confidence": "year"}, "coord_precision": "exact", "type": "rancho", "layer": "interim", "summary": "Granted 1842 by Manuel Jimeno to José Antonio Estudillo. Present-day Riverside County. Surveyed boundary from the U.S. General Land Office rancho surveys (ECAI/UCSD digitization).", "sources": [{"citation": "Boundary: ECAI/UCSD Spanish & Mexican Land Grants shapefile (GLO survey), reprojected from CA Albers (EPSG:3310)", "url": null}, {"citation": "Grant metadata: Wikipedia, List of ranchos of California", "url": null}], "notes": null, "tags": ["Riverside"], "polygon": [[[33.84098, -116.99504], [33.8274, -116.9806], [33.8141, -116.95806], [33.81167, -116.95043], [33.80592, -116.9417], [33.79946, -116.92172], [33.78456, -116.92139], [33.74434, -116.86196], [33.7425, -116.86139], [33.74114, -116.85749], [33.73517, -116.85748], [33.73537, -116.89677], [33.72808, -116.89681], [33.72796, -116.95332], [33.71983, -116.95337], [33.72051, -116.9707], [33.70144, -116.97052], [33.70148, -116.95321], [33.69171, -116.95311], [33.68426, -116.96165], [33.67154, -116.99936], [33.69134, -116.9995], [33.69136, -116.99473], [33.70946, -116.99488], [33.70967, -117.01408], [33.70588, -117.01411], [33.70584, -117.03158], [33.75181, -117.03203], [33.75192, -117.01914], [33.75938, -117.01902], [33.75935, -117.01674], [33.76393, -117.0167], [33.76393, -117.01897], [33.77122, -117.01889], [33.7712, -117.032], [33.7929, -117.03281], [33.79294, -117.02346], [33.81483, -117.02366], [33.81471, -117.0328], [33.82653, -117.0329], [33.84098, -116.99504]]]}}, {"type": "Feature", "geometry": {"type": "Point", "coordinates": [-117.31638, 33.65113]}, "properties": {"id": "rancho-laguna-stearns", "register_no": "161 SD", "name": "La Laguna (Stearns) — Julian Manriquez", "date": {"iso": "1844", "display": "1844", "confidence": "year"}, "coord_precision": "exact", "type": "rancho", "layer": "micheltorena", "summary": "Granted 1844 by Manuel Micheltorena to Julian Manriquez. Present-day Riverside County. Surveyed boundary from the U.S. General Land Office rancho surveys (ECAI/UCSD digitization).", "sources": [{"citation": "Boundary: ECAI/UCSD Spanish & Mexican Land Grants shapefile (GLO survey), reprojected from CA Albers (EPSG:3310)", "url": null}, {"citation": "Grant metadata: Wikipedia, List of ranchos of California", "url": null}], "notes": null, "tags": ["Riverside"], "polygon": [[[33.69687, -117.34931], [33.67621, -117.32299], [33.66292, -117.32818], [33.65898, -117.30129], [33.62184, -117.28916], [33.58351, -117.23996], [33.57749, -117.24], [33.57463, -117.24403], [33.66569, -117.39421], [33.69231, -117.37693], [33.70618, -117.36119], [33.69687, -117.34931]]]}}, {"type": "Feature", "geometry": {"type": "Point", "coordinates": [-117.45775, 33.64037]}, "properties": {"id": "rancho-potrero-pinos", "register_no": "337 SD", "name": "Potrero Los Pinos — John (Don Juan) Forster", "date": {"iso": "1845", "display": "1845", "confidence": "year"}, "coord_precision": "exact", "type": "rancho", "layer": "pico", "summary": "Granted 1845 by Pio Pico to John (Don Juan) Forster. Present-day Orange County. Surveyed boundary from the U.S. General Land Office rancho surveys (ECAI/UCSD digitization).", "sources": [{"citation": "Boundary: ECAI/UCSD Spanish & Mexican Land Grants shapefile (GLO survey), reprojected from CA Albers (EPSG:3310)", "url": null}, {"citation": "Grant metadata: Wikipedia, List of ranchos of California", "url": null}], "notes": null, "tags": ["Orange"], "polygon": [[[33.64383, -117.44942], [33.64204, -117.44337], [33.6387, -117.44184], [33.63916, -117.46021], [33.63094, -117.47148], [33.63589, -117.47282], [33.64212, -117.47156], [33.64683, -117.45962], [33.64383, -117.44942]]]}}, {"type": "Feature", "geometry": {"type": "Point", "coordinates": [-117.58455, 33.53651]}, "properties": {"id": "rancho-viejo-paz", "register_no": null, "name": "Mission Viejo/La Paz", "date": {"iso": null, "display": "date to confirm", "confidence": "unknown"}, "coord_precision": "exact", "type": "rancho", "layer": "unattributed", "summary": "Surveyed boundary from the U.S. General Land Office rancho surveys (ECAI/UCSD digitization).", "sources": [{"citation": "Boundary: ECAI/UCSD Spanish & Mexican Land Grants shapefile (GLO survey), reprojected from CA Albers (EPSG:3310)", "url": null}], "notes": null, "tags": [], "polygon": [[[33.63957, -117.57728], [33.59421, -117.51007], [33.46895, -117.5083], [33.4537, -117.53789], [33.44952, -117.55866], [33.45563, -117.60014], [33.5102, -117.62392], [33.54171, -117.6735], [33.57629, -117.6725], [33.55437, -117.58948], [33.55437, -117.58554], [33.63957, -117.57728]]]}}, {"type": "Feature", "geometry": {"type": "Point", "coordinates": [-117.74097, 33.55012]}, "properties": {"id": "rancho-niguel", "register_no": "130 SD", "name": "Niguel — Juan Avila", "date": {"iso": "1842", "display": "1842", "confidence": "year"}, "coord_precision": "exact", "type": "rancho", "layer": "alvarado", "summary": "Granted 1842 by Juan Alvarado to Juan Avila. Present-day Orange County. Surveyed boundary from the U.S. General Land Office rancho surveys (ECAI/UCSD digitization).", "sources": [{"citation": "Boundary: ECAI/UCSD Spanish & Mexican Land Grants shapefile (GLO survey), reprojected from CA Albers (EPSG:3310)", "url": null}, {"citation": "Grant metadata: Wikipedia, List of ranchos of California", "url": null}], "notes": null, "tags": ["Orange"], "polygon": [[[33.60951, -117.75461], [33.5619, -117.67588], [33.47913, -117.72393], [33.48207, -117.72593], [33.48348, -117.73193], [33.51118, -117.73157], [33.51117, -117.74031], [33.52369, -117.74018], [33.52376, -117.74903], [33.58034, -117.74861], [33.58001, -117.76059], [33.59201, -117.7588], [33.59848, -117.76056], [33.60558, -117.75801], [33.60951, -117.75461]]]}}, {"type": "Feature", "geometry": {"type": "Point", "coordinates": [-117.2693, 33.54063]}, "properties": {"id": "rancho-santa-rosa-morino", "register_no": "148 SD", "name": "Santa Rosa (Morino) — Juan Moreno", "date": {"iso": "1846", "display": "1846", "confidence": "year"}, "coord_precision": "exact", "type": "rancho", "layer": "pico", "summary": "Granted 1846 by Pio Pico to Juan Moreno. Present-day Riverside County. Surveyed boundary from the U.S. General Land Office rancho surveys (ECAI/UCSD digitization).", "sources": [{"citation": "Boundary: ECAI/UCSD Spanish & Mexican Land Grants shapefile (GLO survey), reprojected from CA Albers (EPSG:3310)", "url": null}, {"citation": "Grant metadata: Wikipedia, List of ranchos of California", "url": null}], "notes": null, "tags": ["Riverside"], "polygon": [[[33.59606, -117.30305], [33.59637, -117.28013], [33.57463, -117.24403], [33.54541, -117.23279], [33.5115, -117.18856], [33.46988, -117.14671], [33.44198, -117.22448], [33.48921, -117.3695], [33.55733, -117.34192], [33.56849, -117.32806], [33.59606, -117.30305]]]}}, {"type": "Feature", "geometry": {"type": "Point", "coordinates": [-117.43746, 33.35991]}, "properties": {"id": "rancho-santa-margarita-flores", "register_no": null, "name": "Santa Margarita Y Las Flores", "date": {"iso": null, "display": "date to confirm", "confidence": "unknown"}, "coord_precision": "exact", "type": "rancho", "layer": "unattributed", "summary": "Surveyed boundary from the U.S. General Land Office rancho surveys (ECAI/UCSD digitization).", "sources": [{"citation": "Boundary: ECAI/UCSD Spanish & Mexican Land Grants shapefile (GLO survey), reprojected from CA Albers (EPSG:3310)", "url": null}], "notes": null, "tags": [], "polygon": [[[33.49948, -117.48434], [33.48628, -117.47143], [33.46934, -117.47492], [33.4693, -117.4689], [33.47231, -117.4648], [33.47585, -117.46479], [33.459, -117.40759], [33.45418, -117.3996], [33.43631, -117.39391], [33.42423, -117.38484], [33.40826, -117.36165], [33.39763, -117.35389], [33.39805, -117.3276], [33.41621, -117.29449], [33.40576, -117.27348], [33.40487, -117.25451], [33.29838, -117.26833], [33.20552, -117.38956], [33.20688, -117.3932], [33.21115, -117.39301], [33.2124, -117.39474], [33.20913, -117.39771], [33.20785, -117.39728], [33.20934, -117.40242], [33.21133, -117.40293], [33.21245, -117.40152], [33.21424, -117.39606], [33.21829, -117.39947], [33.21687, -117.40206], [33.21484, -117.40072], [33.21408, -117.40359], [33.26455, -117.44314], [33.2933, -117.4678], [33.3327, -117.50616], [33.36352, -117.548], [33.37012, -117.56312], [33.37755, -117.57295], [33.38105, -117.58857], [33.38544, -117.5955], [33.45222, -117.57772], [33.44952, -117.55866], [33.4537, -117.53789], [33.46895, -117.5083], [33.48256, -117.50849], [33.49948, -117.48989], [33.50161, -117.48655], [33.49948, -117.48434]]]}}, {"type": "Feature", "geometry": {"type": "Point", "coordinates": [-117.09881, 33.46779]}, "properties": {"id": "rancho-little-temecula", "register_no": "55 SD", "name": "Little Temecula — Pablo Apis", "date": {"iso": "1845", "display": "1845", "confidence": "year"}, "coord_precision": "exact", "type": "rancho", "layer": "pico", "summary": "Granted 1845 by Pio Pico to Pablo Apis. Present-day Riverside County. Surveyed boundary from the U.S. General Land Office rancho surveys (ECAI/UCSD digitization).", "sources": [{"citation": "Boundary: ECAI/UCSD Spanish & Mexican Land Grants shapefile (GLO survey), reprojected from CA Albers (EPSG:3310)", "url": null}, {"citation": "Grant metadata: Wikipedia, List of ranchos of California", "url": null}], "notes": null, "tags": ["Riverside"], "polygon": [[[33.48039, -117.08871], [33.46825, -117.07353], [33.44604, -117.10786], [33.45771, -117.12331], [33.47398, -117.11073], [33.48039, -117.08871]]]}}, {"type": "Feature", "geometry": {"type": "Point", "coordinates": [-117.64813, 33.46412]}, "properties": {"id": "rancho-boca-playa", "register_no": "146 SD", "name": "Boca De La Playa — Emigdio Vejar", "date": {"iso": "1846", "display": "1846", "confidence": "year"}, "coord_precision": "exact", "type": "rancho", "layer": "pico", "summary": "Granted 1846 by Pio Pico to Emigdio Vejar. Present-day Orange County. Surveyed boundary from the U.S. General Land Office rancho surveys (ECAI/UCSD digitization).", "sources": [{"citation": "Boundary: ECAI/UCSD Spanish & Mexican Land Grants shapefile (GLO survey), reprojected from CA Albers (EPSG:3310)", "url": null}, {"citation": "Grant metadata: Wikipedia, List of ranchos of California", "url": null}], "notes": null, "tags": ["Orange"], "polygon": [[[33.48029, -117.62439], [33.4802, -117.61082], [33.46664, -117.6049], [33.42825, -117.63038], [33.44591, -117.65415], [33.45851, -117.67618], [33.46052, -117.68328], [33.46046, -117.68837], [33.48017, -117.68442], [33.48029, -117.62439]]]}}, {"type": "Feature", "geometry": {"type": "Point", "coordinates": [-117.18082, 33.33509]}, "properties": {"id": "rancho-monserate", "register_no": "224 SD", "name": "Monserate — Ysidro Alvarado", "date": {"iso": "1846", "display": "1846", "confidence": "year"}, "coord_precision": "exact", "type": "rancho", "layer": "pico", "summary": "Granted 1846 by Pio Pico to Ysidro Alvarado. Present-day San Diego County. Surveyed boundary from the U.S. General Land Office rancho surveys (ECAI/UCSD digitization).", "sources": [{"citation": "Boundary: ECAI/UCSD Spanish & Mexican Land Grants shapefile (GLO survey), reprojected from CA Albers (EPSG:3310)", "url": null}, {"citation": "Grant metadata: Wikipedia, List of ranchos of California", "url": null}], "notes": null, "tags": ["San Diego"], "polygon": [[[33.37116, -117.16493], [33.36401, -117.1649], [33.36398, -117.15626], [33.35671, -117.15624], [33.35674, -117.1475], [33.34199, -117.14765], [33.34193, -117.13907], [33.32756, -117.13908], [33.32719, -117.14766], [33.3128, -117.14777], [33.31269, -117.17308], [33.30543, -117.17312], [33.30548, -117.1818], [33.29822, -117.18181], [33.29875, -117.22532], [33.30597, -117.22518], [33.30583, -117.23391], [33.3277, -117.23417], [33.32747, -117.24402], [33.35671, -117.24405], [33.35651, -117.18327], [33.37109, -117.18317], [33.37116, -117.16493]]]}}, {"type": "Feature", "geometry": {"type": "Point", "coordinates": [-116.97859, 33.321]}, "properties": {"id": "rancho-pauma", "register_no": "189 SD", "name": "Pauma — Jose Antonio Serrano", "date": {"iso": "1844", "display": "1844", "confidence": "year"}, "coord_precision": "exact", "type": "rancho", "layer": "micheltorena", "summary": "Granted 1844 by Manuel Micheltorena to Jose Antonio Serrano. Present-day San Diego County. Surveyed boundary from the U.S. General Land Office rancho surveys (ECAI/UCSD digitization).", "sources": [{"citation": "Boundary: ECAI/UCSD Spanish & Mexican Land Grants shapefile (GLO survey), reprojected from CA Albers (EPSG:3310)", "url": null}, {"citation": "Grant metadata: Wikipedia, List of ranchos of California", "url": null}], "notes": null, "tags": ["San Diego"], "polygon": [[[33.349, -116.99783], [33.35135, -116.99462], [33.31418, -116.8992], [33.28733, -116.92296], [33.28207, -116.93959], [33.30115, -117.01493], [33.31613, -117.02843], [33.33883, -117.01193], [33.349, -116.99783]]]}}, {"type": "Feature", "geometry": {"type": "Point", "coordinates": [-117.15349, 33.15485]}, "properties": {"id": "rancho-vallecitos-san-marcos", "register_no": "192 SD", "name": "Los Vallecitos De San Marcos — Jose María Alvarado", "date": {"iso": "1840", "display": "1840", "confidence": "year"}, "coord_precision": "exact", "type": "rancho", "layer": "alvarado", "summary": "Granted 1840 by Juan Alvarado to Jose María Alvarado. Present-day San Diego County. Surveyed boundary from the U.S. General Land Office rancho surveys (ECAI/UCSD digitization).", "sources": [{"citation": "Boundary: ECAI/UCSD Spanish & Mexican Land Grants shapefile (GLO survey), reprojected from CA Albers (EPSG:3310)", "url": null}, {"citation": "Grant metadata: Wikipedia, List of ranchos of California", "url": null}], "notes": null, "tags": ["San Diego"], "polygon": [[[33.1814, -117.14617], [33.17549, -117.14164], [33.1625, -117.15085], [33.15511, -117.13835], [33.15759, -117.12792], [33.14596, -117.10783], [33.13648, -117.09914], [33.1297, -117.10134], [33.12163, -117.10602], [33.13714, -117.14079], [33.12316, -117.16508], [33.12314, -117.19182], [33.15051, -117.22713], [33.16784, -117.22295], [33.16498, -117.20372], [33.13913, -117.17645], [33.15371, -117.16272], [33.17293, -117.16099], [33.18497, -117.1557], [33.18708, -117.15041], [33.1814, -117.14617]]]}}, {"type": "Feature", "geometry": {"type": "Point", "coordinates": [-117.07394, 33.05546]}, "properties": {"id": "rancho-san-bernardo-snook", "register_no": "341 SD", "name": "San Bernardo (Snook) — Jose Francisco Snook", "date": {"iso": "1842", "display": "1842", "confidence": "year"}, "coord_precision": "exact", "type": "rancho", "layer": "alvarado", "summary": "Granted 1842 by Juan Alvarado to Jose Francisco Snook. Present-day San Diego County. Surveyed boundary from the U.S. General Land Office rancho surveys (ECAI/UCSD digitization).", "sources": [{"citation": "Boundary: ECAI/UCSD Spanish & Mexican Land Grants shapefile (GLO survey), reprojected from CA Albers (EPSG:3310)", "url": null}, {"citation": "Grant metadata: Wikipedia, List of ranchos of California", "url": null}], "notes": null, "tags": ["San Diego"], "polygon": [[[33.09309, -117.10077], [33.10153, -117.09878], [33.08713, -117.02325], [33.05434, -117.03356], [33.02244, -117.05141], [32.99318, -117.0592], [32.99892, -117.12376], [33.09309, -117.10077]]]}}, {"type": "Feature", "geometry": {"type": "Point", "coordinates": [-117.23037, 33.06499]}, "properties": {"id": "rancho-encinitos", "register_no": null, "name": "Los Encinitos", "date": {"iso": null, "display": "date to confirm", "confidence": "unknown"}, "coord_precision": "exact", "type": "rancho", "layer": "unattributed", "summary": "Surveyed boundary from the U.S. General Land Office rancho surveys (ECAI/UCSD digitization).", "sources": [{"citation": "Boundary: ECAI/UCSD Spanish & Mexican Land Grants shapefile (GLO survey), reprojected from CA Albers (EPSG:3310)", "url": null}], "notes": null, "tags": [], "polygon": [[[33.08044, -117.22436], [33.08235, -117.21545], [33.04904, -117.21453], [33.02523, -117.24125], [33.07246, -117.26226], [33.08044, -117.22436]]]}}, {"type": "Feature", "geometry": {"type": "Point", "coordinates": [-117.21035, 33.02027]}, "properties": {"id": "rancho-san-dieguito", "register_no": "92 SD", "name": "San Dieguito — Juan María Osuna", "date": {"iso": "1845", "display": "1845", "confidence": "year"}, "coord_precision": "exact", "type": "rancho", "layer": "pico", "summary": "Granted 1845 by Pío Pico to Juan María Osuna. Present-day San Diego County. Surveyed boundary from the U.S. General Land Office rancho surveys (ECAI/UCSD digitization).", "sources": [{"citation": "Boundary: ECAI/UCSD Spanish & Mexican Land Grants shapefile (GLO survey), reprojected from CA Albers (EPSG:3310)", "url": null}, {"citation": "Grant metadata: Wikipedia, List of ranchos of California", "url": null}], "notes": null, "tags": ["San Diego"], "polygon": [[[33.0452, -117.20388], [33.04199, -117.19578], [33.04207, -117.1791], [32.99989, -117.17444], [32.97651, -117.20445], [32.9811, -117.21838], [33.0064, -117.2376], [33.0103, -117.24054], [33.02523, -117.24125], [33.04904, -117.21453], [33.0452, -117.20388]]]}}, {"type": "Feature", "geometry": {"type": "Point", "coordinates": [-117.13048, 32.95255]}, "properties": {"id": "rancho-penasquitos", "register_no": "142 SD", "name": "Los Penasquitos — Francisco María Ruiz", "date": {"iso": "1823", "display": "1823", "confidence": "year"}, "coord_precision": "exact", "type": "rancho", "layer": "echeandia", "summary": "Granted 1823 by Luís Antonio Argüello to Francisco María Ruiz. Present-day San Diego County. Surveyed boundary from the U.S. General Land Office rancho surveys (ECAI/UCSD digitization).", "sources": [{"citation": "Boundary: ECAI/UCSD Spanish & Mexican Land Grants shapefile (GLO survey), reprojected from CA Albers (EPSG:3310)", "url": null}, {"citation": "Grant metadata: Wikipedia, List of ranchos of California", "url": null}], "notes": null, "tags": ["San Diego"], "polygon": [[[32.9917, -117.06553], [32.96311, -117.06604], [32.96299, -117.08331], [32.93396, -117.11808], [32.93265, -117.15151], [32.90402, -117.20284], [32.90403, -117.21158], [32.91855, -117.21163], [32.9185, -117.20325], [32.94693, -117.15214], [32.94781, -117.13476], [32.96589, -117.1345], [32.96581, -117.11728], [32.97683, -117.11727], [32.97713, -117.09145], [32.99176, -117.0915], [32.9917, -117.06553]]]}}, {"type": "Feature", "geometry": {"type": "Point", "coordinates": [-117.20123, 32.72836]}, "properties": {"id": "rancho-pueblo-lands-san-diego", "register_no": "347 SD", "name": "Pueblo Lands Of San Diego — Santiago Argüello", "date": {"iso": "1846", "display": "1846", "confidence": "year"}, "coord_precision": "exact", "type": "rancho", "layer": "pico", "summary": "Granted 1846 by Pio Pico to Santiago Argüello. Present-day San Diego County. Surveyed boundary from the U.S. General Land Office rancho surveys (ECAI/UCSD digitization).", "sources": [{"citation": "Boundary: ECAI/UCSD Spanish & Mexican Land Grants shapefile (GLO survey), reprojected from CA Albers (EPSG:3310)", "url": null}, {"citation": "Grant metadata: Wikipedia, List of ranchos of California", "url": null}], "notes": null, "tags": ["San Diego"], "polygon": [[[32.93298, -117.25507], [32.8953, -117.2069], [32.7689, -117.12999], [32.68343, -117.1005], [32.67793, -117.12022], [32.6776, -117.12489], [32.67798, -117.12415], [32.67924, -117.12523], [32.67745, -117.12854], [32.67965, -117.12564], [32.68091, -117.12667], [32.67938, -117.13033], [32.68132, -117.12697], [32.68245, -117.12761], [32.6807, -117.13176], [32.68231, -117.12962], [32.68398, -117.13116], [32.68298, -117.13422], [32.68435, -117.13149], [32.6857, -117.13197], [32.68606, -117.1284], [32.68625, -117.13422], [32.68501, -117.13804], [32.68737, -117.1356], [32.68878, -117.14262], [32.68994, -117.14259], [32.68866, -117.14452], [32.69084, -117.14332], [32.68953, -117.145], [32.69084, -117.14425], [32.69086, -117.14606], [32.69228, -117.14666], [32.69105, -117.14807], [32.69228, -117.14723], [32.69253, -117.1491], [32.69412, -117.14953], [32.69284, -117.1511], [32.69428, -117.14999], [32.69531, -117.15129], [32.69471, -117.15392], [32.69928, -117.1602], [32.70053, -117.15706], [32.69998, -117.15909], [32.70074, -117.15785], [32.70076, -117.15985], [32.70191, -117.15944], [32.70665, -117.16611], [32.70636, -117.17066], [32.71062, -117.17258], [32.70966, -117.17481], [32.71101, -117.17486], [32.71124, -117.17283], [32.71225, -117.17283], [32.71222, -117.17557], [32.7133, -117.17568], [32.71378, -117.17275], [32.71456, -117.1757], [32.715, -117.17275], [32.71502, -117.17567], [32.71614, -117.17581], [32.7166, -117.17253], [32.72265, -117.17275], [32.72517, -117.17494], [32.7254, -117.17893], [32.72398, -117.17985], [32.72526, -117.18386], [32.72673, -117.18456], [32.72524, -117.18749], [32.72544, -117.19451], [32.72423, -117.19378], [32.72341, -117.18806], [32.72226, -117.18722], [32.72322, -117.20216], [32.72216, -117.21278], [32.72331, -117.21183], [32.72519, -117.1976], [32.72691, -117.19904], [32.72636, -117.21295], [32.72975, -117.21186], [32.73564, -117.20598], [32.7371, -117.20582], [32.73926, -117.20801], [32.73717, -117.20888], [32.73573, -117.2078], [32.7303, -117.2133], [32.72065, -117.2162], [32.72015, -117.21758], [32.72301, -117.22333], [32.7223, -117.22652], [32.71955, -117.22679], [32.71669, -117.22189], [32.71774, -117.21915], [32.71332, -117.22207], [32.7061, -117.2334], [32.70713, -117.234], [32.70788, -117.23153], [32.71527, -117.22327], [32.7182, -117.22658], [32.71632, -117.22836], [32.71712, -117.23032], [32.71581, -117.23343], [32.7132, -117.23508], [32.71345, -117.23248], [32.70917, -117.23608], [32.70193, -117.23546], [32.69741, -117.23835], [32.6876, -117.23838], [32.68396, -117.23477], [32.68449, -117.23212], [32.67956, -117.23731], [32.67033, -117.23533], [32.66625, -117.23631], [32.66403, -117.23839], [32.66327, -117.24159], [32.6646, -117.24378], [32.67232, -117.24463], [32.67843, -117.24764], [32.68059, -117.24747], [32.68189, -117.24905], [32.68771, -117.24938], [32.69037, -117.25253], [32.69743, -117.25477], [32.71478, -117.25503], [32.72353, -117.25752], [32.72578, -117.25505], [32.73155, -117.25641], [32.73512, -117.25478], [32.74337, -117.25472], [32.74612, -117.25244], [32.75082, -117.25165], [32.75726, -117.25316], [32.77193, -117.25231], [32.78547, -117.25369], [32.79434, -117.25609], [32.80211, -117.25997], [32.80568, -117.26344], [32.8066, -117.26721], [32.81245, -117.27223], [32.81641, -117.27296], [32.82026, -117.27971], [32.82459, -117.27879], [32.83112, -117.28107], [32.83896, -117.28085], [32.84278, -117.27797], [32.84594, -117.2777], [32.84956, -117.27267], [32.84693, -117.26638], [32.84752, -117.2629], [32.85721, -117.25532], [32.8713, -117.25059], [32.90121, -117.25361], [32.91232, -117.25773], [32.93834, -117.26184], [32.93298, -117.25507]]]}}, {"type": "Feature", "geometry": {"type": "Point", "coordinates": [-117.05371, 32.79172]}, "properties": {"id": "rancho-san-diego", "register_no": "347 SD", "name": "Mission San Diego — Santiago Argüello", "date": {"iso": "1846", "display": "1846", "confidence": "year"}, "coord_precision": "exact", "type": "rancho", "layer": "pico", "summary": "Granted 1846 by Pio Pico to Santiago Argüello. Present-day San Diego County. Surveyed boundary from the U.S. General Land Office rancho surveys (ECAI/UCSD digitization).", "sources": [{"citation": "Boundary: ECAI/UCSD Spanish & Mexican Land Grants shapefile (GLO survey), reprojected from CA Albers (EPSG:3310)", "url": null}, {"citation": "Grant metadata: Wikipedia, List of ranchos of California", "url": null}], "notes": null, "tags": ["San Diego"], "polygon": [[[32.87263, -117.021], [32.85411, -117.04667], [32.83665, -117.04373], [32.81129, -117.00521], [32.71313, -117.00472], [32.71331, -117.01292], [32.70846, -117.011], [32.68343, -117.1005], [32.7689, -117.12999], [32.87434, -117.19404], [32.87263, -117.021]]]}}, {"type": "Feature", "geometry": {"type": "Point", "coordinates": [-120.15111, 34.73852]}, "properties": {"id": "rancho-laguna-gutierrez", "register_no": "21 SD", "name": "La Laguna (Gutierrez) — Octaviano Gutierrez", "date": {"iso": "1845", "display": "1845", "confidence": "year"}, "coord_precision": "exact", "type": "rancho", "layer": "pico", "summary": "Granted 1845 by Pio Pico to Octaviano Gutierrez. Present-day Santa Barbara County. Surveyed boundary from the U.S. General Land Office rancho surveys (ECAI/UCSD digitization).", "sources": [{"citation": "Boundary: ECAI/UCSD Spanish & Mexican Land Grants shapefile (GLO survey), reprojected from CA Albers (EPSG:3310)", "url": null}, {"citation": "Grant metadata: Wikipedia, List of ranchos of California", "url": null}], "notes": null, "tags": ["Santa Barbara"], "polygon": [[[34.7931, -120.25541], [34.80001, -120.25318], [34.77182, -120.16957], [34.80575, -120.15128], [34.77027, -120.06469], [34.7191, -119.99979], [34.71852, -119.98263], [34.67669, -119.9822], [34.67782, -120.09038], [34.73261, -120.0902], [34.73257, -120.09989], [34.77308, -120.09945], [34.77279, -120.14322], [34.73256, -120.14299], [34.73229, -120.18882], [34.68336, -120.18873], [34.6884, -120.22924], [34.68961, -120.26277], [34.70161, -120.26311], [34.74377, -120.26039], [34.7931, -120.25541]]]}}, {"type": "Feature", "geometry": {"type": "Point", "coordinates": [-122.26811, 38.11576]}, "properties": {"id": "rancho-suscol-vallejo", "register_no": null, "name": "Suscol / Soscol (Mariano G. Vallejo)", "date": {"iso": "1843", "display": "1843", "confidence": "year"}, "coord_precision": "place", "type": "rancho", "layer": "micheltorena", "summary": "Mariano G. Vallejo's ~84,000-acre Suscol grant (1843, Micheltorena), covering the sites of Vallejo and Benicia along the Carquinez Strait. The U.S. rejected the claim in 1862 (US v. Vallejo), so it was never surveyed and has no GLO plat; the boundary here is reconstructed from its confirmed neighbors (Petaluma, the Napa-valley grants, Suisun) and the actual bay shoreline.", "sources": [{"citation": "Diseño: “Map of Suscol” (Bancroft Land Case Maps)", "url": "../gallery/disenos.html#map-of-suscol-a-rancho-claim-in-solano-county-calif--rec78684"}, {"citation": "U.S. land-claim case no. 318 (Vallejo, claimant), Northern District of California", "url": "https://calisphere.org/item/6981d0ab96ddbff89e7d639138102a9f/"}], "tags": ["Solano", "Napa", "contested"], "notes": "Boundary reconstructed (rejected claim, never surveyed); approximate.", "polygon": [[[38.13404, -122.41961], [38.13433, -122.41881], [38.1373, -122.42], [38.17587, -122.42], [38.17878, -122.41839], [38.18233, -122.42], [38.22, -122.42], [38.22449, -122.34626], [38.22068, -122.32985], [38.22592, -122.30486], [38.22592, -122.28939], [38.22806, -122.28368], [38.22568, -122.27797], [38.22989, -122.27488], [38.235, -122.2], [38.2, -122.09], [38.1024, -122.07373], [38.08682, -122.092], [38.08438, -122.096], [38.07323, -122.108], [38.07192, -122.116], [38.06132, -122.12], [38.04471, -122.132], [38.04328, -122.136], [38.04236, -122.144], [38.04295, -122.148], [38.04637, -122.156], [38.05465, -122.164], [38.0578, -122.172], [38.06222, -122.176], [38.07074, -122.188], [38.07013, -122.192], [38.06084, -122.196], [38.06758, -122.204], [38.06779, -122.208], [38.06609, -122.212], [38.06506, -122.224], [38.0662, -122.228], [38.06899, -122.232], [38.07205, -122.236], [38.07822, -122.24], [38.07974, -122.244], [38.07887, -122.248], [38.07428, -122.252], [38.07304, -122.256], [38.06866, -122.26], [38.06687, -122.272], [38.07997, -122.28], [38.09543, -122.292], [38.10249, -122.3], [38.11056, -122.312], [38.11945, -122.328], [38.12991, -122.356], [38.13493, -122.364], [38.13679, -122.372], [38.1392, -122.376], [38.14298, -122.392], [38.14533, -122.396], [38.15278, -122.404], [38.15183, -122.408], [38.13814, -122.412], [38.13141, -122.42], [38.13404, -122.41961]]]}}, {"type": "Feature", "geometry": {"type": "Point", "coordinates": [-122.26908, 38.08029]}, "properties": {"id": "grant-mare-island-castro", "register_no": null, "name": "Mare Island / Isla de la Yegua (Victor Castro)", "date": {"iso": "1841", "display": "1840–1841", "confidence": "year"}, "coord_precision": "place", "type": "rancho", "layer": "alvarado", "summary": "The island of Mare Island (Isla de la Yegua), about 900 acres, granted to Victor Castro — provisionally by the secretary Jimeno in 1840 and in fee by Governor Alvarado in 1841. Castro sold it to John B. Frisbie and B. R. Simmons; the U.S. Navy bought the island in 1853 for its Pacific shipyard. The grant overlapped Vallejo's Suscol claim and its title was likewise contested.", "sources": [{"citation": "U.S. land-claim case no. 311 (Mare Island; Bissell, claimant), Northern District of California", "url": "https://calisphere.org/item/9fe43b8253607e5dd61a17d1da8befa9/"}], "tags": ["Solano", "Mare Island", "contested"], "polygon": [[[38.08333, -122.2835], [38.106, -122.277], [38.108, -122.266], [38.103, -122.2585], [38.094, -122.256], [38.08232, -122.28289], [38.07903, -122.28063], [38.07473, -122.27815], [38.082, -122.2555], [38.0725, -122.25299], [38.07, -122.2545], [38.06866, -122.25853], [38.058, -122.253], [38.0575, -122.2545], [38.06858, -122.25929], [38.06622, -122.27596], [38.07557, -122.2787], [38.08197, -122.28269], [38.09104, -122.28983], [38.08333, -122.2835]]], "notes": "Boundary is Mare Island's own shoreline (OpenStreetMap); the grant was the whole island. Vallejo's Suscol claim overlapped it; the U.S. Navy took the island in 1853 for its Pacific shipyard."}}]}